Sequence,Label
UCUUGGGACUGACCAGGAGCUGCUCAUGUGCGUGAGAGUGG,1
GGAUGUGCUGACCCCUGCGAUUUCCCCAAGUGUGGGAAACU,1
GUCAGUGGACCUGGACAGCCUGGCCGUGCUGGUGAGGGGUG,1
UGAGCCAGACUGGGUCUCUCUUUAAGCCCCGGAAAGCCUAU,1
GAACUCCAAGGAGGCCGCACUGAGCACUGCUCUCAGUGAGA,1
CGGCUAGGUAUUCCUUGUGAUGGGGGUACAUCGUGAGCAAU,1
CUGAUUCAAGCCAGGCGAACUCCAAAGAGACUCAUCCCGAC,1
UCCCUAGGUGACUGUGGCCUUCCCCCAGAUGUACCUAAUGC,1
CCAGAAGGAAAAACGCGGCGUGCCGUGAAAGGAAAGAGGCC,1
AGUUGUCAGAACUAGACAAGUUACUCUCUUCAUUUAAAAGU,1
UUCGCGAACCUAAAGUUACUUUAGCGACGAGGAAGUAGUGU,1
GACAAUUGUUCCUCAAUAGUUGAGCGGAGAUCCAUGCGCGC,1
AGGUGUGACUGUCACAACUGUUAUGUUUUCCAGUAAACUAG,1
GAAGGCUGGAACUCAGGUCUUCAGGGAGAGAAAGGAAGACU,1
GCCGGAGACGUCGAUAGCAGUGAUGUCGAACAACAAGUUCA,1
CCUGAGCCGACGAUCUUGUUUCUUGUUUCGGGUUAUGCUGG,1
GCGCACGACUUCAAAGUGUUUCUGUGAGGGGUGAGUAACUG,1
CCCUUUGCCUGCAGAACGACUCCUGGUCCCCAAGUGUGUGA,1
UGUCUGUAAGUAGAAGCUAAUAAGUCGAAUAAUGCACGCAU,1
CUGAUUUUCCUGUUCUCUGUUCUCCACUGGAAAGGUUGUUU,1
CCCCUCAGAGGAAACUCUGGUUGCCAGCACCAGUAAGAACC,1
GUGGUGUGGAGGGCUCUGACUACAUCAAUGCCAGCUUCCUG,1
AAACGAGGAACUACAUGAAAUCCGCGGCUCAAGAUGAUCCA,1
AAGCUACAACUAGUAGGAAAUAUAAGAGGGCUACAUGCAAG,1
CCAAGAGCUCUGAUUCUGAUUCUGACUCAAGCUCCGAGGAU,1
AAUGCGUCUCUGGCACGUCUUGACCUUGAACGCAAAGUGGA,1
CAUUGACCAUUAUGUCCCACUAUCUUGCUUAGUUACAAGCA,1
GAGGCAGAAGCUCUGGCCCCUGUGGCAAUGGAGGCCUAUAC,1
UGAUUGUAGAAAUCCCAGACUGGAUUUGGAGGAUUCUUAUA,1
CUUUUAAGCAUGUGUUUACGUAACCCCAAUGGCAUGCUUCU,1
CAACACGUGAUUGUUGUACGUACACAUUGUGCUCUGGAGUG,1
GCCGUUGCAAUCGAAGGAAGUAACAAAAGGAGGAAGGCUUU,1
CGGGACGUGGAACUCCUGAUUUACUACAAUGAGGUGCAUAC,1
GCAAGAAAUGGGGUACAUUUUCUAUACCAGUGCCUUAAGUA,1
CUCUUUGGAUUCCGGAUCUCUUCAUGAAACGAGUGGAGACU,1
GUAUUAACAGUCGUAUGAAAUAGGCGUCUAAGUUUGGCCCA,1
CCCUAUGGAUUUCGGACCGUUUCACGCAACCGCAAGUGCUU,1
GGGCAAGACGUACAAUUCGGUCAUGCACCCUCUAAUCGGCU,1
CUGCAGGUUCGGCUCCUGGCUGAUCCCACUGGGGCCUUUGG,1
CUGUUGUGAAAUUGAAACUGUAAAAGUAGAUGGUUGAAAGU,1
UGGUAGUGUGUGGUUCUCUUUUGGAAUUUUUUUCAGGUGAU,1
UGAGUGAUAAAGGCUGAGUGUUGAGGAAAUUUCUGCAGUUU,1
UGGGAGGGGACUGAAGCCUUUAGUCUUUUCCAGAUGCAACC,1
AGAAGCUGUCCGGGACAGACUCGGAGCAGGAGGUGAGUGAG,1
UGGCAGAUCAGGGCCAGAGCUGGAAGGAGGAGGUGGUGACC,1
CGUCACCCAGACGGACAUCGUGAAAGCCAUCGCCCGCCUCA,1
UGAAAAGCCCUGAUGAAGGCUUUGAAGGCAAAUCUCUUUAU,1
GCACCAGGAGCUGAUGAACGUCAAGCUGGCCCUGGACAUCA,1
CCAGUCAACUUCUGAAUUGAUUGGCCAGUUUGGUGUCGGUU,1
CGAGUAACUGCCGAAGGUAUUUGAGAAAAAAACUUGGGAGA,1
CGUCGUGACUGUCAGCGACGUCCAGGAGCUGAUGCGGCGCA,1
CCGAGUCCUCGCAGGAUUUUUGUUGUGAUCUCAGGACUCUG,1
UAGGUUGCUCAGACAACUGCUCUCCCGGAUGAGGAUGAUGA,1
CGGCCGCGAACGAUGAUUGUUGCGGCUUGCACGAUAUCGUA,1
UGGAGCACUCUGAUUGUGCCUUCAUGGUAGACAAUGAGGCC,1
GUUGUGGCUCUGAGCUGCUCUACAGAGCUUCAGUGUGAGAG,1
CUGAGGAAAAGCUGGGAACCUUCUCAUUUUGCCUUAUGAAA,1
AAAGAUGGACUGGAGCUUUUUCUUUGUGAAUAGAAACUGGA,1
GAUAACCUAUUACCGUUGUCUUUAAUGUCUCUUGCUAGGUG,1
GGUCCUGUCUGAACAACAAGUACUCGGAGGGUUAUCCUGGC,1
UGGGUGUGAACCAUGAGAAGUAUGACAACAGCCUCAAGAUC,1
GCAGCUGUAGAUUCUCACUGUGAAUCCCUUGCUUGCUCAUG,1
GAGUACUGUGGAUGUGAAUGUGGGAAGUAAUUUUAAUCAUA,1
GUGUGGAGAAUGACUCUGACUCAUCUUCUGGCCUGUCCCAG,1
CCGACUGCGUUUUUAAUACCUCCAGGUAUCUCAUAGCAAAC,1
GACCCGGACCCUCUGGACAGUGCUAGAUGCCAUUGAUCAGA,1
GUCUGGACAUCUGGGUGAAGUUUUAAUAAGGUAACAAACAG,1
AAGAGGAGGAUGUGAAACUCUUAAGUAUAUCUGGAAAGCAG,1
AGCUGAAGAAAAAGCGCCAGUGAAGAAAUCUAUACGAGAUA,1
UGGUGCGGCUAUGGAGACUGUCUGGAAGGCUUGGAAUGGUU,1
CCAUGUUGGUUAGGCUGGUGUUGAACUCCUGACCUCGUGAU,1
UACUGUUGGCUCUACUGUGGUUAAGUCCCGCUAAAGCUCGU,1
UCGGUGUUCACACUGAACUGUGGGGUCGACGGGAGGGGUGC,1
GCCUGAAUAACGUUUGUAGGUUAGGAUUAGACCGCGGCGAU,1
GUAGAGUCUGUAAAACUCACUGAGGUACCAGUAGAGCCAGU,1
ACUGGUUGAACCUGACCACUUCAAGGUUGCAGUGAAUGAUG,1
UCUGAUCAUCUGACCAAAACUCAUCAUGAUAGUAAGUACAA,1
GCUGUGACAGGAACUCACACUCUGGCACUGGCAGCAAAACA,1
UGAAGAAGGCCUCCGGGUUGUCAUACACACCUCCAACCUCA,1
UGGUGACCGUUGACGGAAUCUUGGAAGUAGGCCAACAGUCG,1
CUGACCGAAGAACUCGGCUGUGAUGAGAUUAUUGAUAGAGA,1
UUACUAGACUCUACCGAUACUCGCGAUAGCAGUAGAGUUUG,1
UGGACGUGAUUUUUGGUUUAUUUAGCUAGCUUUAUUUCGGC,1
AUUGGUUUGGCAAGAACUUGUUUACAACAUUUUUGCAAAUC,1
CGGGUCGUGCUUUUAUGAGGUUUUUUAAUAGUAGAUUAUAA,1
ACCUGUCUUUCUCUUCUAGGUCUAUAAGAAGGAGAAAGCUC,1
CACUGAGGAAGAGAAGAAUUUCAAAGCCUUCGCUAGUCUCC,1
GUGUUGGUAAUGAAAAACCUUACUCAGAGAUGCGCAGGAGA,1
CAUCUGACCCCUGUGACUCUUGAACUGGGAGGGAAAAGUCC,1
UGUGUGGAACUUCAUGAGAUUCUUAUGACGUCAGAAGAGAU,1
GCAAUGCAGAGACUCUGUACUGAGGCCAGGGCCAGGGCCAG,1
UUUUAUAAAAUUCACAGGUUUGGCUGAAUACUGAAAAGCUU,1
GCUCAAGCCCAAUCUGGGACUGGGAAAACGGCCACAUUUGC,1
AUUCGGAUAUCAUCCGACUGUUGCAGACGGAGGCCGAUUUG,1
CGUGACUGCAUCUGGAGGCUUGCGUGGGGCCCCGCGUCGAA,1
UGCUCGGAUUCUCGUAGCUGUGCCGGGUGAGUGGCGCUCGC,1
AUGUUCGAUCUGGUACUCUGUCUAUUUCUGUUGAAACCGAC,1
GUGCCUGGCGUCGGGCAUCGUGAUGCCAGGUUGGGGCCUUG,1
AGGAGUCGGACUCCGUGCAGUGCAUGCCCGUGGCCAAGCGG,1
UCACUUGAGCCCAGGAGUUCUGGAUCCUGUCUCUGCACAAA,1
CUGUGGUCGCCUGUGACUGCUGGAGAUAGAGGUCCCAGCAC,1
AGUGCAUCUCCCCCUAGAGUUGCCUGCCCAUGCCCACCUGC,1
UGGAUGCGACUAUUAUAUAGUAAGGGAGGCUGCAAUGCGAG,1
GAACAAGUCUAGGACAGAAGUUAAGAUCUGAUUAUUUACUU,1
UUGUAGGCUCAGCCUCUGAUUUUUUUUUUCCUGUGAUGGUG,1
GGUGACUGUGCGGCUGAAUGUCCAUAAAGUGACUGUUCUCA,1
CCGGAGGACGUGGACUUUUGUGAGACAAGAGGCGGCUCCCC,1
CCUUUUAAAGCGGCGUUGGAUCCCGGCAACAAAGCUCAGUU,1
UCAGCCGCUGUGCGUAUAUGUAAGGGGGCUGUCAAUUUUCC,1
UCGUCAGAGCUCUGGCAGCCUUCCUCAAAAAGUGAGUUUGG,1
CUCUGUGACUUCCUGGAGACUCACUUCCUAGAUGAGGAAGU,1
CGGGAUCGUGACCGUGACCGUGACCGCGAGCACAAACGGGG,1
CAGGAGAUCGUGGACUUCGCUAAGCAAGUGCCUGGUUUCCU,1
ACAUUGGAGAAGAACCAAGCUGGGUCUAUAAGGAAUUGCAU,1
GCCGAGAUCGGCGCCGUGACUCUGGUCAGCGCCCCGCGUCC,1
CUUCCGCUACAACGGACUGAUUCACCGCAAGACUGUGGGCG,1
GCAUGUCGGACUUCGACGAGUUCGAGCGGCAGCUCAACGAG,1
UGUGAAGUCGUCAGAACACAUCAACGAGGGGGAGACGGCCA,1
UGCCACUAGGUGGAGCGAUUUAGCCAAGAAGUUCAGAUUAC,1
UUGCUCCAGCUUCCACCGGUUGCUAAACAAGCAAAGCAAGG,1
GUCAGGCUGGAGAAUUUGAUUACUCAGGAUCUCAAGCUGUA,1
CAAAGUCUGUGGACUACCCCUGCUUGUUGAGGCCUUCCUAU,1
UUUACGAUUUACCGUUUCCCUCUUUCUUUUCGUGGAUAAGC,1
UUAUCAGAACCCCUGAACAGUGCCCAAGUGUUGUCUCUUUG,1
CAGAGUCCCUGAACUCUCGCUUUCUUUUUAAUCCCCUGCAU,1
UCAGGUUGUUCUCUGAUUCUUCCUCCCAACCCCAGAGACUG,1
GCUGCGGAACGCGCAGGAGCUGCUCGGGCCUCGUCCGGGAC,1
CCGGCCUGAGAACGCCCGAGUGAGGAGUUGGCCGUAGUGAG,1
UGAAUCGUCAUGAUUUAGAUUUGAUUUGUCGAGCUCAUCAG,1
UCAAAGUACUGAGAGGUUGAUGGGACUGUUCGAUUAGCUCC,1
UAAGUUGUUGUUUAAGUGGUUAGACAGAAACUGCGACAAGC,1
UUUGAUGAACUGGUCGAAGAUGCUGAAGAAACUGACUAGGU,1
AGGCUGCGUGCCUGAUCGUGUCUGUAGAUGAAACCAUCAAG,1
UUGUUUAGAGCUGUAUAUGGUAGAAUUAGUGCUAGGGCUAC,1
GCUGGAUGUGGAACACAACCUGUUCAAGCAACGACUAGAUA,1
CACGACUAGUUAAACCUUGUUCCUGCUACCCUCAGCCACUC,1
AGUCCGGAAGUCUCUGGCUCUUGACAUUGUGGAUGAGGAUG,1
UCUUUCUGUGGGUGUGAAUGUCAUUAGGUCUUGCGCUGACC,1
UUGCUUUAAUACUGACAGGCUCUGCAAUGCCAGAGGGAGGC,1
GCUGGAAGUCGUUUGGCUUGUGGUGUAAUUGGGAUCGCCCA,1
UUUCUCGUGAUCAAUAUCGCUUCUUUUAACCCAGAAGCUUG,1
CCUUGUGCCUUGCAGGUGACUCUCCUGGCAAUGAAACCUGG,1
UCUACGUGGACUGUGAGGAGUUCCAGAGAAUGCCGCUUGCU,1
UUGAGUAGGGACUGGAAACUUUAGGAAGAAAGAUAAUUGAG,1
AAGUGGAGAAGGGUUCCAUGUGAACAGCAGUUGAACAUGGG,1
CGACGUCGCUUUUUGAUCCUUCGAUGUCGGCUCUUCCUAUC,1
GAAGUUUCCCUCAGGAUAGCUGGCGCUCUCGCAGACCCGAC,1
CAGCACGAGGACUGCUGUACUGCAAAAAAAGAAGACCAAAA,1
GUGCGCAUCGUCGAUGAGUGUUUUGCUUGAGCUGUCAUAGU,1
UGGGUGCCAUCAGAGUAGAAUAGGGGGGAACCGUUGUCAUU,1
GCAGUCUGAUGUCAUGCGCUUUCUUCUGAGGGUCCGCUGCU,1
UCCAGAAGGAGCUGUAUGACUUUGCUAAGGAAAAUAUAAUG,1
GCUGCGGAUGAACCUGUGACUGUUUUGACGGUGAUUUUGGA,1
GCUGUGCAGAAAAGUCUGACUACAUCCGGAAGAUAAAUGAA,1
AACAGUUCGGGUGGACUGUCUAUAUAGUUAUGGCCGGAUUU,1
AUGAGAUCGAGAAGAUUUUGUGCCACAAGUUCAUGCGCUUC,1
GUUUAAAACCUAAUUUUCUUUGGAUUUGAAAUUAGCUGGCU,1
AAAAUUUUGCUUUGCUGGACUUCUUAUAGGCCAGACUGAAG,1
AUUGUAUGCGUGUAAAAGGAUACUACGCAAGGUAUCCGAAU,1
UCAUUGCGAUUUUGUGAAACUUCGAGAGAUGCUGAUCCGCG,1
UUGGAUGAAUCCAUAAAACAUGCUGCAAUAAGCGUUGAGGU,1
ACCGAAAACGCCUGAUGUGGUGAGCAGAGUCGGAGAAGCUA,1
CUGACUUUGAGACAGAAGAUUUUGAUGUCAGAAGCAGGACG,1
AGUUGUGUGGCUCUGAAUGUUUUGUAUUUCAAUCGAGAAUC,1
AUGCAUCAGAUGAUUGGAAAUAGGAAGAUGUCUGCCCCUUU,1
CAAGGAAAGGACUGAACUUUUUCUCAUCAAAACUAGCUUUU,1
UGAGCCGAACCAAUAUUCCCUUUCACCUCCCCUGGUGAUGA,1
GGAUUUCCAAGAUCCGCGUCUGAAAGUGCAGUACAUCGUUU,1
UUUGUUAUUUACAGGUGGAUUUUAUCCAAAGCCAAGAAAGA,1
CUGGAACCUUUCAGAAUGACUCCUUUUAGUGCUAUUGGUUU,1
CUUUUACUCUGUGUAAAGACUUGAGAAGUCUAAUUCACAGG,1
GGUCCAUCGGAGGAUCCGAGUGUGAAUUUCCUGAAGAACGU,1
CCAGAGCUUCCUGUGGAACGUUUUCCAGAGGUGCGGCCUGG,1
GGACUUCUCUGUCCGAUGUCUACAUUCAGGUUCUGACUUCA,1
UGCGGAUAGUCUGACUAGUUUAAGGAGACUGGCCGAAGCUC,1
UGGAUGCUGCUUUGGAUGACUUAAUAGAUACUUUAGGAGGA,1
UUCUCUGGUCCACAAAAUGCUUCAUCUCUUGUAAGUCCAAA,1
UGUUGAGUCUCUGAACAUCCUAAAUAUUGGUUUGUUAUUCU,1
UUCCCUGCUCUGAGGAACAGUGUGAAAAAAAGUCUUUUAGG,1
CUAACCCUCUAGGACUGUUCUAUUAAAUUGCUGCCAGAAUU,1
GACUUAAAGUUCUGUGACUGUGAUGCAUGUGAGUGUUCCGA,1
CUUUAGGUUUGGCACCUGGAUCCUGUCAUUGCAAAACUGGU,1
UUGACGAGUUUGAAUUAGACUCCCAGGAGAUGCUUAGGGCG,1
AAGUAAGUCUGUAGGCCUUGUCUGUUAAUAAAUAGUUUAUA,1
GGUUGGAUGUACUGGAAAAGUCAUAGGAAUUGAUCACAUUA,1
ACAGGCUCUGGAAUGGGCACUCUCCUUAUCAGCAAGAUCCG,1
CAGUUGGUAGAGAAUACUGAUGAGACCUAUUGCAUUGACAA,1
AAAACGGACUCGACGAGUGUUGCCUUCUUAACUCAAUCGAU,1
UCCGUGCUACUGCAAGCCCCUCACCCUCUCUUGGUAGCUUG,1
GGUAACUUAAUUCCUUGUAGUAGAGGUCACACGCCUGGGUU,1
GCGGGAGUGAUUGAGGUACUUACUGCGUAUGCAGUUAGGUU,1
GUGCUUCUGAGGAACAACUCUAAUUAGUACACUUGUGUUUG,1
AUUUUGGAAGAAAAUCUGACUGUGGAUUAUGACAAAGAUUA,1
GUGACAGGCCGCUGCGGCUCUGUGCUGGUGCCCUUCAUCCC,1
ACUUCUGGAAGGAGACUGUAUUCACCAAGUCUCCCUAUCAG,1
UAGGCGGCGGUGGUAGGUGAUAAUUGCAGAGACCUAUACAG,1
UAAGACGAGUUAAAUAUGGUUCUCAUAGUUUCAAAUAGGCG,1
GUGGCGCCGCUAUCAGAACCUCGCGCCCGGCUAUCUUAUGU,1
AUGAAACAUAAAUCUGAAACUGAUACAAGGUAGGUGGUAGA,1
UAGGUUCUUGCUCAGAACUCUGGUUUUGACCUUCAGGAAAC,1
CGCUGGGAAUGAACUCACCGUAGCAGACGUGGUGCUGUGGU,1
CUCAUGAGAGCUUCUCAGACUGGCGAGGUGAACUACUGCUU,1
CGGAUUGUUAAAUUAAAGUCUUCGACAGCAUGAUUGCCAUA,1
GCGCGAGAUUUAUACAGGUAUAGCAGAGGCAGCGAUCUCAG,1
AGCGGAGCUAUCCCUGGAUUUUUCCCCAGUACGUACUAGGU,1
UACUAUUUGUGCUGUGAAAUUCUAUGGGAUUUGACAAAUGC,1
GACCCGCUUCUCUGAAAGGCUCUCCUUGCAGCUGCUUAGAC,1
UGGGCUACGCUCUGGAACUGUGGAUGCAGCUGCAUGAGGCU,1
UUCGGACAAUUCGAAAAACAUGUAGGAGGAGGCGACAGGCC,1
UACAAUAUCGUGUAUUAUCUUGAAAACCACGCACGGCAUUC,1
GCCCGUGGAGCGCGAAGAAGUCUCCCGCAGCACAAGCUCUA,1
GUUAUGUUUUAUUUAUAGGAUGUGGGGAAAAGAGAAUUUGU,1
UUGUUGAAAUUCUCGUGUAAUCAGAACAAUGUCGAAUGUUG,1
AGUGACCAUCUGCUGACUGUUCUUGUGGAUCUUGUGUCCAG,1
AUUUUUCUGACUGUACAGUUUGUCUUGAUAAACGGAAUGCC,1
CGGUAAAUAUUGUCGAUCUAUAAUCAACGUUCAGCCGGCAG,1
CAGAAGCAAGGCUGCGACUGUGAGUGUCUGGGCGGCGGGCG,1
GAAGAGGAAAGGAACUGAUGUUCCCAAGUGGAUCAGCAUCA,1
GCUCCAGGGACAGUGUCUGGUGCUGUUGAAGCCCUUAUUCG,1
GAGCAACCACUGACUGGUCUUAAGCUGUUCUUGCAUAGGCU,1
AUUUUUUAAUUAGAUUCGAAUGAGUUAGCAGGGUUUUCUUU,1
UGGGCUGGAACAACUCCACCUUCGCCUAAGAGCCGCAGGGA,1
UUGAGUGCGUUGAGCCCAACUGCAGAUCUAAGAGAAUGCUG,1
CGGUCCGGAACCGUAACUUCUUUCAAGAAACCGGUUAUGAG,1
GCCCAGCAGGAGACUCUGAGUGACUGGGAGUCUCAGUUCAC,1
UGUUCGUGGACGAGAACACGUUCUCCAGCGACGCCCUGAAG,1
CGAGAUCCUUCGGAAAGACUUCAGUGAGCUGAGGUGUGAGG,1
CCUCUGAAGAAGGAAAGCUCUUCGUGGGAGGGCUCAACUUU,1
GGUUCCUGCCGUCCGGACUCUUUUUCCUCUACUGAGAUUCA,1
UGUGAAGCUGGGAACUGAUCUAGAAUAGUAAGUAAACUUUU,1
UCGCCGUCUGUGAACAAGAUUCCUCAAAAUAUUUUCUGUUA,1
GUGUGCAUCGCACCGUGCUGUAAAUGUGGCAGACGCAGCCU,1
UUGGUAUCUACGGCCUGGACUUCUAUGUGGUAUGAAUAUUU,1
GCUGGGCCUGCAGGUCUCUGUCGAGCAGCGGACGCCGGUCU,1
GCUGCCCUGCGUGACGUACGUCAGCAAUAUGAAAGUGUGGC,1
UAGGUUAUCGCGAUACAGUGUUGUGCUAGGUAAUGGCAUUA,1
CCCCAUCGUGUACUGCAGAGUUGAGCUGGCAGGGGAGGGGC,1
GGGGACUGCAAAGGCCAAUGUUGGUGCUGGCAAAAAGGUAU,1
GAAACAGGCCGAGAAGAACGUGGAGAAGAAAAUUGACAAAU,1
CCCAGGCAGAGUCUCUGCGUUACAAACUCCUAGGAGGGCUU,1
AUUUGAUGGAGCCCUGAAUGUUGACCUGACAGAAUUCCAGA,1
UUGGAUGCAUCUGCUCAGACUACUUCUCAUGAACUCACCAU,1
AUAAUGGUUGGAACUAAACGUCACCAAGGUGGCUUCUCCUU,1
GCGUGAGUCAUACAUAUCAAUGCUUCAUAUCCUACGUUAUC,1
CGUGCUUGAGUCGAUGAUAAUGAGCGUUCUUUCGGGAGGGU,1
GACUGGGAAACCAACAAGCUUCACCUGAAACACCAUAAGUC,1
UGUGUGGCUCUGUAUGACUGUUGCUGAAAUAUAAAGCCCUG,1
CUUCGCCAAGUGGCGUUGUGUGCUGAAGAUUGGGGAACACA,1
UGGCCCGGACCAUCGGCAUUUCUGUGGAUCCGAGGAGGCGG,1
GUGAUGGCAUUACUCUGCACUAUAGCCAUUUGCCCCAACUU,1
UCGACCAGCUGCUGGACAUGUCCUAGUAAGGGCGGCCGCGG,1
CGCCCUGUCAUCAAGUGAGCUCCGGUUAAACGGGCCGUCAU,1
CCAGGUUGAUUCGUUCGGGGUAUAUGCCCUCGCCGGCGAUC,1
CCGCAUCUUCUGGCGGACCGUGCGAGGUGAGCAGAGCGUGG,1
AUUGUCAUCCGCCGAGACUAUCUGCACUACAUCCGCAAGUA,1
UGGAUGUCGGGUUCGACCACUUGGCCGAUGGGAAUGGUCUG,1
GUAUAGGGGCGAAAGACUAAUCGAACCAUCUAGUAGCUGGU,1
GCCGGCGCCUAGCAGCCGACUUAGAACUGGUGCGGACCAGG,1
GGGAGGACAGAAACCUCCCGUGGAGCAGAAGGGCAAAAGCU,1
AGUACGCACGGCCGGUACAGUGAAACUGCGAAUGGCUCAUU,1
AGCUCCCUCGCUGCGAUCUAUUGAAAGUCAGCCCUCGACAC,1
AUUGGUCGCGAUUGUAGAUGUUAUUGAUCAGAACAGGGUAA,1
AGGCUUUGGUCGAUGGACCUUGCACUCAAGUGAGGAGACAG,1
CGAUGGACCUUGCACUCAAGUGAGGAGACAGGCCAUGCCUU,1
UUCCUCUUCCGGGGACGUUGUCUGCAGGUAUGGAUGUUGUU,1
UCGUGCUGUAAGACCUAAAGUUCUUAUGAGAUUGUCCAAAA,1
GAUUCCGUCCUGCGCGGUUGUUCUCUGGAGCAGCGUUCUUU,1
ACCUGGGACCAUGGACUCUGUUCGCUCAGGUCCUUUUGGCC,1
UAGAGGCACCGCCUGCCCAGUGACAUAUGUUUAACGGCCGU,1
GGCGCCCAGUUUCAAUGGUAUGAGUGUAAACGAGCUUCUCC,1
UGCUGAAGAAUGGAGCACCAUCUACCUACGCUGUCCGUAUC,1
UGCCGUCGACGGCGAGCCCUUGGGCCGCGUCUCCUUUGAGG,1
UUCAUCUGCACUGCCAAGACUGAGUGGUAAGGGUACAACAU,1
AGCCGGACAGCGGAGGAGGAUCAAAAAGCUUAACAGGCUUC,1
UGGAAAGAAUUCCCGGGUCAUCUUCACUUUCUCGCCGGACU,1
UCUGUGUUUUGAUUUUCUAGUGCCCAAGGUUGAAGCAAUGA,1
CAGACCCAGGACUCUGCGACUUUACGUAAGUGCUUUGUAGG,1
GUCAAGUACAUCCCCAGUCGUGGCCCUCUGGACAAGUGGCG,1
GCAGUCAGCACUCUGACCACUUACCUGCAGGAGAAGCUCGG,1
AAUGAGUAUAUCUAGUGCCGUGUAACUACAUUGCUAACGCG,1
AUCCGGAGAAAUGAAAAGAUUGCUGUCCACUGCACAGUUCG,1
AGACUGAGCUCCAGGGCGUGUGCGACACCGUGCUGGGCCUG,1
CGUAGGGGAGCAUAGGGCUCUGCCCCAUGAUGUACAAGUCC,1
AAGUUGGUGUAGACCAGCUGUGGAGCUGAAGGCACAGUCUG,1
GUGAAAGACAUGGGCACUGAUGGAAAGGAAGAGCUAAAAGC,1
AGACUGUAAAACUGCAUUUAUAGAUACAGGAGUCUUAUAGA,1
GGAUAAUGAAUUGGAAGAAUUAGAAGAGAGAGCAGAAGCUA,1
CCGGAUCUUGGAACUACUUCUAGAGAGGAAGACAGACAUUA,1
CAAAGAAAACUCUGAGGACAUAUUUUGGAAGAGCUGAUUUC,1
GGGUUCGAGUCCCGGCGGAGUCGUAACGCUUUUUUCCCUCC,1
UGGCACAGGUGUGGACAAUGUGGAUCUGGAGGCCGCAACAA,1
UUAUGGCUAACAAGAAUAAAUACAUGGGAAGAGUGCUCCCC,1
GAGCCUGUGGAUAUGAGUGCUAGACGGAGGUAUGGCUCAGU,1
GAUUUCUACUCUUGGAACGCUAGAGAGGAAGAGACACUUAG,1
UCUGUCUGACUGGAGAACCAUAGAGAGGAGCAGCUCUUGAU,1
GUUGAGCAUCUGUCCCCCUUUAGAUCUCUGAAGCCACAAAU,1
CCGUCAUGCUGCAUACUCUGUAGGUUGGGAGAUGGCACCUG,1
CGGUUAGCGCCUUCGGCUGUUAAACGAAAGGUUGGUGGUUC,1
CAAGUCUCUGAGUUAGUACCUGGAAAGGAGGAGCUCAACAU,1
UGGCCUUAAAGACUGUGAAAUAGAUGCGGAAGAAAAGUAUA,1
CCUGGAGCGGCAGGAACGCCUGGAUCGGGAGAGGCAAGAAA,1
AGUCUGGAUGGUGUAGACGUUCCUCUUGGGACCGGGAUUUC,1
AUAAAGGACACUGAAGAGCUUAGAUCUGAAAAGGGUAUGGG,1
AACUGUGAGACUGAAGAUUAUGGAGAAAAGUUUGAUGAAAA,1
CUGCACUUCAUUGAAUUUCUUCACUUUGGCAUUCAGAGCAC,1
UAGCUGUGGCCACUGUGGAUUUUUCGCAAGAACAUUAAUAA,1
GCUAGAGUACUCGAAGAGAAUCUACUGGUCUUGAUUCACUG,1
GCAGCUGGAGCAGCUUGAGUUAGAACGGAAGCAAGCACUUG,1
GAGGACAGUGGGACCUAGAUUAGACCAUGAACGAGCCAAGG,1
UCUGAGAAUGGCACUGAGUAUAGAACGGAAGUCACGUAUUU,1
UGACAUCCAGACAGGGCGUGUGCUCACCAAGGUGACAGAUG,1
AGCUCAAGGAGAGCUCUUUCUGGAUGAUGGGCACACGUUCA,1
AAUGUGUGACUGAAAGGUAUUUUCUGAGCUGUGAGCCUGCC,1
GGACGAGGAGAUGGCGGCGCUAGGCAAGGAAGAGCUAGUGC,1
CUGACUUGGGGAUGUUCUCUUUGCCCAGGUGGCCUACUCUG,1
AUUGAUCGAUUUAGAGGCAUUUGUCUGAGAAGGGUCCAGAC,1
ACAGAGAAGAGCCCAGAGUAUAGAGCGGAAGCAAGAGAGGU,1
CGCUGAUGAGCUUUGAACUGUAAAUGGGAAGACACAGUCCA,1
UGUCUCACUGGAGACCUCACUAGUCAUAGAGAGCACUGUCA,1
AAGGUAGAUCCCUGAAAUUUUAGAUCGGCCUACAGACAAUU,1
GCUGAGAAUUUCCUGGAGAUUAGAUUGGAAAGUUACUAAUC,1
CAGUAGAAAAGUCUGAGCUAUGGGUGGAGAAGAGCAGCAAC,1
GAAUCGCUGACCGAACAUCCUAGAUCUACAGAGUUGCCUAA,1
CGGCUCUGAACAGGAAGCCCUAGAUCUGGUCCCAUUAGUGA,1
AUGGGGUUUCCCCGCACAGGUUCGAAUCCUGUUCGUGACGG,1
GAAUGAAGCUGUAAACUUACUAGAUCCAGGCAGUUCCUAUC,1
AGCAGAAGACCAGCAUCUCGUAGAAAUGGAAGACACGUUAA,1
GGUCCUCUGCGUCUUCAUCUUGGUCACCACGCCAGAGAGGA,1
UGGCCAUCGGAUUGGGGAUCUAUAUUGGAAGGCGUCUGACA,1
UGGAUCCUAAGAUUUGGGGCUAGAUCGGAAAGUCCUUGAAU,1
GAAUCUGCGACUGCUGGUCCUAGGCCGGAAGCACAUGCUAA,1
UAGAAAGCACAGAAGGAGCGUGGAUCGGAAGAGAAGGGAUA,1
AUGCUCUUCCUUCAGAGGAUUAUCCGGGGCAUCUACUCAAU,1
AUCAGAAGAAAUGGAACAAUUAGGUAGUUUAUAGAUUUUAA,1
GGUGGGAAGAAGUUCAGAGCUACAUCAGGAAGAGAACAGCG,1
GCAGAAGUUGAACAAGAAAUUAGAAGGAGGGCAGCAGGUGA,1
CUCGGCGGCCCGAGUGCUGGUAGACGGAGAAGAGCACGUCG,1
CAAUGGCACGGCAAGGGGAGUUUGUUUUAUUGUACCAAUCC,1
UUUGAACCCUGAACAGAAGAUAGAAAGGGAGAAGGAGAGGC,1
UGACUUCAAGACUGGACAAAUUGAUCGGAGAGAGACGCUGU,1
UGCCUGCUCUGAACGUUUCAUAGAAACGGAAUCACACGCAG,1
UCCCGCAGUAGAAGCUUAGUUAGACGUGGAAGAUCUCACUC,1
GCUCCUGGAGGAAGAAACAGUAGAUCGGGAGCAGCCCCACU,1
UGGAAGAAACGCCUGGAGAAUAUUUGGGAUGAGACACCACU,1
GUUGUAGACAGAGCGAGAAAUAGAUCUGAGAGACAUUUCAG,1
ACCCUGAGAGCUUUGGACACUAGUGAACAGGAGCGCAUGAA,1
CAGGAACGGACUUCUGAAUCUAGACCGGAAGUAGUUAGUAA,1
AAACUGAGGUGUAGAGCAGUUAGAUCGGUGUAGAGAAGCUA,1
AUAGACAGGCUGGAGAGAACUAGAUCAAGCCGGAAGAGCAA,1
GAGCGUGUGCUCCGAGAUCUUCGCAUCUUCCGGAUCUUUGA,1
CCUUUGGGGAACUGGGAUGCUUAUUUCCUCUGCCUUCCUUG,1
GUGUUCAAGUCACGUCGGGGUCAAGGUUGGGUUUUUUUUUU,1
GACCAAAGCCUGAUCUUUGCUGAUUAGUCAUAAUUAACUGA,1
UGAGGACAUUUUUGACAUCAUAGACCGGGAGGCAGAUGGUA,1
CUGAGGCAAAGGGAAAUGACUAGAAGAGGAUGAGUAAACAA,1
UGGCCUGGGCUCUGAGAACAUGGUGAGUCUAGACUACUACA,1
GCGGGUGAUGCGAACUGGAGUCUGAGCCUGCCCGAGCGGAG,1
AGGUGAAAAAGCUGAACGUGUGCCAGUAAUCUUCAAAAGGC,1
CACUGACUGAUGGAACCCACUAGAGAAGGAAGCACUAUCAU,1
CCAGACACACUGAUUGGAACUGUAUUAUAUUAAAAUACUAA,1
GUUAAGACUGCGCGAGGAGCUAGAGAGAGCGGAGAGCGCUG,1
CCCUGUCUGAAAAUCUGGACUGAGGGAAAUAAUCUAUUCUG,1
CCCGUCACUCGCUAGAGCUCUAGAUCUGGAAGAAGCUCUGC,1
GAGGACUGGCUGGAAUGCAGUGGAUCGGAUAGAUCGGGGAA,1
GGAUGGAAGAAGUCAGCUGGUGGGUCUGGAGGAGCAGGCGG,1
GGACACCUUUGGAUUUACCGUGAAAAUUAAUAAAUUCUGAG,1
UGAAACUGAUGUGAACUCCGUAGAAAAGUGAAGGGCAGCAU,1
ACUGUGGCUCCUGACACGUCUAGAGAGGAAGGGCCCCGGGC,1
GGAGGAGAGGAAACCAAGUCUAGAAAGGAAGAAAGAGCAGA,1
UGUGAUUGCUCUGUCCAAAGUAAACGCCCUGACGCACUGUG,1
CUCCCAGAACUCCGGACGUGUGCGGCGGUAAGCGCCCGGCC,1
GACAUUGCCAAGAGGACGUGUGAGGAGCACCAGCUCUGUGU,1
CACCACUGUGGAAAACCAUAUAGGUCGAAGGCUGGACUUGC,1
AUCUGAAGCCUUGAGAACCUUGGGUCUGGAGAGCCAUGAAG,1
UACUGUAGAUUCCAUGUUCAUAGAUAGGAAGACUCAAUAUU,1
GGACUGUGGUGGACUUUUGAUAGAUCUAGAAGUGGUUUUGG,1
AACAACACACCCGCAUCAACUAGAGCUUUUGCUUUAUUUUG,1
GAUCAGUGUAGAACUGGUCAUAGAGGAAGAGCUAGAAAUCC,1
CACAAGAAUGCUGACUAAAAUAAUUCGGGAUAAGGUAUAAU,1
CAGGACACAAGGACAUCCUAUAGAAUUGGAGACACCUGGAG,1
GAUGAGGAACAAAUGAAAUAUAAAUCGGAGGGGAAGUGCUU,1
CCUGGAGAAAGCGUUGGAACUCACUGGUUUGAAAGUCUUUG,1
GAACUCCUGACGCUAAAUGUUAGAUAAAGACGCACGUCCUU,1
UCAUGAUUGAAAGCAUGAUUUAGAUCGGAUACGGCUUUUGC,1
AUGGAGGCAAAAAAACUGAUUUAAUGAGCCUGAUCCAAUAA,1
UGCCCUGCAGUCUGCAGUGUUCUACUGUGAACUGCUUGUGU,1
ACCGGAUCGGUCGGAAAUGGUGAGCGUGCGCCGGGGUCUUG,1
GCCUGUGCCUAGGUCAUUGAUAGUGCAGGGAGAGGAACGCU,1
CCGGAAGCAGUUUUACUCAGUGGAUCGGAAUCGUGAGGAUC,1
AUCUCUACACUAUUGGCCAGUUUUGUCUGAUGCAUUGGCCC,1
AACUGUGGAAAGUGACAGUUUUGAUUGCAGGGCACACGUUU,1
CAUGGUUAAGACUGAGGCUCUAGAGAGGAAGGACACCGGCA,1
UCAGAGGUCUCCAGAAACAAUAGCUGCCGAAGAGGACACAG,1
UGGAUCGGGCUGCAGAGGGUUAGAAGCGAGGGCACCAGCAG,1
GUGUGAUGAACGUGCCUGACUUUGACUUCCCUCCCGUAAGC,1
GAACAAAGGGGCCUCUGAACUAGUGGCAGAAUUGAGCACAC,1
GCUGAAGAAUUGAUGAAUUUUAGUAAGGGAGAAGAAAACCU,1
GAUUUGGAGAUUUGAGCAGUUAGAAUGGAGGAGCAUUUUAU,1
AGUGUGCGACUCGUCUCUGUUAGGUGGUAGGAGCCAGUUUG,1
ACGUGGAGGACCUGGAAAAAUGGAUAAGUAAGUGCUGGUGA,1
AUCGGACAGUGUAGAACCAUUCUCUACUGCCUUCCUUCUGA,1
CCUCAAGGUGACCCGCCUACUUUGCGGGAUGCCUGGGAGUU,1
ACUGUGCUCAAGCUGGCCUCUGAGGAGCCUCCUGAUGAUGA,1
GCCACAGCAGACUGGGAACAUAGCACGGAGGGCAGGCAUGG,1
GACUUAAAGACCCUCUGCAUUAGUCCUCGGGAGCACUGCUG,1
GCCUGUGGAACAUGUCUGACUGGAUUUGGGAUGCACGCUGG,1
CUGACUGCACUCUGCCAGGCUUCCCAAUGCUUUCACUCUUA,1
CCAGGACUGGAGGACACCACUAGUAAGAAGAAGCAGAAGGA,1
UGCCACCCGCAACAGGACGGUGCCCUUCUGCAGCACUUUUG,1
CUAGACUGUAGUUACUCAAGUGGAAGGAAGACACUCAGAAC,1
AGUUGGAGUGCUGGAGACUUUGGAUCGGUUGGUGCCACUGA,1
GGUAAGACUAGUCUGAAUCGUAGAGGAAGAGUAAUGCCUGG,1
CGUCUGCGUCGUGCACUGCAUGGUGAGCUCGAGGGCCGUGG,1
GUAGUAGAACCUGAACAGACUAGGUAAGAAGGGCCAAGAUU,1
UGUAGACUGCACUCUGAAGUUAGAUCCUAUCACAGGGCGAU,1
CGCCUGGAUGCUUCUGAAAAUAGGUUGGGAAAGCCGAAAUA,1
AGAGCUCUGGCCGAGAGGUUUGUUUUCCUUCUGGAAAUAGG,1
GAACCAGUACAUCUGCAGGGUAAGGUGGCAGUGCUCGUGGU,1
GUACAGAGAAACACACAACGUAGAGAGAAGACACAGGAAAC,1
GGAAGAACUAGAAUCUGUGUUAGAGGAAGAGGUUGAUGAUU,1
UCCAGCUGUAGGCUCAGCUCUAGAGAGGAAGACUGAAAACA,1
UGCCGAAGACUGGGCUGACUUAGAUGCAGAUGAACAUGCAC,1
AGUUGGAAGUUAUGACACCAUGGAUCUCUUCAGGCACACUA,1
ACGUGUGGAAAACUAAUGACUGAGCACAAACCUGUUGAAGA,1
CCGGAUGUAGAUGCUUGGGAUAGAUCAGCGUACACAGAAAU,1
UGGACAUAUAGAGGUAGCUCUAGAUGGAGAAGGGCACUAGG,1
UGUCUUCGUGUUCUGAAUGUUAGAUGGAAAAGCAGAGGAGC,1
GGCUAUGGAUUUGGGUCAGAUAGAUUUGGAAGAGGUAAGGU,1
CUUCAUCAACUCCUAGAAUCUAGAAAGGUAAUUAUGGAUGA,1
GAGAAGAUGACUCGUUCCCAUAGAUUUGAAGAUCUGAUUUA,1
GGACUGUAGGGGUUUGAAUGUGGUCAUCCUUAGGUCGCUGG,1
GGGCAAGUAAGGGCUGAACUUUAAAAAUGUAAACUUACAAG,1
CCAAUUUCCUGUAGGACGAGUGCACCGCCUGCUCCGCAAGG,1
UCUUAUCUAUCACCCAUGACUGAUGGCUCUGGGUUCCCUGG,1
AGCUGAUGCAGUCCGAGAGCUAGAUGGAAGGUGAUUUAAUG,1
GGACUUCGAGAGCUCUGGUUUAGAUAGGAGCAAAAAUAACU,1
GGGAUGAAGACGUCUGACACUAUUAUCGUAAGCAGGACAGA,1
AUGGUCACCCCUGAACUACAUAGAGGAAGAACUUCGUCUCA,1
UGUGGUGGAAGACGUGACUCUCUGUGUGAGUCUAGUGCUCU,1
AAGGACUGAUCUGUGUGCUCUUAUCACCAAUCAGUUCAGAC,1
CGGACAGCAUGGAAGAUGUGUGCUCUGGCUCGGAUAAGAGA,1
CUAUCGGAAGAAGGUAGUGCUAGAUGGGGAGGAAGUCCAGA,1
GACAGGGCUGCCUCUGGAGCUAAUCGAUGGGAGCACGCUGA,1
ACAGAAGCUGAAGACAUGAUUAGUGCUGUGAAGAGCAGAAG,1
AGAAGAAGUUAAGAGCUUCAUGGAUCGAAAGAAGGGAUUUA,1
AGCACACAGGGAUUUUUGAAUGGGUCGGAAGUGAGCGAGCU,1
UGGUGUGACUGAAAGGAUACUAGAUCGGAAAAUGAAUUUUC,1
GGACUGCCCUGACCCUUGUAUAGGUUGGUGAGCACACGUCU,1
CCAGCAUCAUAGACGAGCUCUUCCAGGACAGGUUCUUCACC,1
UCAUAGCUACAUAACUCCUUUAGUUGGAAGAUCACGCGUAA,1
AGUGAGCUAGAAUUCAAGUUUAAUCGGAAAGCCUUGGAGAG,1
GAAUGAGUCGGCCUGUGGCCUAGAUGUGGGAGAAUGUGAAA,1
UGAGACUAUGGAUCCUUUUGUAGAUCGGAUUGGGUAAGUCA,1
CUGCCCCGUGAACGUUUGAAUGUUUGAUAGUCUCACACUCC,1
UGGCUCAACUUUCCUCACUAUCUGCUUCAUCCGCCAACUAA,1
AAGCGCUUGGCUGGACGCUCUAGAUGGAAGGCCACGUUCAC,1
AGAUGCCCGCCAACCUGGAAUAGAGAGGUAAACAGCAGGAU,1
CCUGUACCUUCUGCAAGAAGUGCGUGAGGGUCUUGGGGGCU,1
UGACGGCUCUGAAAAAGUGUUAGAUGAGGAAGGCUCUGAGA,1
UGAAGCUGGCUUUCCAAUCUUGGUCUUGUUUUCACCAUCUC,1
GUUCUGAGCGUUGUCUGUGUUUAACCUUGAUUUCAGUCAUG,1
CUUGAGGUGCUUUCCGAAUUUGCACUCUUUUCCCUACAUAU,1
AUUUCCAAAAAUCCAUUUAAUAUAUUGUCCUCGGAUAGAGG,1
AAGCGAUGCCCUUCUUAUCUUUAGCUAGAAUUCUGCAAGCU,1
UCUUCAAAUCUCUUCCAUCUUCGUAGUUCCAAAGUCUUGAU,1
UUCUCUGACUCUUCCGAAGUUUGAUCUGACUGUUCUUGCCU,1
CAUCCCUGCCCUUCCUCACUUUCACUUCAGAGCUCGAGUGU,1
GAGGGGACGAAUCGCGAUCUUUUUCAGAGUAACCCGCGUAC,1
AAUAGGCAAGUAGAGAAAUCUAGAAAGGAAAGGCCACAGGC,1
GGAGCCAUAAACUUGAACAAUAGAUUGGAAUAUCUUAUUUU,1
AUUGUACUAGCUCUUAGAACUGCGUAUGGCUCAUUUCCAAA,1
GGAAGACCCUCAGCAGGAACUGCGAAGGGCUCCAGAGACCC,1
CUGUUUGCUCCUUGAAGAACUGCAAAUGGCUCUCAAUUACU,1
UGUAGUGGUAUCAUGCAAGAUUCCCAUUCUUGCGACCCGGG,1
UUUCUCCUGCCUCGGGGAACUGAGAAUGGCUCCUCUGUCCU,1
GCGAUGGACUAGAAAUCCAUUGGGGUCUCCCCGCGCAGGUU,1
GGCUGUUGGCCACCCAGAACUGCAAAUGGCUCUGUUUGUAU,1
CCCUCUUUCUUCUCCUGAACUGAGAAUGGCUCAAAAGCCUU,1
GAGCUGUUUGAGUGAGGAACUGAGAAUGGCUCCCAUAAUAU,1
CUUCUUUUGUACGCGAGGCAUUGGUGGUUCAGUGGUAGAAU,1
ACCUCAACUCCACAAUCAUGUCCCAUAAUGCAUUCACAAAU,0
AAACCACAAUAAAUACCACUUCACACCCAUUACGGUGGCUA,0
AAACCAAGUCCAAGUAAGGUUUUUCAAAAGCCAAGAAUUAG,0
CUUGUCCUAAAGAUGUUUCUUUUAACUGUCUUUUUUCCUUC,0
UGUCUUUCGUCCUCCUCCCCUACCCCAGACUCCAGUGGGGG,0
CAGAAGUGGCUGCCAGUUGGUUGGGAGGAGUGCGGGAGAGG,0
ACUCUUGAUUACUUUAAUAGUGAAUUUCCUUUCAUUUUGAU,0
GCAUAAAUGUCAAGCGUAAAUUGUUCUUGUCUUAGAAGUCU,0
UAAGGUCACACAGCUCAGAAUGGCAGAGAGAGAUUCGAACC,0
ACAUUUUUUUACGUUGAUACUGGGGUCGUGCAGCACGGUAG,0
UUCAUUUAUUCAGUAAGUUGUUAUUACGUAGAGUGUUGGAU,0
GACACAGACAUGGUAGGGCUUUCAAAAAGCCACUCGAGUAG,0
GGUAUUUUGUUGAAGAUUUUUGCAUCAAUGUUCAUCAGGGA,0
CUACGACAUACCAGGCUCUGUUGUAGGCACUAAAGGUACAG,0
UUUCUUAGUCCCCAUUUUCCUUGAAUUAUUUAAUUUUCAUA,0
AUUUCUUACAUAUAACUGGUUUUUUGCUUACAGCGUCUUUA,0
CCAUAUGAUUUACCUGUUCUUAGCAUGUAUUUGGGUUGUUU,0
UGUGUCACCCAUCCAAGUACUAACCAGGCCUGACCCUGCUU,0
GACACAACUUUCUGCCAACUUCAGCCACUGUCCCUUUUCCU,0
UAUUUGAACACAGAUUUAAUUAGGACUUUACUGAUUCCAAG,0
UGGUAGUGGCAAGAAAGGGCUUCUCUGUCCUGUGUAAUUGG,0
UUGAGAAUCAGCCAGCUCCAUGGUGGAUUGGUUUGAAGUCU,0
UCUCUAACUCUGCUAGACAUUUUUUUCAUUAAAAGUUUUAG,0
CCUGGAGACUCACUUCACAGUCCAUGUGCACCAGUGGUAAU,0
AUGAUGUAGCUGGGGAAUCCUGAAUACCUUCCAGAAUCCGC,0
ACAUGUCCAAACUCUCCCACUUUCUUGUUCAAGCGAUUCUC,0
CAGGGAUUGCAUGGUGGCCUUAGUUACCUGGGCCCAAAGUC,0
UUUUAGAUGAAAGACUGAAAUCUUUGCCUCCAAGAUCAGGA,0
CAGGAGAGAAUUUGUUUUUCUUCCUUUGCAAAUUUAAUGUA,0
GUUUCCUACAAGGUCAAUCAUGUAAUUGAAGUUUCUUCAAC,0
AUCCCCCCUCCCAUUUGUACUGGCAUCUUUGUUAUGCACAG,0
AGCUUGCUCAGAAUGAUGGUUUCCAGCUUCAUCCAUGUCCC,0
GAUGAGCCUAGAGAUAGUAAUACCUCGUCUUUAAAAAUAAA,0
UACAUGUCUAUGUGUGCAUGUGAAUGUAUGUGUAUCUUGAG,0
UUUUUAGUAAAGACAGGGUUUCGCCAUGCUGCCCAGGCUGG,0
UGAAGGCUUCAAUUUCCCCAUAUUCUAACGCUUGUUAACUU,0
ACGUCCGCCAGAGGAACUCUUCCUGAGGCAGGUGCGGUGGG,0
GACUGACCCCCCCAACCUCAUUUCACCCAGGCCGCGUAGCC,0
UUUAUCUUCGUAUCUUUAUUUGCAAGUAGAGCAUUUGCUUU,0
ACAUGUAAAUCAGUCUCUGUUUUACUAGUUAGAAACCACAU,0
CUGAGAAGACAAUAGUGGGGUGGGGGCACAAUCAGUCAGGA,0
CUAGAUGAAAAUGCUGCAUUUCUCAUUCUCCUAGGCUGGAA,0
AGUGCAUAGAAAGGAAUUUAUAGCUAUAAAUGCCUACAUAA,0
GGACCCAGUUUCUAAUGGCCUUCAUUUGCAUAUCAAAUCUU,0
AGGGUGAAUCCACUACAGGGUGCCCUGCUCUUCACAAAAAG,0
GGUCAGGGAAGGGACUCCAAUAAGAGCCGUGAGGGUUCCCA,0
UCGCUGAUGCUGACUCACUCUUCUCUUCCAAUCAUAGCAAA,0
CUUCAUAUACUCUCAGUUUUUCGUUUUUGUUUUGUUUGUUU,0
CAUUUUUUGAUCCGCUCAAGUGUUUGGCUUUGGGCAAGUUA,0
UACCCACCUACCUGCAACUUUGUUUUUGUUUUGUUUUUUGU,0
GAAGGAGGCCCCGUGUUUUCUGAUGGGCUCCCUUGUUCUCU,0
GUUUUUCCCAUUCUUUUUACUUCCUGUUUCUUUUUGUGUUA,0
CAGUCAGUUCACACUACUUCUCCUGACUGUCCCAGGCUGUA,0
GGGGACUAUGUCUUCUUUCUUUUGAAUUCUCUAAAGUGCUU,0
GUUUUCUCUUUGUCUUUGAUUUUUUUGCAAUUUGAAUACAA,0
UUGAAGUUGAGUACAUGUCGUAUAUUAAAUAAUUGAAGUUU,0
ACACUAGGGGAAGAUGUAUUUGCAGGCAAGAUAUUAUUAUC,0
CUGCACCCAGCCCCCACUAGUGUUUUACUGUGAUGGCGAAA,0
CUCAGACCACCUAGGUAAGCUGGGGGGACGGGGUGAAGGAC,0
UCAUGCUGCUUUGAAAGGUUUCCUUCCUUAUUUUUCAGAUU,0
AUAAAAUAUUGGUGGAGCUCUUCGCUGUGCUGGGCCAGUCA,0
CUUGCCUUCUUUCAAUGGCCUCUCAGAACUAAACAGACUCA,0
CUUCCAGUUCAAGAAUUACGUUGCCGACUCCUAUCGUCAGA,0
CUGAUAUUCUUGACAAGCACUUUUUGAAUAUCUCAAGAGUA,0
AAAUGAGAAUAGCUCAAUGGUGUUAUGCGGAGUAAAAGAAU,0
GGUGUAGGCCUCCUGGUGCUUACCACAGGCUGUGUUCUUAC,0
UUAGCAGCUGCUGACCUUCCUCCUCCCUCUUCCCAGGCUUU,0
GCCUCCGUUGUCGCCACAUCUGCCCUCGAAUUUCCCUUCCA,0
GACAAGGAAGAAGACUGGCAUUUCCUGAGCACGUCUCAGUG,0
CACUACAGGGUGCCCUGCUCUUCACAAAAAGAACUCUCCCC,0
AUAACUGACCAAUAUUAACAUUAAAACAGAGACCUUAAGAG,0
CUCCUUCUGCAGUGAGUUAGUUCUCUCUCUAUUAGCUCCUG,0
CUAGGUAUAUCCAAAAGAACUGAAAGCAGGGUCUGGAGGAG,0
CAUGAAGGUUUUGGAUUUUUUUUUUUAACUUAAAAAAAAUU,0
AAUUAUAAUCUACAUACUAAUUAUUCCCAAUCCCUAUCGCC,0
AAAGCUUUUCUGAGAACACAUGGCUGAUUUCAGCAAAAAAG,0
AUUAUUAUUCCUUUCUCAAUUAUCUAUUCACCAAAUAGUUU,0
GCAUUCCAGGACGCUACCAUUAUCUUCUCCCUUCUCCUUCU,0
GCAACGAGCAAAGCUCUGUCUCAAAAAAAGAAAAAAAAAAU,0
AUUAAGCAGUACUUAAUUUUUUUUUUUUGAGACAGAGUCUU,0
AGCAACCACAUUUCUAAACCUUUUCAAACAUGAGCGUAAGA,0
GAGGGAAUUAUUUGAAAAGUUGAAAGAUGGAAACAUCAUGU,0
UCCUGUUCAAAAAGCCCACGUGUGGGUCAGAGGCUGGGGCU,0
AACAUUUGUAAGGUACUCCUUCUGCCCAGCCACCUUGGAGA,0
UUAAGGCUAAGGAGACAUUCUGCCGGCCGGCUUUUAAAAAU,0
AGAGAAGCCGACUCCAGAAAUAACCAGACUUAGAGCAUAAU,0
UGAGAGCCACGGUGAUGUUGUCAUAACCUCAGAGUGGAGAG,0
UAACCAUAUGUACAAUAAAAUACAUUCACGUGGCAUAAUCU,0
AUUUAACUUUCUUUCAGAGUUCACUUUCUUCAUUUUUAACU,0
AUUAGGUUAGGAAUUGGGGAUUGGGACUCUAGCCCUAGCAC,0
AAAGGGAGCAUCCCAGGUGUUUGGGAGGGAGAAUGCUGCUU,0
CAGUCACCAUGCCUAGCUAAUUUUUUUUAUUUGUAGAGAUG,0
AAGCAGUUUAGGAAUGCAUCUAUUUCAAGGUCUGUUUUGUA,0
AUUUACCUGCUAUUUUUCUCUGAUACAAAUCAAUUAACACA,0
CUUUGAUUCAUCUGGGCCAGUGUUCUGCAUGAGGGGACAGG,0
UGAUCCUGGUGAGUGAGUGUUGGUGGGGCCUGGGAUUUGUC,0
UGUAUAUAUACCUCUAUUUUUUGAAAUCUUUCUCUUAGGAU,0
ACUGGGAAAGGGAGUCCAGGUUUGGGCAGAGGAACAGAUGG,0
UUUCUCAAAGCACUUCUUUUUAUCUUCUGUGACACUAUGUU,0
CUUUCUGGAGGUUACUUGUGUUAACAAUUUGUAUAUCCUUC,0
UCACUGUGUAGUAAGUAACAUUCAGUAAUGAACAGAAUUCA,0
ACCUAAAAAUUGCAGCAAUCUCCCAAAACCAACAUCGGUUU,0
CCUUUCUUUCCUUCCUUCCUUCCUUCUUCAAAAUCAAUCCG,0
CCUUUCUUGGACAUGCUGCCUCCAGAUGCGCAGGCUCUGCU,0
CACCACCCGGGGAAAGCUGGUUUCCAUUUUACAGAGGACCU,0
CAUGUUGUGAAGUUCUUCUCUGCUGAGAUUGAGUUCUUCUU,0
AGAGGAUGAAAACUAGGAACUAAAAUCUUCGGUGGAUGAGA,0
UUGCCGACUCAUUGCUGAUCUGGACAUGCCUGAGAUAUAAG,0
UUCUUGUGGGACAACAGCAUUUCCCAGAUGACUCAAUUCAG,0
AAGCCUCCCCUUUCCCUUCCUCCAGUACCCCAGAAUAGUCA,0
UUUCCACUGAAAAAUGUGAAUCUGGCUCAUAGGGAACAGUU,0
GAGAUGGUCUCUGAUGGUCUUCCUCCUGCUGACUCCUAGAC,0
AUGCAUCUUUGCCUAUGAAAUUUGCAACAACAUUUAAAAAU,0
GCUUCAACGGUAGGAUGCUGUGGGCUUGGCUGUUCGUAAAG,0
UUGGGGCAUAAUAGGGUCCUUCCGAGUCUUUCUGUUAAUAC,0
CAAGUCAGCAUUCUGAGUGUUGUCAACAAUGUAAUCUAUAA,0
AAAAAGAGAGAGAGAGAGAAUACGAUAUGACCUGUUCAGAG,0
UCGCGCAUAUCUGGCGGGGGUGCCAGAGGGACUUGGCGUGU,0
CUUUACCACCUCCCUUGUAGUAGGGCCAUUUUUAAAUGGCC,0
UGGGGCUGAAAGCCAAUUACUUAAUCUUUGCCAUCCCUGGC,0
GUCUCAAAAAACUGGUGUUUUCACUAAGAGGUAUGGAUGAG,0
CCAGUUUAGGUAUUGCUGAUUUGAAAUGUACCAGUGUCUCA,0
GUGUUUCAGGUCGGGCGUGGUGGUUCACGCCUGUAAUCCCA,0
GAAUAUGAGCAGCUGUCCUCUGAAGGUAAGGCAGGAUUCUU,0
AAAGAAAAAAUGUACUGUGUUGACUGUCAGGCACAGGGGCU,0
AUCACAGGCUCUCCUGGGUCUCCAGCUUGUCAACUGCAGAU,0
UAAAAAUGAUCAAAUGAUGAUUUGGAUUCCUAAUGAAAUCA,0
GCAGGCAGGGCCUUCCUGUCUGGCUUCUUGAAGGCAGACAC,0
GGGAUAAUGACAGUAUUGGUUCAACACCUUUCUAAGCAGUG,0
AAAGGAUCUCAUUUCUCUUUUGUGCUGAUUGAACCUUCUAG,0
CCCUUCUCAGAAAUCACCUUUUUUGCCAUCUUCCUUUGUCU,0
AACUGCCUGUCAAAGUUUCAUACUCUGCCAAUUUAAGCUUC,0
AGGGCCAAGUUCAAGUUUCCUGGCCGCCAGAAGGUAUGUAG,0
AACGUGACAGGAGAAAAUUCUAACUGUGCAAAAUGUGAUAG,0
GUUAUUAAUUUUUUUUCUCUUCACUCUCUCUGCUCACAGUG,0
UUUAUUUAUUUAUUUUAAAAUUAUUUGUAGAGAUGAGGUCU,0
CCAGGUGGAGAGGUGACCCCUGCAUGUAGGCACAGGGUCCU,0
CUUCAUGUCAUGUCUGCUCAUGUUCCAUUGAAAAUAACAAA,0
UCAUGAGCUCCAGCCACCACUGAACAUUUGUGGCUACCAGG,0
CAGACUUGAAAUAAAUCUGUUGGACAAGUUAUCAGUGAAUC,0
AGUGUCUUCUCGUUAUUUUAUACUCCACAAUUAGAUCACAG,0
GCACCUGUUGUUCUAGCUUCUCAGGAGGCUGAGGAGGAAGG,0
UCUUCUCCUUGUCUCUCUCUUUCUCUUUGUGUUUUUUCUCU,0
UUUGUUAUUCUCCUGUUACUUCUUUUAACACUAAAGACCUU,0
GGAAUUUGACCCAUUCUGAGUUAAUUUUUGUAUAUGGUGUG,0
CUGCUGUGCUCCUUCUCUUGUGCCUGCCUCAAGGCUUCUUG,0
GAGACGCCAUGACUGUCACCUUCAAAAAUCAGAAUGUCAUC,0
AGCUAUUUUGAUUUCUGAGUUUGUUAACCUUGGCACUACUG,0
AAAAGAAGCUGACUGAGCCCUGCCCUAAGUAAUGCCCAGGC,0
CCUGGGGGACAGAGCAAGACUCUGUCUCCAAAAAAAGGAAA,0
CACGCUGGCACAGCUGGCUGUGGACACAGCUGAGUGCUAAC,0
AUAUAAGACUUGGAACAUACUUGGAUUUAAAAAUUAUUAAU,0
UUCAUUUCCUUUUGCCCAAAUGAGCGGGGUGGGAAGAGGGU,0
UGGGGUUACGCUCCGAGUCGUUGACUCGAGCCUUCAGGACC,0
CCUGGUGAGUGAGGAUUAGGUUCACUUGAAUAGAGUAGAAA,0
GAAGUAGUUAUUACUAUUAUUCCCAUUUUAAGAUGAGGAAA,0
GAACUCACCAAAAACUGUGUUGGUGGGGUUCAUUGCAACUU,0
CUUUCAGUUGAAAAUAAUGGUGAUGGUAACAGGAUAUCCCU,0
AAGAAAAGAAAAAGGUAGAUUGUUGUACCAGGGUUAAGGUU,0
UUCAAGGCUGCAGUGAGCUAUGAUUGAGCCACUGUGCUACA,0
UCUUGGAAAUCCACUGCUUUUGCUCCCAAGAGCCAUCUCUU,0
GCAGGAGCAAAGGGCACCAUUACUAGGACCCAAAAAUGCAC,0
GGUGACGGGCAGGCGGCCGGUGAUGAGAACUUCUCCCACUC,0
CAUGGGCUGGAUGGUGAGGUUGAAGGGGUAGUUCCAGGUGC,0
AUAAUAUAUAUACACACACAUAUAUAUUACCAAGGCCUUUA,0
AGAAAUGGAAACUAGUGUCUUGACGAGGUAUCUGAACUCAU,0
UGCUGGCCCUGACUUCAAUAUUGAUGAAUCAACAAUAUGUA,0
GAAUUAACGCUUUGAUGGCAUCACCGCGUCGGGAAUCCCUG,0
GCAGCAGCCAUCCUUGUCCCUAAUUGCAACAUCAUGGCUUG,0
CUUUUCCUAGGCUAGUGAGCUCCAUUCAUUUACUUGGUGGA,0
CAGGCAUGACUCAGCAGCCCUUAGGAUCUGCGUCCUGUGAU,0
UCUAUGCCCCUAGCCAAAGGUUGAGUAUCCCUCAAAUAAUA,0
CCUUGGUGUAGCACAGUGGUUGAAAGCAGGGAAUCUAAAGC,0
CCCCCUGGCUGCCCUCCCCAUCCCGAGGGACUUGGUCCCAG,0
GGUGAUAUCCCCUUUAUCAUUUUUUAUUGCAUCUAUUUGAU,0
CUAUCAGACUGCGGACCAUUUGGUGACAGAGAUUAUAUCAU,0
AUUUUAUUUUUAAUUUGCUUUUAUGUUCCAUGUAAUAAAAG,0
UUGGCAUUACCAUCCUAUUCUGACUGCACAGCCACAAGAAG,0
CCACGCCCGGCCCCAUUUGAUCUUAAGAAGCAGUUCAGUGA,0
AGUAAGGGAAAUCAGAUGGGUUGGAUAGAAAAGUGGAGUUU,0
UUAAUCUGUGUGUCCUUGGAUCUCAGCACAAGACCUGUCAC,0
CGUCUGUAUGAGUUGAAAGCUGCAGUUGAUGGCCUCUCCAA,0
AACUUAGGUUCAUGUAUGUAUUUUGGUGUGGUGAUCAAUGA,0
GCCAGCUCCAUGGUCGCAUGUAGCCCAGCCAGAAGGAAUCA,0
GAGGGAGUCACCUGAGGGUAUAUUCUCAGUGGGCUAAACAU,0
UCCAAAGUUUCAUCUGAGACUCAAGGCAAGCUUCUUUCACC,0
CCCUGUUGCAACGACUUGGCUCUGGCUCUGCCGUGGCGGCA,0
CCUGUGAGAAUCCCGACCCGUCCCUCCUAGGUUGGCAGGUG,0
AGUAGAUGUAUUUGUUCCAUUUUCUGUAGCCCAAUUAGGUU,0
CUUGGGCCGGGUCAGCGUGCUUGUGCGGCGGCUCAGGUUGG,0
CUCCCUGGGUCUGAGCAGACUGGCCCCAAACUCCAGAGACC,0
GCCAGCCACAGUGUCUUUAAUUUCCUUUUUUUAACAUUCAG,0
AACGCAGUGAUGGCAGGAAAUACCCAGAGCUGGUGCUGGAC,0
CAAGUACAGUAUAAAUACUUUUAUUUUGAAGCAAAGAUGCA,0
AAUUUUUUGUGAUUGUGAAGUCAAUAGUUGUUUCCUGUAAG,0
UGCUCAUUUGAAAAUAAAGAUCUCUCUCUGUAAUGCUGAUG,0
ACGUUCCUUUUUUUUCUUCCUCUGAAUUUUACAGUCCAGAA,0
UUAAAUAGGGAGAGUCUUAGUAUUUGAAUAGACUGAGACAA,0
UCCCCGCUGAGUCUUUUCUCUCCCCACAUCUACCUCCAACU,0
GUGCAUCAGUGACUUAGAGUUCUGUAAUAACUUAUUGUAAA,0
GAGUUUACCUCUUUGGGCUUUUAGUUAUGCUAAUUGAUUAC,0
CAAUAUUUUUUAUCAUCAUUUUAUUUUUUCUUUAUAGUGGU,0
GCAAAUCUCAAGUUGAAAUUUAAUCCCCAGUGUGGCAGUAU,0
AUUUUGUCCCACUGAACCUAUAGCUUGGGUCACCCCAAAAG,0
AACAUUUGGGCACAGUGUAAUCAUGGCCUAUAAUCUCUUUU,0
GGCCACUAGGAACCUCGGAUUGCCCACGGAAGCCAGCCACU,0
UCUCUGUUCUGCUGAAGGGUUCCCUCCACGUGUCCAUCACC,0
UAUCUCCUAGCCAUCAAAAUUAUCUGACAUCUCACCUUAAA,0
AGGAAAAUCUGAAUACUAGAUAAACAAAGAAUUAUUCGUGU,0
AGUCAAGGUGAAGGCUACAGUCAGCACGGCAAGAAACCAAG,0
CACAUCGAUGCACCGCCUCCUUCGAGAAACAAGGUAACUUU,0
UUUCAGUUUCCUUGGCCUUGUUUGCUCCGUUGCUAGUGCUC,0
GCUGAUCCCUAGGCAAGGUGUAGUUUCGGCUCAGCCUUCUA,0
GCUACUCUGUAUAAUUUCAAUAUUUGUAAAAUUUAUUAAGA,0
AUGUUGUACAUGUAUGAAAAUGGUGUACUGUAUACUUUAAC,0
UGUUUUAUUAUCCUGGAUGUUUGUCUUUCAAUCUGGUGGGA,0
CAGUAAUUCAGAGGAAACCGUCAAAUUGCUUCGUUUUUGCU,0
AACUUUUAAAUGGCAAAAUUUUAACUUCAUUCUGAAUGUAC,0
GCUGGUGGACAAAAAUGAUUUGUGAAAAAUAAAUUGCUAUG,0
AUAAAUGGUACCGGUUGUGAUUGUUAUUGUUCAUGGUUCUU,0
UUGUUUUUUGAGACGAUGUUUGCUCUGUGGCCCAGGCUGGA,0
AGGAGAUAGCCGGCUAAGAAUCUGGUCGGGGAGGUGGGCGG,0
GUGUGAUGAUCUUGGCUCACUGCAAACUCCACCUCCCAGGU,0
UAGCCCUGAAGCACCAGAACUUUCUUUAAAACACACACUGA,0
GCCAAAUGGCAGUUUCUCCAUUCCUUCUGUUGUAGCACCUG,0
GCAGGCGCGUCAGGGCCACGUGGCAGCAGGGAGGGGACUCA,0
GCAUAAUUUAACAGGAGCCCUGGGGCAAAGGAUUCCUGAUG,0
AACACCCAUGCACCAGGCUCUUGCCAAACAUUAUAACUUUG,0
GCUUUUGGAUCGUGUAGCCUUUCCAGCCUCAAAUGACCAAU,0
AGAGAAUUCCAAAGGAGAGGUAGAGACCCUAAAAGCAAAAA,0
CCCUUCGCGGGGGGGAUGCGUGCAUUUAUCAGAUCAAAACC,0
UGAGUCUAUAACACCUUUUAUGAUGCCCCAUUGACUACAUU,0
CCAGAUUUAAUCUUUUUUCUUUUCUUUUUUUUUUUAAUUAA,0
CUUUGUGAAUAUAGGCAGCCUAGAAGCACUUUUCUCACACA,0
CAGGACAUCCCUAAAGAAUUUGAGUCUAGGGCUUUAAGACA,0
GGAAUGUAAGCUCCAUCAGGUCAAGGACUUUGCUUUGUUCA,0
UUAUUAUCUAACGCAGUUUCUGUGAGUCAAGGACACAAGAG,0
AAACUUGAAUAUGGAUUGUAUAUUAGAUAACAGUAUCCUAU,0
UCUUCCAAGUGUGAGUUCAAUGGGGGCCCAUGUAGAUUCUC,0
UGUUCAAAACUGUUUUUAGUUUCAGUGGCUUCUGUUCUUAU,0
UGUUUUGUUGUUGUCAGUGAUGAUGGAGAGGAUGGCCUUGU,0
ACCAUCACUUCACAACACGUUUAAAACACAGCAAACCCCAG,0
UUCCUCUAGUUCAUGCAGGAUGCAUCAGAUGUGAUGCAGCU,0
CCAAUCCUUGGUUUAUGAUAUACUCUCACCAUUGGUCCGGG,0
GCACACAUAUAUUGAGCACCUACUCUAGGCCCAUCACUGUG,0
UUUAUUUUGUUGUAUUUCUAUUAUUUCCCUAUUUAAAUCUC,0
CUUGCUGCAGUCUGGUCUGUUAGCCUCAUUUGCAAAGAAAG,0
CUAGAGGUCGCCAUUGUUUCUGGUAAGAUAUUUCUGGCUAC,0
UCCCACCUCAGCCCCCUGAGUAGCCGGGACCACAGGCGCCA,0
ACCAUAUAGGUAGCAAAGGUUCAAACUUCAACCUCCUACGU,0
AAGCAUGACACAAGCCUCUCUGCCUCCUUGGACCCAGAGCU,0
AGGGCAUCGCAUCUUUGAACUACUUUCAUCAGGCUCUUGAU,0
GCUUCGGCAGGAGAAUGGCGUGAACCCAGGAAGCGGAGCUU,0
CAGCCAGAGUCUUCCACUUUUAUAGCAUGUCCUCAGGAAAU,0
CUGUGGGAGGGGCUGUCUCAUCCUGUCCUGCACCUCUAAAG,0
UGUCCCCAGCUUCAUCAGGGUCCUUUUACAUAUCCCCAUUC,0
UAAUCAUAAUUUAAGGAGGUUGAAAAGAAUUAUAUUAAAGA,0
UUGGAGACUAUUAUUCUUUUUAUUUUAUUUUCUUGAGAUGG,0
CUAUUCUAUUCUAUUCCACUUGUUGUAUUUAUUUACUUUUU,0
UCCCUGUUAGUGUCAGAAUCUACUUGCUUAAUACUUUAAAA,0
UAAGUGCUAAGUGGAGCUAAUGGUAUUGUCCAGAUGCUAAA,0
UUUAUGAUAUUAUUCUUCCUUAUGACAUUUGCUUUUUGAGG,0
CGCAUCUCGGAGCAGUUCACUGCCAUGUUCCGCCGGAAGGC,0
AGAAGCCUAGUCUUGUUUUUUUUACAGAGGCUUAAUUUUCA,0
GAUUUAAUUAUUCCACAUUGUUAUUCAUAAAUUAUAAGAUC,0
UGUCACCACAGGGGGCCAGAUUGGCUGUGCAGCCUCUGCAC,0
CCUAAAUCAGAAUUUAUUUAUUCAUAGCAGAAAGUCAACAA,0
ACAUCAGUAAGCUGGUUCUGUGCAGACUCUAGUUGGCCAUA,0
GGUUGUAUGGUUUUGUUAAAUGAGAAGGGACAGAAAAUAUC,0
GUUGAGGUGUGUUACUUAUAUACCUAGUUUGUUGAGAGCUU,0
UCAUCUCUGCACCUCUUACUUGAGGAGCAAGAGGAGGGAAG,0
AUGUGUAUGUAUGCAUACAUUAUCCUCAAAGACAACUAAUU,0
GCUUCCCCAUGUUCCUGGAGUGCUUUUGCCCUCCCUGUGGA,0
UUUAAAUUACAGGAGUUAUUUUCUGUAGUAAAAAAUCCCAG,0
GGGCCCCAAACUCAAACAGCUCCCACAGGGUCACCCCCAGG,0
UAACAGCUAUUUAGAUAGCAUUUCCAUUGUAUUAGGUAUUA,0
CCCACCCACAUACACUGCACUGGAAUUGGGAGUUGAUGAAA,0
GACAUCUGCUCUAUGGCAAGUAUUCAAUAAAUAGUCAUUCC,0
AGUGCACAGCAUCGCCCACAUCAGAAUAGUUCUUUAAAAUG,0
CUUAAAUACAUUGUGCAAGGUAAACAAAUUCCUUUAGUUAU,0
UUGGCUACUGUGAAUAAUGCUGUUGUGAACAUGGGUGUACA,0
GCAACUUCGCCAACGCCACCUUGGAUGCUGUCUCUAACAUC,0
AAAAAAAAAAAGGAAACACGUCAAAUGGCAUCAACCACUCC,0
AGAUUGCACAAGGGUGUGAAUGCCAGGAGGGGCCCUAGCCC,0
UUUUUACCGUUAAGGAGAUCUGAGUUAAUGGCUUGCUCAAG,0
AUUUUAAUUCAUUCGAUGGCUGUUCUUAACCUAAGACAAUG,0
CAUCAGGAGUCAUUUUCAGCUUUUUCUACUCCUUAGGUUUU,0
AAUAAUUUUAUUCCUCCCUAUUCUCAGCCUCUGGCAGCCUC,0
UUCCUCUACAUUUUGUGGAAUGAACACAGCUAUGUAACUCG,0
GAAGUCUAAAGACUCACUAGUUCAAAGUUGCCCUGGAUCCC,0
GCCUAUACAUCUAACUCUACUUCUCUUGCUGUUUUCACCAC,0
AAAAUGAUAUUUUAGUUGUCUAUGCUUACACUGAUUGGAGG,0
AUAAAUAAAGUAAAUGUGACUUCAUUUUGUAGUCAUAGGCU,0
UAAGUGCCAGCAGCCAUCAUUAUGAUGCCUGCUUUAGCAAC,0
UUGCUGAAAACUCCCAAAUGUUUAUACCCAGAGCACUUCAG,0
UUUAUGGCUGUAUAUUUACGUAUGAGUACCUCUUUAGCUGC,0
GCAACAUGGCACCAGCCAGGUAGAGAAUCCAUCAGCAUAAU,0
CAGCCAGUGAGGGGCGAGUAUUCCUAGAGCUAUCUCCCUCC,0
UGAGUCCACGGGUUUUCUCGUGUUUCAGAGCAGUUCUGAGC,0
GAGACAGAGUCUUAUUCUGUUUCUGGGUUUUAUAUUCUGCC,0
CCCCUUCCUGUGUCCAUGUGUUCUCAUUGUUCAAUUCCCAC,0
CUCCUGAGGGGCUGUGCACCUUGGCAUCGAUCGCCCCCUUG,0
CUUCUUUGAAAUCAGUGGGUUUUCAAAGAAAUCAUCAUUUU,0
CUGUCCCCAAGCCUGGGUCCUGAGACCCUACCAGCAGAAGA,0
UGCAUGCCUAUAGUCCCAACUACUCAGGAGGCUGAGGCAAG,0
UCAGUUGUAAUAUCUCCUGUUUCUCUUCUUAGUGAGGUUAU,0
CCAUCUCAAAAAAAAAAAUUUAGAGUUAGGCUGGAUGCAUU,0
AGCUAAACAUUUAACUGGUCUUCCCUUAUAUGUAGGUACAU,0
GCAGCUGCGGGGAGGCAGGGUGGGGCAAGGACCCACAUCCA,0
ACACACUUCACAUACAAAGAUACAGAUAGACUGAAAAUAAA,0
CACUGGAAACAUUUUUAUGAUAGUAUCAUGAGUAAUGCAUG,0
AAAGAGAAACAAGCAAUGCCUAACAUAACUCACUGCUUUCU,0
UCACCCUGGGUUCAAAGCUAUGAAGUCAGAAAGAAGGACAG,0
CCGCCAGCUCCUCCACGGCCUGUGAGUGCUUCUGCCUCAUC,0
GAACUAACCAUUUCAUUCUGUGAUUUUCUCCAUGUCACAGA,0
GGCACCAUUGCUGAUUUCUGUCACCAUGGAUUAGUUUUGCC,0
UGAGAGUUACUCUGUGUGUAUCUUCUUAAGUAGUUUUUUUU,0
AUACUUCAUGGCUCAUGCAAUCCUGGGGUUGUUUUGGUUAU,0
CAUCAGAGAAGGUAAGGGCAUUCGCAGAGGGAAUAAUAUUA,0
AUAACUAGUGAGGUUGAAUUUUGUUUUCCAGAUGUGCAUGA,0
CCCUCUGCCUCUGGGAGCUAUGGGUUGGCAUGCAUUGGGGU,0
UGCAGUGGCGCGAUCUGGGCUCAAUGCAACCUACGCCUCCU,0
GUACGAUUCACCCCGACGCUUUUUUCCUUUCUUACUCUGGU,0
GUGUUGCAGGGAAAAGAUCAUAAAAAUAUUUCAUAACACGU,0
AGGCGACAAGUGAAACUGCGUCUAAAAUACAUAAAUAAAUA,0
AUAAAACAAUGUCUAAAAUUUUUCAUUGAGAAAGAAAAUAU,0
UGUAGGAAAACCACAACUUCUUGUAAAAGGCAUGCAGUUUG,0
UUGUAGCUCUGGCUUGCUGCUGCCCAGAACUCUACUCUCUG,0
GUUGUGUCAAAUAGAAAUUGUGUUUAUAAAUCAGACAUGUC,0
AUAAAUAUAUUCCACGUAAAUGGAAACCAAAAAAGAACAGG,0
CAUUAAUAUGAGUAAGCCAGUCACAGAACAAUAAAUACUGC,0
ACCCAGCAAAGAACCUUAAAUAUUAUUGAUAUUUUUGGAUA,0
CCGGAGAAUGGAUAUACUAAUAGCUCAUAUCUCACAGACCU,0
AGCACUGUAAUAGUGUUAGCUAUUUUAUCAUCAUGACUAUU,0
ACAUCUCCAGACUCUAAAUUUAGCUCCCUUACCACAGUUGC,0
AGAGCCUCCAAGGCAUGGAGUGGGGUGCCUGAAGUUUCAGU,0
UCUUCAGGUAUUGGAAAAUAUGGCUUUUCCUUCUGACCAAA,0
GUAUUUCCAAGAGUUUUGACUCUCGUAGGUCAUUUGAGAGU,0
CAAAUUGGGGCAGCUUCAUUUUGGGAAGUUUAAUGCUGCCU,0
ACAUUGAUACAUUAGUUCAAUAUAACCCCCAGACCUUACUG,0
GUACCCCGAAUCCCUGUGCCUCUCCAUCCUGUCUCGCUGGA,0
UAGAAAUUAAAAUAUGGAAAUAGUUGAGAAAUGCAACAGAC,0
CUACCACGUACAAGAAACAGUGCUGUGGACAUUACACACAU,0
CAAGCAUACUGCAGGGCCUUUUUGAUAUGAGGUGGCUCAUA,0
AUCUGUAAAUCUGUCAAAAAUUCAGUUGAUCUUCUUAGACU,0
UGCAUCUAUUGAGAUAAUCAUGUGGUUUUUGUCUUUGGUUC,0
UACAGGUUUUCAGAAACAUAUCUUGUGGGUUGGCAAUGAGC,0
CCUGGAGGCAAUUCAUAUUAUCAAGAAGCUAGGAGGAAGUU,0
GUUAGUCUUCAUUGCAACAGUGCUGUCAGACUUUUGGGAGG,0
UAAGCCAUUGUGCUGGGCCUUGAGCCCUUGUUUUACCAUCA,0
UAGUUUUUUUUCUUAAUUUCUCUUCCCAGGUGCAGUCAGCC,0
UGAGGGCUGUCCAAGGAUUGUUAAAUGAGACAACGUAGGUA,0
GCUUUUUUUCCAUUCUUUUAUCAUUGUUUUUCUAGGAGCAC,0
CUGGGGAUGGAACCCUAUGGUGUCCCAUAUUCACUUCUCAU,0
CUCUUGGGACAUCGUGCAUCUCAAGAAUUAAUCAGACAUCG,0
CACUCGGCUUGUCCCCAGAUUGGGCUUUGAACUCCUCCAGG,0
UUACAGCUGUAGAUUUUUUUUUUCUGCAAUAAUAGUGUGCU,0
UGCUCGCAGAUCACUACCUUUUUGUUGUGUCCUCAUGUGGC,0
UUGAUGACCAUUUAAAGCUAUGAGACUGGUGAGAUCCCCAA,0
GCCUCAUAGAACAGAGGUCAUGACUAUACAAAAAACCUUUU,0
CUCGCAGGGCCGGUCAGAGCUACACAUUGAGAACCUGAACA,0
UACGUCCACACUGACCUGGGUGGCAGCCACCUCUUCCUGCA,0
UUCGUGGGAAUUUGUGUUUGUAUAUUUUAGAUGGACUUGGC,0
CACCGCGCCCAGCUUCCUUUUUCAAUAAAACUACAUUUUUA,0
CUAGCACUGCCCCCGUGCUCUGCUGGCCCUGUGGCCUGGCC,0
GUUCCAUCCCUGUCAUCCUCUUGUGUGCCUGACAGCUCUAG,0
UAUAUAAAAGAUUCUUAGAAUUUCAACCCAGUUAAGAAAAA,0
CAAAGUCUAAAUAUUCAGAUUCCUUCCUCAUGAAGCCUUUC,0
GAUGACAGAGUGAGACUCUCUGUCCCCACCCCACCACCCCA,0
CUUCUUUUUGUCCUUAUCACUAGCAUCUGUCAUGCCUAAGU,0
AAAUGAGCCUAGAUAAAAGAUAGUGCCAGGAAAGGAGAAUU,0
GACCACCUUGGAGAAAGGUGUGUGGUACAUGACAUUGGGUU,0
GCCCACAAUCAGGUGCCACUUCUGGUGCCCACUGCUUGUUG,0
UGUUCAGAGAAGCUCUAACUUGAAAAUGUUUUAAAAAUAGA,0
CCAUCUCAAAGGUAUAGCAAUGAUCAGAGGUGGAAUUGGGC,0
UACUUUCAUAUUCAAAGUUCUCUUAGCUGCAAAAGUGUUUU,0
AGGGUCUAGAAAGUAGAAGGUUCUCCCCUCUUCUCUCCUUC,0
GGGAGCAGAGAAUUCUCUUAUCCAACAUCAACAUCUUGGUC,0
GUGCACUGGCUAGUGGCAGCUCUCCUGCACCCUGCACCUCU,0
GCAUUACGAAUAAAUCUCUGUCUUCAAGCAUUCGUGACAUU,0
UCCAGGUCACCUUAGUGGGAUCAGGAAGGACACAGGGUGGG,0
AAAGUAGCAUUCAGUAUGCUUAACUUUCACUAUCAAAAAAU,0
GGGUGGGGCCACGUUGCCGUUUCUAAAUUUGUGUAAUUUUU,0
CAGUAACUUCUUUGUGAUGUUUCCAUUCAAGUCACAGAGUU,0
CCAGGGAUGCUGUGGCUCUGUUGAAGUGGGAAAUGUUAAGA,0
GCUUCAGGAGAGUGCUUGCUUCCAGUUUUCUGCUUUGUUAA,0
GACAAAGGAGGGGAAGGGUUUCUUAUCCCUGACGCACGUGG,0
CAGAAAAAAAUUUAUGCAUCUAGGGAAAAAUUGGUCACAAC,0
CAAAGACGCGUAAGAUCAUCUCCAAAGAUGAUUUGCCUUCA,0
ACUCACUGUGGCCCUUUGCCUGAGAGAGUUGGCAGCAGGGG,0
UCCUUGGUACCUGGCCUAAUUGUUUCACUUGCUCUGACUUC,0
AAACAUGAGAUUCCCUGCUCUCCUCAGCCUGGUAUGGUCUA,0
UCCAUCCAUGGACCCCAGAUUAAGGAUAUCUGAUCUACAAA,0
AAUUCCAGGGAAGACAGGAUUUGCAGGGACACACCUAUGAG,0
UACACCACUUUGGGAUAUGAUAUUUGGAAACCCAAAGAAUU,0
CCCACCUUGACUCUAGGCAAUUUUAUCAGAUUAAUACCUGA,0
UGUUCUAUACCACUGGAGGAUGGCAUAGUUAACACUAAUAU,0
CUCCGGCAGCCUGCUUUUAUUCUCUUAGCUGGCCCCACCCA,0
AGGUGCUGUAGCGGAUGCUGUGAUGUGCCACCGUUCAGAGA,0
UCUGAUCUACGAGUUCUCUUUCCAGUGCCGAGCGGAUUCCU,0
UCGUUGGCGACGCGCUGUCUUUGAGCCCCCGCCGAGCUUCC,0
UAUGCAAACUAAUGGAAAAGUAUUUCAACCUCAUGGACAGG,0
UUUUGUAUUUUUAGUAGAUAUAUUGGCCAGGCUGGUCUCCA,0
GCCACCAAUUGAGUCUCAGUUGCACAUGGACAGAUGGACAG,0
ACACCAAGGCUCAGAGGAGCUUCCUGGUAGGUGAACACAUC,0
GUUCUGCAGCUGCAAGACCCUCAAACUACAACAUCAGCUUC,0
CAGAACUUUUAAUACUAUGUUGAGUUGGAGCGGUGAGAGAG,0
CCCGGCCUCCCAAGGUGCUGUAAUGACGUGUGAGCCACCAC,0
ACACCCUCGCCCUUCCCCAGUUGGCAUGGACCGUCGUCUUU,0
CUCCCUUGUAGUAGGGCCAUUUUUAAAUGGCCAGACACUUG,0
GAGGAUGGGGCUAGGGCACAUCGGCUUGCUGCUCUCACAUC,0
UCAGGGACUAAUAAAGUAACUUACAUAAAAUGGCCAGGUGC,0
UGUCUGUACACCUGUCCCCCUGCUUCAGGUGAGCGCAGUGG,0
GAGAGAUAGAGGGAGAGAGAUAGGGGAGAGACAGACAGGGA,0
GUUGCUUAAUAUCUCUGACUUUCAUCUAAAAAAUAGGCACC,0
AUGUUAGGCCACAAAACAAGUCCUAACAAAUUCAAGAUUGA,0
GGAUUAAAUGAGAAAGCAGGUGCAUAUUUUUCAUGAGUUGG,0
CACAUACUGCAGCAAAUUCAUGAGGCAGAACCCUCAGAUGG,0
CACCUCCCAAAUAAACCUUCUCAGAGUCUGCUCCUAGGAGG,0
GGAGGGGAGGGGGCGCAUGGUGGGGCGGGGCAGGGGUGCAC,0
CUCAAAGUGGUCAGGUUAUAUGAAAUCUUCCAGGUGUAAGC,0
CCCAGGUGGCCUGCGGCCACUGCUAUGCUCAAGGACCUGGA,0
AGUGGAAUUGCUGGGUCCUAUGGUAACUCUAUGUUUAUUCU,0
UGAUAGAUUAACUGUAGAAUUCUUCCUGUACGAUUGGGGAU,0
GAUAGUUCUUGCUUGGCUGCUCUAGUUGUCACUGGGUGCUG,0
CAGCAAAGUGCUAACCCAGUUAUGGAAGUCUAAUAUAGUGU,0
ACAGAUUGAGGCUCUGCCUCUAAAAAAUAAUAAAAUGAAAA,0
GAAAAAGUUUAGGGUUUUGCUGUACUAAUAGAUUAAUAUCU,0
UCUGAGUGUGUAUGUGUGUAUCACUGUAUGCGUCUGUGUGU,0
CAUUCAAUAAAUCUUUGAAGUUUACUGCAUAAUAAUAUGAA,0
AAAAUUAUUUUCUUUAAGACUGUUGAAUGUUGGCCCCCACU,0
UCAUCAAGGUAAUGCAGGCUUUGUCUACCAUGCACCUCUCU,0
AAACGUGGGUUCACAGGCUCUAGGAAAGGCCAGGCUGCAUC,0
GGGACGCAGCAGCUCCAUGGUAUGCUGUGUGUCCUCUUACA,0
GAGGCAUUUAUGCUGAAUGGUCUGUAACAGGCAAAUACUGA,0
GCCCAUUUGAUAAUGGUGGAUAAGCUUUUUGAUGUGCUGCU,0
UCACCACGCCCGGCUAACUUUAUGUUUUACUGCUCUUUGCA,0
UACCAUGGUAUCCAGGCUUAUGGUGGCUUUGACCAAGGAGA,0
AAGAGUCGGGGCCCCUCCCUUCAACAGUCAUGGCUCAAAUA,0
UCCUUUUCCCAAGCUAUUUCUGCCUCCCCAUCUAUCCCCAG,0
UUCGGGGAGUUGCAGAACCAUGAUUCAGUCCAGCUCUGGAG,0
ACCACUUACACUGGUGAGUGUGAUAACAGACUUGUAUCCAG,0
UAGCCAUAUUUAUAUAUUUAUGCACUUGUAAAUAAAUGUAU,0
UAGACACUCUAGUAGCUCUAUUAACUCUGUAUAGAAGAGCA,0
UGAAGAGGAGACAGUUGUCUUAAAAAAAAAAUCAUGUUCCC,0
GCCUCAGCCUCCCGAAUAGCUGUGCCUUUCUGAUAAUAAAA,0
UAUAAUUUGCAAAUAUUUUCUCCCGUUCUAUGGGUUGUUCU,0
GAGAAACAUCUAACCCAGGAUGGGGGUCAAGGGUGGAGGAG,0
CGUCACUGUUCUCUUACGAUUAUUUCUCUUAACUGUGUUAC,0
ACUACUAGUUAACUUCGGUUUUGUUUGUUUGUUUUGUAUUU,0
UGUCCAGUGAGAGGCUUGGUUGGUGUAUCAGGCUCUGCACA,0
CCCUUGCAAACAUCUUGAGUUUAGCCCAAUGAGAACCAUGA,0
CAAGAGGUUAAUUAACUUUUUGAAGUUCACACAAGUAAUUA,0
CUGAACAAGAGUCACUUCAUUACCUAGUACCAAGCAGAAGA,0
AAUUCUAUCUUAUUUUAUCCUUGCAGUCCCUUUCUUCUCCU,0
CACAGGUGUGAGCCACUGCAUCUGGCCAAAAGAUUCUGUUU,0
UAAUGCUCUUCUGCCAGAUCUUUACAUGUCUCAUUCCUUUA,0
UUCCCUUCAAAUUCAUUUAUUUUAUUGCAGUAUUUUGACAC,0
AACCUAGGUUUCUGCCAUUCUGGGUGACCCUGUAUUUCUUU,0
AGACAAAGUCACUCAGGGUCUAUUUCACCAUACCCCAAAGU,0
UGUGGCCUGUGAUUAUUUCUUUUUUUGUUUCUUUUUGAGAC,0
CCUAACUCCCCCAUUGCAGCUCACAGGGUAAUGAGCAUCAG,0
UCUCUCCUCCCGGCAUGGUGUCUGGCUUAUAAGUUUUCAGG,0
UUCUUUUAUAUUAGGAGAUUUAUUUUAAGGGCUUGGUCACA,0
GUCCAAGGUACCUACCCUUCUGCUACCUUUACGAACAAGAC,0
ACCAUGUUUCGUCCAGUUCCUGUUAUUUAUGAUCAAGACAG,0
AGAAAAUUACCAUCCUUCUUUUCUGCUUUUCCUCUGCUUCG,0
UCAGACUGGUCUUGAACUCCUGAUCUCAGGCACUCCACCCG,0
GGCACCUCUGUUGAGAUGACUUUCUUGACUCUCCAAGAGAA,0
GAAUAUGUAUAUACAUAAGCUAGGUAUAAACUCAAGCAUAA,0
AAGAAUAGGGUUUGUCCUGAUUUUUCCUAUAUGGCCUUAUA,0
CUGUUCCAUUAAUGCCACAGUCUUUUUUUUUUCUUUUUUCU,0
GUAGAUGAGUGGUUGAGUGGUUGAGUGGAUGAAUGGAUGAG,0
AGUUAUUGAUUCAGUAGGUCUGGGGUAUGGGUCAAGAAUCU,0
GCAUCUUAUUUUAUAGUAUAUCAACCUUUUGUUUUUAAAUU,0
AUCUGCCGCCAUCCCCCAACUCCCCCCCAGACUUCUAUCAC,0
AUUUUUUUUUUCAUUAUACUUUAAGUUCUGGGAUACAUAUG,0
CUAGCUGCCGCCAUGGGAGGUAGGCACCUGGAGCGAAGGCA,0
CAGAGGUUUCCAGGGGUCAGUGUCCUCCUGGGGCUGGAGUC,0
AAGGAGAUUCUGGGCUGAGAUGAUGGGGUUUUCUAAAUAUA,0
CGGCAUGGACGCCGAACUCAUCGACGAGGAGGCGCUGACGU,1
UUGCCUUUGACUCAUUGGACUAGUGCAGAGGCUUUAAGUAG,1
AAAGGACUUGCGGGAACUCUUCGAACAGUAUGGUGCUGUGU,1
GAGUAAAGUCUUGGACAGACUUAAACCAGUUAUAGGGGUAA,1
AUCUGCCCAAGAGCUGGGACUGGCGCAAUGUGGAUGGUGUC,1
GCACCAGUCAGACCGAUAUGUCAAAAUUAAGGUAUGUGGUC,1
CCCAGGACACAGAGACUUUAUCAAAAACAUGAUUACAGGGA,1
AGGUGGUGGAGUCGGACCUCUAUGCCAUGAACUUCAAUCCC,1
UUUUAAGUUCUUCUGAACUGUAGAAAUAGCUAUCUGAUCAC,1
UGUUGCUGAUGAUCAGAAACUUAUGAUGUAAGGUGGAAAAU,1
AGAAAGAGCUGAACACUCUGUGCAGCGAGUUACAUGUUGAG,1
CUGAUGGGUAGUACCUGUACUAAACCACCUCAGAAAGGAUU,1
AUUAAUUACGGAUGUAAUUCUGUGUAUCUUACUGUGACUCC,1
GGGAAGAAGAUAGUCGAACUUAAAAUCAUACCUACCCUGAA,1
UCGUAAGGGCUGAGGAUUUUUGGUCCGCACGCUCCUGCUCC,1
CCAAAAUUUCCCCCAAGAGUUUUCAAAUAUUAGUUCUGCAA,1
CAAAUGAGUGAAACUCUGUUUUUAGUAGGCUGUGAUAAACA,1
AAGAAAUGGGGUACAUUUUCUAUACCAGUGCCUUAAGUAAA,1
UGAGGAAAAGCUGGGAACCUUCUCAUUUUGCCUUAUGAAAA,1
UUAUAUCUGACAGUAAAGUUUGCUGCAAGUGUAUGAGUUCA,1
GAGGCAGAAGCUCUGGCCCCUAUGGCGGUGGAGGCCAAUAC,1
GCCUGAGGUCUACAAGUCGCUGCUAGAAAUAUUUUAGCCUC,1
AUUUGAACUCUUCAAUCUCUUGCACUCAAAGCUUGUUAAGA,1
CAGAGUGAUUCUGAUGGACUUGUAUUUAAAUUGUAUGUGUU,1
CCCGAGGAGCUCUACCAGACUUUCCAGCGCAUCGUGGAGAA,1
CUUGGACCAUUCUGAUCCAGUUCACCAGUAGGUUGGACAGC,1
AGGUGGAGAAAGAACUCACUUACGAGAAGUUCGUAGAAUGG,1
GGAUGCAAAUCUGAGCGUUCUCAACUUGGUUAUUGUAAAAA,1
CUUCUUGGGCUUUGAGAUUGUACGUCCAGGCCAUCCCUGUG,1
UGUCUUUCUGUAGACAUAUCUGAAGAGAUGGAUUAAGAAUG,1
CUCUGAGAGUCCUGAAUUCUUACUGGGUUGGUGAAGAUUCC,1
CCACGGGAAGAACCUGGAACUGGGGUAAGGAGGCCCCGUCU,1
UUGCUGAGGCUCUGACCCAGUGAGAUUACAGAGGAAGUUAU,1
GCUGGUGUGCUCUCUGGUGAUCAAGAUACAGGUAGGUCAUC,1
CUCGAAGACUCCAUUGGACUUUCAAAAAUGGUUUUCAUCAA,1
CCAUCCGAACCCUGAAGCUUUCACACAACUCCUGUUGCUCU,1
UGAGGCUGCGUGCCUGAUCGUGUCUGUAGAUGAAACCAUCA,1
AUUCCUGUGGAAUUGUGAAUUCAUACUAAGCUUUCUGUGCA,1
UUUGUUGUAGGAGCAAUGACUGUUGGUAGGUUCCUAUAGGA,1
UGCCGCCCAGGACUGGGCCCUUAGGUAAGGCACAGGGAGGG,1
GUGAUCUCAGGACAAAGAAUUUCCUUACUCGGUACGUUGAA,1
CCUUUCAAACUCUGGAGCUUUCUCACACCUCCUUCUCACCA,1
CAGACAGGCUGUGAAGAAGCUCUAUGACAGUGAUGUGGCCA,1
UUUUGCUUUCUCUGAGAGACUGCAGAUAAUAAGAUGUAAAC,1
CUUGACUGCAAGAAAAACUGUGUAGUCUGGCAGGAAGUGGA,1
AUGCAGGGACUCUGCAAGUUUGGCUUUUAUGAAGUCUUUAA,1
UUGCGAAGAGACGCAGACUUUCCUCUCUGCGAGCUUCUACU,1
GCUGCCAGAGUCGGAGAACUUGCAGGAGUUCUGGGACAACC,1
ACCUCAGUUCUCUGAGCUGCUUCUGCAAAGGCCCCCAUGUC,1
UUUUUUCUUUCCCACAGAGUUAAGCACAAAGGAAAACAUUU,1
UUUUUUUCUUUCCCACAGAGUUAAGCACAAAGGAAAACAUU,1
UUCAUGAUCUCAUGGAACUGUUUAGAAUUGGUGGCAAAUCA,1
GUUGGACUGACCAUUGCUGCUGCAGGAUUUGCAGGUUUGUU,1
ACUCCAGUGAAUUCCUGAAGUUUGUGGAACAGAAUGAAACU,1
CCUCCAGACUGUGGAGCCUCUCCUAUACCAAAUGUGAGUGC,1
UGAUGUGUUGGACAGACAUAUAGAUCCCUCUGGAAAGUUGC,1
ACACUGUAGAAGUGGACGAUUUGUUCUAGCACCUUUGAGAA,1
UAUGUAACAGCUGACCAACGUGAAGAUACUGGUACUUGAUA,1
CCGAGGGCAGAGACCUCCCGUUUUGUUCUCCAGCGCCUUGA,1
UCGGACUAUUUGUAGUCAUGUACAGAACAUGAUCAAGGGUG,1
ACUGGCUACCGUUCGGACUAUUUGUAGUCAUGUACAGAACA,1
ACAGGAAAGACCCUGAUUGCUCGAGCUGUAGCAAAUGAGAC,1
GAAUGACCAGGACUGCUUUCUUUGGAGCUGAUGAAAAUGUA,1
CCAAGUCCUCGCUGGACUGCUCAGGGUGCCAGACCUCAUCG,1
CCCGUUGCUGCUGUGAUCCGUAGUAAUAAAUUCUCAGAGGA,1
AUGGGCGCACCCUGUCUGACUACAACAUCCAGAAAGAGUCU,1
GGAGACUCUGAAGUGACUGCUGGGAAACCCUUUGGGAGACC,1
CUGCCCUGCUGGGCGGACUGUCUGUGUGUCUGUCUCUCUGG,1
UCCCAUGUCUCUGACAUCGUUGGUCCGGUGAGUGAGUAGAU,1
CUCCCAUGUCUCUGACAUCGUUGGUCCGGUGAGUGAGUAGA,1
CAGGCUGUGAAGAAGCUGUAUGACAUUGAUGUGGCCAAGGU,1
UCAGAGCUCGGCAAACUCUCUCUGGACAAAGUCUUCCGGGU,1
AUGGAUGUUGAUCAUCAGAUUGCCAAGCUGAUGGUGGAACU,1
GAGUCCCUGAACUCUCGCUUUCUUUUUAAUCCCCUGCAUCG,1
CUGGCCACUCGGACCAAUGCUGAAAUCCGGGCCAUCAAUGA,1
UCCAAGCCGUAGGACCCAGUUUCCUUUCUUAGCUGAUGUCU,1
GUCCAAGCCGUAGGACCCAGUUUCCUUUCUUAGCUGAUGUC,1
UAUAAUGAAGAUCUGGAACUUGAAGAUGCCAUUCAUACAGC,1
UAGGGAUUGGAACCCUGAUCUACGGGCACUGGAGCAUAAUG,1
GAUAUGGAAACUCUGUCUAUUUGUGUACGGCUUUGUGAACA,1
GCUGCUCUGAAAAGCCAUCUUUGCAUUGUUCCUCAUCCGCC,1
GAUCAGCCCCAGAUUUGACGUGCAACUCAAAGACCUGGAAA,1
CUCCUUGCAGCUGAACUCGUUUGAGCAGCUGUGCAUCAAUU,1
GGAAUGCCUGAACCAACUGUUUUGAGGUACUGCUCUUAAAA,1
AUUUUUCUUUAGACCGUAGCUUUAUGGGAUCUGCGUAACUU,1
UCAUCGGACUGGUGGCCUUGUACCUGGUGUUCGGUUAUGGA,1
CUGCAGGGAUCUGCAGCGACUGCAGCCAUGGGGGCCCACCU,1
GUCUUGAUGACUGCUGAUUUUCUGGAAUGGAAAAUUAAGUU,1
UAAUCUGGAUUCUGCUAGAUUUCGCUACCUUAUGGCUGAAA,1
UAUAAGAAGGGCAAGGAUUCUUUGUAUGCCCAGGGAAGGAG,1
UCCGCGUCUCCCUCGCGAACUCGGUGAAAGGAAUUGGCGCC,1
UCGUCUCUGGAGGAGAUGACUAUAAGAUUAAGGUACAGAGG,1
UCUUUGUGAGCUGGCUGAUCUGCAAGACAAAGAAGUUGGAG,1
UCUUGCUCAGAACUCUGGUUUUGACCUUCAGGAAACAUUAG,1
GCCUGGUGGCGACACGAUCUUUGGGAAGAUCAUCCGCAAGG,1
CCCCAUAGCCGUGGGGUGACUUCCCUGGUCACCAAGGCAGU,1
AGUCUGCAGUGGACUGCAGUUGCCACCUUCCUCUAUGCGGA,1
UGUCCCUACUCUGUAGAAUCUGGGACUGGGCAAAUGUUUGU,1
GGUGUCCCUACUCUGUAGAAUCUGGGACUGGGCAAAUGUUU,1
UGGGACUGAGUACUGGAUUGUCCGGAAUUCAUGGGGUGAAC,1
GCAUCAGUGAUGGGACUGAGUACUGGAUUGUCCGGAAUUCA,1
GGAAGGACUGAUCUGUGUGCUCUUAUCACCAAUCAGUUCAG,1
AGGUAUGGAACCUGGCUAACUGCAAGCUGAAGACCAACCAC,1
GGACCAAGAAUUCCUGAAAGUUGACCAAGGAACACUUUUUG,1
UGAAGCGACUGAGUCCGCGAUGGAGGUAACGGGUUUGAAAU,1
AAAAGGAAUUGGAGAAUUCUUUAGGUUGUCCCCUAAAGAUU,1
GACUGAUCAGUUCAGUUUGCUGUGUGUUUGCUCAAACAGGU,1
UCAAGUCUAAGGACUAUGAGUUCAUGUGGAACCCUCACCUG,1
CUUCUAGGCGGACUAUGACUUAGUUGCGUUACACCCUUUCU,1
GCUUCUAGGCGGACUAUGACUUAGUUGCGUUACACCCUUUC,1
CUUAGGUUGUACGUGGACACUAUAAAGGUCAGCAAAUUGGC,1
AUUUUACAGAUCCGCUGUUGUACCAGGGGUCUAAUCAGGCC,1
AGGUUGUCCCCUAAAGAUUCUGAAAAAGAGAAUCAGAUUCC,1
CAACUGACUGAAGAGCAGAUUGCAGGUGAGAAAUACUCAGC,1
AUCCCCCCUGGAAGAGGGACUCCAAUGGGCAUGCCCCCUCC,1
CAUCGUCCGGUUUCUCACUGUGAUGAUGAAGCAUGGUAAGU,1
GGGGACAUAAAGCCUCUGACUCAAACUCCUCCCUUUUAUCU,1
CAGCUCUGAGGACUCUGACAUGUAGGGACCUGGUUUAUCCU,1
GCUUGCUGCCUGUUGUACCGUGGUGACGUGGUUCCCAAAGA,1
CACUGAUCGUACUGGCUCACUCAGAGAGGACGUCCUUCAAC,1
UGAGCGAAGUGCUCUGGAUGUUAAGCUGAAGCAUGCACGUA,1
GGUGCUGUGCUCUACAAGACUUUUGUCCACGUGGUUCCUGC,1
CGGAGUUUCUCUGGCUGCUCUGAAAAAAGCGUUGGCUGCCG,1
UUGAUGCUUGGCAUCUAGACUCCCUUGUGCCCUCACUAUGC,1
UAAACUGACACUGUCAGCUCUUCUGGAUGGCAAGAACGUCA,1
CAAUGUUGGUGUUGUCGUGUUUGGAAAUGAUAAACUAAUUA,1
ACAAUGUUGGUGUUGUCGUGUUUGGAAAUGAUAAACUAAUU,1
AGAACGAAGAGAUUCUGAAUUCCCUCAAGUACGUCCGGCCU,1
GUCAUCAGACUAGUGCUGAGUCUUGGGGUACUGGCAGAGCU,1
CGUCAGAGCUCUGGCAGCCUUCCUCAAAAAGUGAGUUUGGG,1
UGUGGCUGUCUCUGAUGGUGUCAUCAAGGUGUUCAACGACA,1
CCUGUCGGCAGACUGGUGACUUCACUUUUGAGUGCAACUGC,1
GUCUCUGAGAGACUGAAGAUUCGAGGCUCCCUGGCCAGGGC,1
GGUCUCUGAGAGACUGAAGAUUCGAGGCUCCCUGGCCAGGG,1
AGUUCCCGGACAUGAUCCUCUCCGCCUCUCGAGGUACGGAC,1
CUGUAGAGUGGUCAGAACUGUGUGGUUGGUUUGAGGGAGCG,1
ACAACUUCCUGGACAAAUUGUAGGCGGCCCUUCCUGCAGCG,1
CUGUUUCGACAGCGAACAUGUCGCGGCCUGUCAGGUCAGUG,1
UUUUCUUUUCUUUUAUAGUGUGAAGCAGUAUGCAGAUGUUG,1
CACAGUCCUUCUGAGAUUGUUAAGCAGAUUACUUCCAUCAG,1
AUCAGUCAGUGCUCUGACUCUUGCAACUGAAACUGUUCGGA,1
GGAGCUCUACGCCUCCUACGUUUACCUGUCCAUGGUGAGCG,1
CCGCCAGAUCAACCUGGAGCUCUACGCCUCCUACGUUUACC,1
GGCCGAGCUCAUGGAGCGACUCCAGGCUGCGCUGGACGACG,1
UUUGCUGGCAGUAGAACACGUGAAAGACGAUGUCAGCAUUU,1
GAGCCAGUCUCUGACAGACCUGGCCAAGUACAUGAUUGGGC,1
CAGAACUCUGGUUUUGACCUUCAGGAAACAUUAGUUAAAAU,1
AAGCGUGCUCGUGCCCGUAUUGCCAAGGGGCUCAGGCUGUG,1
AGUGCUGUGGAGCAUCCGAGUGUGCCAGAGUCUCCAGAAUU,1
GUUGAGAGCUUCUCAGACUAUCCACCUUUGGGUAAGGAUGA,1
GUGUUGAGAGCUUCUCAGACUAUCCACCUUUGGGUAAGGAU,1
UGUGGACCUGACCUCCAAGCUCUCUGUGAUCAGUGUGGAGG,1
CUGCUGGUUGCUCUGUGCUUUCACCUUAAAGCUCUGGUAAG,1
AGCCGCAAGCUCGAUCGACUUGCCUACAUUGCCCACCCCAA,1
CAGCCGCAAGCUCGAUCGACUUGCCUACAUUGCCCACCCCA,1
UGGGACCAUUUGAAGAUCUCUAUUCCUAUGUGUCUCAGCUU,1
AUUCCUUCCCUCCAGAAGACUUUGGCAUUGUGUCUGGAAUG,1
AGACUGGCAAGAUUACUGAUUUCAUCAAGUUCGACACUGGU,1
GGACUUGCUCCUGAUCUUCCUGAAGAUCUCUACCAUUUAAU,1
AAGGGACUUGCUCCUGAUCUUCCUGAAGAUCUCUACCAUUU,1
CAAGCUCUGGAUCGAGCUGCUCGUCAUCCGGCCUUCAUCGC,1
AAGUCUCUGGCUCUUGACAUUGUGGAUGAGGAUGUGAAGCU,1
GAGAUGUCAAAGGACUCUCUUCUAGGAGACAAGGGGCAGAC,1
AGGUGAACGGCUGUUUCCUCUUAUUCAAGCCAUGCACCCUA,1
UUCGUGUUCGUCCGCGGAGAUCUCUCUCAUCUCGCUCGGCU,1
UGCUUGGCUCUUCCUUCUGUUCUAGUGAGUGUAUGAGACCU,1
AUUCGGAUGAAAACUGGAAAUAAAAUCAGGUAAGACCUCCA,1
CGUCUCCGGGGAACCAAGACUGUGCAGGAGAAAGAGAACUA,1
UGUUUUCCUGCAGAUGGAACUCCCAAAAUUAUUUCUGCCUU,1
CCCAAGGGGACAGCCUGAACUCCCUGCUCAUAGUAGUGGCC,1
AAAGUUGGAGUAGGAACCUGUGGAAUUGCUGAUAAACCUAU,1
GGUGGUGGGACUCACCGCUCUGGCCAGGGUGCUUUUGGAAA,1
GACGAAGGGAACGUCAUCGUUUGGAAAGCGUCGCAAUAAGA,1
GCAGUUGCCAAAACAGAUCCUGCCUUUAUGGAGGUUAUAUU,0
GAUCUUUAGCCAUGUUUAACUUGUUUUCUCCAAUUCAGUGC,0
AUCACUUGAGCCCAGGAGCUUGAGACCAGCCUGGCCAACGU,0
GCCUUUGGAAAAAUGCUGCUUCUGUAAACAGGACUCUUUUC,0
AGAGGUUGCAGUGAGCCGGAUCAUGCCACUGCACUCCAACC,0
AAUCCCCUCUAUUAGCUGACUCAAAUGUUAAUUGGGUAGCC,0
CUUGCCAUGACCUCUGGCCCUGCUCCCUGCUGGAAUUUUCU,0
CAAUUCCUCCUCCUGCAAUAUGCAGAAUUUGUAAAGGGAAG,0
AUUUUUUUUUUACUUCUUUCUUUUUGUAGUCCUCCUGUAAA,0
UGCAUCAGGGAAGCAGAGGCUAGAAAAGUAGGCAGGGGAUU,0
UGUCCAUUAGCAGCAGCAUUUGCUGGCAGCAAGAGGGGGAA,0
GAAAUCCCUCCUCCUGAAAAUAAGCAUGGAGCUGCGUCUUC,0
ACAUAUGUAUACAUGUGCCAUGCUGGUGUGCUGCACCCAUU,0
CCCGGCCUUGAAAAUCUUUAUAGUAAAAAGUUGAAAGAAAA,0
ACCUUAUAUAGGAUAGAAGCUACAGGGUUAAAACAGUUGUG,0
UCCCCUGUUUAUGGACAGUGUUUUUAGUUUGGGGCUCUUCU,0
UGGUUCCUCAUCUUCUAAUUUACUGACAAAAAGGCCGAACU,0
CAGCCAAGAACUUUUAUCAAUCACUAAGUAGAGACACUGUG,0
UUUUCUCUCACUCCUUUGUCUUCCAUCCAUUACUAUUUUGU,0
UACAAGAUCUAUUAAAAAUCUGUUGAAAUUAACAGAUUGCU,0
AGAUAAUAGUAGUACCUAUUUAAUGAAGUUGUUGUGAGGAU,0
UGGGAAUGGCCGGGACUCUUUUCCUGUGGGGCCGGGCAGCC,0
AAUUAUUAUUAUACAUUAAGUUCUAGGGUACACGUGCACAA,0
UUAAAAAUUUUUUAAUGCUUUAAGCCCAGCCAUAGUAUGAU,0
AGUAUGAUGUGAGGCCAGGAUUAGGUUUCAUUUUUUUCCAU,0
ACUACAAGACAGUAGAGUCUUUGAAGAAACUUUGAAGAAAG,0
GUGAAUAUACAAAAAGCCAUUGACUUGUACACUACAAAUGG,0
UAGAGAAAUAGGACAUGCUCUGUGCAUCAAGAAAAAUUGGA,0
AUGUUACUUACAUGGUUGUAUUUACAUUUAAAAUAGUAAUU,0
AAACCCAAGAAAACACAUAUUCAAUACCACACACAUGUCCU,0
UAAAGAUGAAUCAUUUAUAAUUUGUGUUCUCAAAGACUUCA,0
UGGUGGCAUAAUUUUAGAUUUUUAACCAAAAUGUACCGAAU,0
ACAUUUAUAAUAAAAGGAGGUGCUAAAUUUCAGUUAGAUGU,0
CAAGAGUAUGUAAGCUGUCCUGGGAGUCUCAGAAAUACCAG,0
AUAAAACUGUAUAUUCCACUUUUUAUCUCCUUCCUUCACAA,0
AUGGUCUAAGUACACCAAUUUAAAGACAGAUAUUGUCAGAG,0
UUUUAAUUUCAUAUAAUUUUUCAUAUAUAAAAGAUAUUAUA,0
UGGACAUUGGUCAGUGGACAUUGGCCAGUGUGGGAGGCUUG,0
UUUAAAUCAAUUGAUGAACCUUAACUAUCCAUGAUUUGUUU,0
CCACCACACCCGGCUAAUUUUUGUAUUUUUAAGUAGAGACA,0
ACACACUCAUCAGUCUGCCCUACAAUAGCACAAUAAACAUU,0
UCCUUCCCUCCUGCUGGCCUUCCUCCCUCCCCUUCUUCCUU,0
AAAUUACUAUAUUUUCAAUCUUUCUACUUUUCAUUUAUAUU,0
UAUUUUCUCUUCAUCACUGAUUUUUAGUGAUUGUAUUAUCA,0
AAUUUCCCCCAUUUUACAGAUUGCAAAUAGAAGAUUAAGAG,0
UGCGUCUCUGUAAUCCCAGCUACUCGGGAGGCUGAGGCAGA,0
AAGUCUAGAAAGUUAUUUUAUGUGAGAGUUUCUGAUUCUUC,0
UCAAUCUUGUUUGGCAACCCUCUCACUAACCCAGGCAGACA,0
UCCAUUUUCUUUUUUUGUUUUUGAGACAGAGUCUCACUCUG,0
UCUUCCUCCCGGUGGGUUCGUGGUCUCACUGACUUCAGGAA,0
AAUGCAUGUCCCUGCCCAAAUCUCAUGUUGAAAUGUAAUCC,0
UGACCUUGGGAGGUGGAGACUGCAAUGACCUGAGAUUGUGC,0
CCAGAGCGCUCAGUAACGUCUAACAUAAUACACUUAAUUAU,0
UCUUAGGAAAGUGGCUGGUUUUACUCUGAAACAUCAUAACU,0
AAUGUUAAUUUUAUCUUUCCUGAUUUUUAGGUUGCAAAUUG,0
AGAAAUUAUUGUGUUUUUUUUAUAUUGACACCAAGCUGGUA,0
ACUUAUUCUCUUAACAGUCUUUUGCAAGGCAGAAGAUGUCA,0
AUUUCUACCCAGAAGGUUCCUUGGAGGAUUAAAUGAGGAAC,0
UGCCAAAACUGGAAGGCAGGUCUUCUCCAUCUCAGCACUAU,0
GGUUAAGUGUAUUCCUAGGUUGUUUUUGUUAUUGUCACUGU,0
GAAGCAGUUUACAGCUUCUCUUUGGUAUACCAAAAUUGCCA,0
AGAUCAGAUGGUUGUAGAUGUGUCGUAUUAUUUCUGAGGGC,0
UAGCUGGUUCUCCCUCAAGGUCUCUCCUAUGGUUGCAGUGG,0
GCUGAGGAAAAGAAUGAAUAUUCUGCGGCUGUUGCAUGAGA,0
AAAUGUCCUCCACGACUGUUUAAUUUCUCAUGUCUUUCAUC,0
UUUCCUUUUUUCCACUCUGUUAUUUAUUUAUUUAUUUAUUU,0
GCAAAUACAACGAAGAUGACUUACUCUGUUUUGUUUAAUGA,0
CAGUCAUUUUGAGCCAAGUAUUUUGAAUUUGCUCAGGGCAG,0
CUCUGCCACUCACUAGCCUAUCAUGAGGACCUCUCCGGAUC,0
UUCCUUGUUUUUGUUUUCCUUCUAAGUGACAAUAGCAUUUU,0
GAACUCCUGAGCUCAGCCAAUCUGCCCACCUUGGCCUCCCA,0
UGGAUUAUCAGUUCUAAUAGUUUUCUUGUGAAGUCUUGAGG,0
CCACAUUAUUAUAUUUUGUCUGUAAUUUCCUUCUAAAUAAU,0
AUGUUCAACUCCAUACACGAUCUUUUGUGUGUCUAUUGUGU,0
CCAAAAAAUGGAUAUUUUUCUGGGUAUUUUGAACUAGAUUU,0
ACACAAACUUUCAAACAAUGUACUCUGAGCGAGAAGUCUCU,0
AUAUGUGGUAAAGUGCUUGGUAAAUGUGUCAUCACUAUUAU,0
GCUCUUCCUGCCAGUGUUUGUCUGCCUAGCUUGUUUUCAUU,0
AAUCCUCCUCAUGCUAGCUAUUAUUAUGUACUUUCAGAUUC,0
UAGAGAUGGGGUUGGGGGGGUCUCUUUCUGUUCCCCAGGCU,0
AGAAAGACAGGAACAUUUGCUGUACUUAGGAAUUAGGUCAU,0
AUGUUUUGUGUCUGGCCUUUUUUCUGCAGUUACAUUCAUUA,0
AAUCGAUACGUAAAUUUUCUUGGAAGCAGACUUGCUUUGUU,0
AAUAGUAUUGCUUAUUUGUUUAAAUCAAAACAGCCCCAUGA,0
AUGUAUUGCGCUCUCGAAAUUUUCUGAGAGAGUAGAUCUCA,0
UGUAAAUUUGUUUAGGUUCCUUGUAGAUUCUGGAUAUUAGA,0
AACAGCAUUUAACUCAGAAAUCCCUAUGUAUAUAUUAAAAA,0
GUGAUUCUAAGGGUUUUGUUUCACAGACAGCAAAGGGGAGC,0
AACUUAAUCCACAGAUUCAAUGUAAUCCCUAUCGAAAUCCC,0
ACAUAAAUUAACACAUACUAUUUAUAUGCCCCUAGCAGAAU,0
AUCUACCCCAUAGGAAUACCUAAAUGUGUGGCUAUAUAAAC,0
GAUAUUAAAACUAUUAAGAAUUGAAAAGAAAUGCUAGGAUU,0
UCAGGCAUCUUGUUGAAACAUUAUUCAGAAUUUCAAGAUGG,0
AAUGUAUAUAAUAUAUAGUAUAUACUAUAUAAUGUAUAUAA,0
UCAGUGACACAUUCUUUUUAUGGAAGAAGAAGAAGAAUCUA,0
GUGCUUCCCAAGUGAGGCAAUGCCUCGCCCUGCUUUGGCUC,0
GCAUGCACCCAGCCUAAGCAUGAGACUCUACUAUGCCACAG,0
UAAUUAUUUCUUCCUUUUGGUUUAAAGUGACAGACAUGCAA,0
CAGAGGGCUAGAGAAGUAGCUGCUAACUGGGAGAAACAGGA,0
UCUUAAUUAUUAGUUACAGCUUGGAAUUUGCCAUUUUUUGU,0
AUUUCAACUCAAAGAUUUUAUUAUUUAAAUACUACUAAGCA,0
AAUAUACGCAAAUCAAUAAAUGUAAUACAGCAUAUAAACAG,0
CAGAAGAUGGUAUGACUAAUUAAAGCCACAAACUUACACCC,0
GAGAAUUCCAAGGUCAUAGGUUUUUUUUAGCCUUGUUUGUA,0
CAGUCAUCUGUGGUGAUUUGUGCUCUGUUCCACCUCCUGCU,0
UGAAGCAACAGCCCAAGCUGUACCUUGGUCCCUUUUAGCCA,0
UGUUCAUAUCUUUAGCCCAUUUUUUGAUGGGGUUGUUUUUU,0
CCCAAUUAUUUGUUUUCUUUUUAGAGUUAUUUGAGUUCCUU,0
UUAUCAUCAUCAUUUUGCAUUGAAAAUUUAGUACUUAUAAG,0
GCCUCCCGGGUUCAAGCGAUUCUCCCACAUCAGCCUCCCCA,0
UAUUCCCUAUGGAAUUAUAUUGUCCAUGAUAUCCAGAAGAA,0
AAUAAAAGUUUUAUAUAAAUUCUACUGCAAAUUAUAUUUUU,0
AUUUCCUUCUCCUGCCUGAUUGCCCUGGCCAGAACUUCCAA,0
GCAUAAGUGGGAGGCUGGCCUCGGACUGGGCUGCCGCCGCC,0
AUUUUUUUUUUUAAAGCUCCUCAAGGAGUUACAGGAAAUUU,0
UCCCCUAAAUUAGAAUCUAUUUCUUCUCCUGCUAGGAAUGU,0
GUGGAGACAGAAAGACUUCUUGGCAGUGAAGGCUGGUGGGU,0
CCAUUUGUUUGUAUCCUCUUUUAUUUCGUUGAGCAGUGGUU,0
AUUGGCUUGUGAGCAAAGGAUUUUAUUAAAACAUUUUGAUU,0
AGUUGGUUAAGAAAUAUUCAUUGAAUUGCAGUGGAGUAGGU,0
GCGGUAUUAAUUUCCCUUUUUGGUUGCUUGACUCACAGCAA,0
AAAGAUAAUAUUUCACAAAUUGUAGAUGUAUUUUCACAUUA,0
UUAUUGAUUCAUACUCUGUAUGCUUAUGUUUCUUCACAUUU,0
GAACUUACUUAUUCCUGCCUUAAUUUCGUUAUUUACCCAGU,0
GGCUUUGGAGCUAUAGAAUGUACCCAGCAGGAGGCUGGUAU,0
UUAGAAUAACUUAUUUGGAAUUUAAUUUAGAAAAUUAGAAC,0
CUUGGAAAAGUUGCCUGGUCUGCCUAGAGUUCAUUUUUCUU,0
GAGUAAUUACUGUCAUUUAGUAGGUUUUCCCUAAAUAGUUG,0
UCAUCAGGAUUAUUUGCAUUUUAUAAAUACCAAGUACAGAU,0
CAAACACCUAGUAGGUGGGUUCUGCCAGCAAUUGUGCAUUU,0
CUGAAUACGUCCUUUAUCUCUCUGGGUUCAGGGAAUACUGU,0
ACCAAGGGCUGGGAAUGACCUCCAAUUGAGCUCCUGCUGUG,0
UGCAUUCUAACAUGAUACUUUUACUGAAGAGUGGGAUAAUA,0
UAAUUCCUUAUGGAGCUUUUUACAGACAUAAUGUUUACUUA,0
CUGCUAACUGGUUGACCCUCUCCACCCUUUCCUUUAGAACC,0
CAGGAACCAAUUUAAAGAGAUUCUAAAGACUAAAGUUAGAA,0
ACCACUCUUGUGAGCUUCAGUAGCUCCUGCUGCUGAGCAGG,0
AUAGUUCUAGAGGCCAGAAGUCUGAAAUUAGAUUAACAGGC,0
AAGAGGAAGAAAAAUUACUUUAAAAUUAAAGUAAUAAUUAG,0
UUAUAUUUAAAAUUCAUUUUUCAUUUUGAAAGGUUUGGAUC,0
CCCCCCACCAGAAGGUGGUUUCAGAGCCGCCCUUCUCACCU,0
GUUCCCACCAUCAGUAUAUGUACUCACUUGCUCUCUACUAG,0
UGAGUAGCUGGGACUGCAGGUGCAUGUCCCCACACCCAACU,0
CAUCCUUAAGCAUCAUUAUCUUAAUAGUAGUUAAGUUUACU,0
CCUAACUCAGGAAGCUGGUCUCUAAGCCACCUGGCAAGGCG,0
CACCAUCAUCAUUUGGCUGCUGAACUGUUCUGCCAUGUAAG,0
AGGGGUCUCUGCAUCCAGCCUUGCACUUCCCUUCCAGAUAC,0
GUUAUAAGGUUUGGUAACAUUGAGAAGCUACUAGGCAUCAC,0
AUAAUCUAACUUGCAACCAAUGGAUAAUUACUAAAGGAUUG,0
UCUCUGAGCUGGACCUCCCAUGGCCUUAUGCCAAUUUCUGA,0
ACAUAAUUUUCAGAGAAAAAUUAAUUUUCUGCCACCUAACA,0
UAUUAUCUCCAUAUGUCUUCUCUCCCAUCUUCUUCCCUUCC,0
UUAACUGGCAGGAAGCAGGAUGUCACUCAGAUGGCUCAACU,0
GUUUCCGCUAAACUUAUACCUGAUGUUUCAACUGAACAUUG,0
UAAAGAUAUCAACAAGAUUCUUUUGUGAACUUGUCAAAACU,0
GUAGUUUCUCAAAUGUUAUUUGGAAUUUGAACUUUUUAUAG,0
GGAAGUUGCAAAGCCAAGACUUGAGCCAGGGUCCAAGUGUG,0
GUAGGAUCCUAUGACUUGAUUCUUUAGAAUCCUCUAUGGUA,0
UCAUUAAUGAAAGCUUCUAUUUGUUGAGCAUUUAUCUUAUA,0
CUUCUAAAUUGAUUUUAUAAUCCACAAUGGGUCACAGCCUG,0
UCGCUCCUGUAUCCUACAGGUAUGAUGAAAAGCUCACAGUA,0
AUAAGAUAAAAAAAAAUUUUUUUUUUUUUGAGAUGGAGUCU,0
UGUGAUUGUUAUCACUAUUUUUUGUUUUUUUAACAAAUGUC,0
CUCUGUCAUCUAUCGUCCGGUGGGGCUUUAUUUUUCCCAUU,0
UGUAAUACACUAAGGGAAGUUAUAUACUCCUUCACAGCAAG,0
UUUGCAACUCUGUGGAAUUUUUUUUCCCUGAAUAUUUUCUA,0
UCAGCUAUCUUGUUCAUUGCUAAAUAGCCAGGACUAGCCCA,0
UGUUCAUGCGCUCGAAUCCCUUACAGGAGGGGGAGCAUGCA,0
UUUUAUAAGCACAUUUAACAUUGUAUCCUGCAGCUGAAUUU,0
UGUGACAAGUUAGAGCUCACUUUCUAUAGCCAGAUCCCCUC,0
AUAUACUCUGGGAAAAGCUGUCUUUGGAUGAGGAUAAGAAU,0
ACAUCUCAGUCGUUCUCUGCUGUUAUAUUUUCUUAGAUGAA,0
CAGGAGUUUUAAAAUCAGUCUUUGGUUAGCAGCAUUUUUAG,0
AUAUGAAAUUUAAAGUAGUUUUUUCUAAUUCUGUGAAGAAA,0
UUGCAGUUGGAGGAAGUGUGUUAGACUCCUGUGAGAACCAC,0
UAGAAAACUUCCAUUCUAGGUAUGACACAAUAGCAAAUUUU,0
UCUAAUACCCAAAUAAGAAAUAUUUAAGCCCACAGUCCCUG,0
GAUAAAUGCAUGUAUUCAUCUGCCUUGUUGAAUGGUAAAUC,0
AAUCUACUACUGUUCUCCAAUUACCUUGUUUUUCCCCGCUU,0
UGCCUCAAGGUCAGCACUGAUCCUGGUGUCUGCAGCAGGGG,0
GUAACUAAUAUUUAACUGAGUUCUUAUUAUGUACCCAACAU,0
AUGUGUCUCCUUUUCCCCCAUCCCAGUUCUGACUUAAUAGA,0
CAUUCUUAGUACUUGACUCUUUGUACACAGGGGAACAUUUU,0
CUAUCACAUCAUCUUUUAAAUACUUGAUAUCUGCCCUUUUC,0
UUAAGAAUUGAGUUUAACAUUAAUAGUACACUAAUGUAAAG,0
CUCCAGACAAGAGCAGAGCUUUCAAUGUAAAUUUUAAACAA,0
AUGAAAUGCAGUAUUUUUUUUAAUUUUUUAUUUAUUUAGUU,0
GAGGCCGGGCAGCGCCUGCGUAUUGAAGCCGAGGGAGCGUG,0
AGAUAUCAUUGGAAUAUAAUUUCCACAAACUGGGGAAAUGC,0
AGAGGUUUACAACUUUAAAAUUUAAUCAUAAAAAUCAUACA,0
CACCUGGCCAAGAGGGCUGAUAGUAAAUUAUUGCAAGUGAA,0
GGCAUUAUGUUAAGUGAAAUUAGCCAGGCACAAAAAGACAA,0
UUUUUGGUUCUCUUACUAUUUAAAAAAACUGCAUGUAUUAC,0
GGUGUUCAGAGAGGGCUUUCUGCAGGAAGUAUUAUCCCUUC,0
AAUUACUUAUAGAGGCAUUAUUUUUUCCCUCUAAACUGUAA,0
UUGUUGAAAAUGUCAGGAUUUCUUUCUUUUUUAAGGUUAAA,0
UUUAAAAGUUAAACAUAUAAUUACUAUAUGACCCUGCAAUU,0
CUUCUGUCUAAUGAGUAUUUUCAUUGAGCCUAUAGAUAAUU,0
AAGAAAAAUGUAAGAUAUCUUAUUUAUAAUUAUGUUCAUUA,0
UUAGUGAGGGCUGGGCACGGUGGCUCACGCCUGUAAUCCCA,0
AUAUUACUAUUAUGAGUAAUUUAUACUUUAUUCCAACUGCA,0
GUCCUUUCUGUUUGUUAGUUUUCCUUCUAACAGUCAGGACC,0
CACUUAUGAUCCCCCAAUCGUCAAACAAGAUCUGUACAGAA,0
UUGGUAAUCUUAAAUCAGCUUUCCUGUGUGACCUUACAGGU,0
GUGUGGCGAUUCCUCAGGGAUCUAGAACUAGAAAUACCAUU,0
CGUGGCUAAUUUUUGUAUUUUUAUUAUAGUAGAGUAGGCGU,0
AUGGGAGUGAAGAUAUCUCUUUGAAUUACUGAUUUCAAUUC,0
AUCUCAUUGUAAUUUAACUUUGCAUUUCCCUGAUGAUUAGC,0
UGAUCCAGCAAUCCCACUUCUGGGGAUAUAUUCAAAGGAAU,0
UAACCAUUUCUUUCUUUCUUUUUUUUUUUUUUUGAGAUGGA,0
GGGCAAUCAUAGCACUCAUCUCAUCUGUCAAGUUUAUCUUA,0
UUGUCCAGUGGGUUUUCAAGUAGUGGGGCUCCCUCUUGGCU,0
CUCUGUUAUUUUCUUUUAGCUUGUAUUACCUGCUACCAUAC,0
CUUGGCUAACAGAUAUAUUAUUCACCAGUUUUCCUGAAAUA,0
GGCGCAAUCUUGGCUCAUUGUAACCUCCACCUCCUGGAUUC,0
UCUAGAAGCAGAAAUACCAUUUGACCCAGCCAUCCCAUUAC,0
UUAUAGCAACCCCAGAAAACUAAUACGGUGUUUAAUGUGCU,0
CUUUCCUUUUCUAAGUAAAUUUUGUGGGACAUUUGAAACAC,0
CCCAAACCUCAACUCGUGACUUCUGUGCACCCACAGGCUCA,0
GAUUUAAGCCCAAUUAAGUUUUAACGUGUCUGUUCCAGUCU,0
GCCUCCAAGAAAUGCGAGAUUAUGAUAAAUGGCCAAACCUA,0
UUUAUAAUUUUAUAUUCAUGUCUUAAAAUUAUUAUAUUACU,0
UUACAAUUUUUGAAAGGCAUUUUGAAAUAUUGACAAUAGUU,0
CUGCAGCCCUUCAUCUAUCCUUAAGUCCCUUGGCCAAUGGU,0
AAAAAAAACUAAACAGAUGUUUAGGUAGAAGAACUUGGAGG,0
AAGAAGUAUUAAAAGAAAAAUCUAUUCGCUUGUCAACACAA,0
GCAGCUAGUUUGGAAAAGUAUGGUCCAUGCCAGGCAGAGUG,0
UGUUCUCAGCCUCCUCCUCUUCUCAGGUAACUCUGAGGAAU,0
UCAGAUAAAAGAUUUUCAAAUAUGUUCUCAUUCUGUGCGUG,0
GGGAGGUAGCCAGCUAGGAUUGAGCAGGGUCAUGAAAUAAU,0
UUUGUAAAAAGUACUCUCUAUAUUCAAAAUUUGAGCCUUUU,0
UUCUCUCUACCUCUGAUGCCUUUUUCUGAAGCUCUUAUAUA,0
AUGCUCACUAAUACAAUGCCUGCUUCUGCUGCUGUUGCUAU,0
CUGAGAGGAUGGCAAAGGUGUUAAAAAUUUAAGAGAAAGUG,0
UCUAGACAGCCAACCUGGCAUAGAAGAACUCUUACCCACUG,0
AUAUGUGUUGACCCUCUGUUUUGACUUAAAGUCAAUUUUGU,0
UUUUGUUAUUAUAAAUGACAUCACAUAAAACAUCUUCCUGA,0
UCUGAGCUACUAUUUCAAAGUUUCAUGAGGGUUGAAAAGAC,0
AGAAACCAUGAAUUGAUUUGUGUUGUUCUAAUAAUGCAUCA,0
UCGCUUCAGUGGGAAGUGCUUCCCGUAGGCCUCCUCUGUGC,0
CACAUUUUCCCUUUGGACUUUAAACUUCACAUCAACUCUUA,0
ACAUUAUUCUGCAAUUUCUAUAGAAAAUAUCUGUGACAACC,0
AUAAAACCCAGUAACCCCACUUCUAGGUAUUUGUCCUAGAC,0
GGAAAUCUUUUGAUGGUCUAUCAAUUUUUCAGAGAAAUGGU,0
GGUCUCACUCACUCUUUUUUUUUUUUUGAGACAGAGUCUCA,0
UUGCUCCAGUCGUCUUCCUGUAUAAUAAAGAUGAUCAUAGG,0
GCCAUCUUUGAUCUUAUCUAUGCUAUAGACUGAAUGUUUUU,0
CACCAUGAGUUUCAAGGGUUUGGAUAUUUCUGUUACGUUUG,0
UUAAUGCCGUCUUCACGUGGUAGGCUACCAGGUCUUUGAAG,0
CAUGCCUCUAUUUUUUAUUUUACUGUGUUGUAAUUAUUUGU,0
GAAUUUUCACAAAAUUAUCCUUGUGACUAAUUCAGACAAUC,0
AGGAGGCUUAUCUCAGCAAGUGGACCAAUCAAAAAAUUGGU,0
CUUUAAUUAAUGUGGCUAGAUGUUGUGCAGUCCUUCCACUG,0
CUUGGAUUUGGCUUUUUUUUUAAAGGGAACACUCAAAAGUA,0
UAAGGCAGAAACCAAUAAAUUCUUUGAAACUAAUGAGAACA,0
CACUGGUGGAAACAAUAAGAUUUGAAUGAAUUCCCCAGAAU,0
GGCUAGCUCAAAUCCAUGCCUCAAUUUAUUUUCCUUUGCCU,0
UCCUCACUUAUAUCAAGAGAUAAUACUAUCUACUGCACAGG,0
GACACUAGAACAUAACUGUUUUAUACUUCUGUAAUAUAUCA,0
GCCACCAUUGUUGCCAUCGUUGCAUUCAUCGAUGUCAUUGC,0
CUCUGGGGAACCCUCUACUCUCACAGCAAUGACCUGAGAGU,0
UAUAUAUAUAUAUAGAAAGUUAUCAAGAUUAACAAGGUAGA,0
UCAUUUCUGGAUCAAAAGAAUAAGAUUAAUGAUAAAAUCAU,0
CCCCUCCUUUGUUUCAGGCUUUGUAAUUUAUAAGUCUUAUC,0
AUGCCACAGCGACCUCCUUCUCAGAACCCUGGCUUCCCAUC,0
UACACACACACAUAUAUAUAUAUACACACAUAUAUAUAUGU,0
CUUUGACAGAAAAUUUCUUUUACUAAAAAGAUUUCUUCUAA,0
UAAAAAGACUUAGCAAUAUUUUGGCUUAUGGAUCUGAAAGG,0
GGCUAAUUUUUUUGUUUUUGUAGAGACAGGGUCUUGCUAUG,0
CAUGUUAAGCAAUCUAUAAAUGUUUAUUUUUAAACAUGUAU,0
AAGCUGAGACAGUGUUGUAGUGAUAUUCACUUGUAGAACAC,0
CUGUUUUUGGGUACCUGGUCUGAGCUCUUGCCUCUGACUCA,0
GCUGGUCCUGGAUUUGGGGUUCCCACUGGGAGCAUGGCUCU,0
CCUCUUUCUUUUUGUUCUAGUCAAGCCCUCAACAGAUUGGA,0
ACUAGGACCAUAGUAGCCAUUCAAAAUGAUAUAGGAAUUAU,0
UCGAUUCUUUUUUCUUUCUUUCUUUUUUUUAGAAAAAAGGA,0
GCUGGCCCAUGUGGCCUCUGUAAUUCACACAGCUCGCCUCU,0
CCUAACCUCCCUGUUUCAUAUUUCUAUGCAACUGAGGGCUU,0
GUCUGUACUUAUUCCCCUAGUUUUAGAACUAAGCAAUGUAC,0
CAUGCCAUGAAUGUUUAGCUUACUGAAUUUUCACAAAUUGA,0
AGUUAUGAUGAAUGUCAUGCUUUUCUCUUGCUUAGAGGGUU,0
UAACAGUGUAAAUUGACAGCUGAUUUUCACAAGUGCAGGAC,0
UUCUUGGAGGCUUUGCUCAUUUCUUUUUAUUCUUUUUUCUC,0
CCAGUAAUGGGAUUGCUGGAUCAAAUGGUAUUUCUGGUUCU,0
ACAACAGCAAAAAAAGAGAAUUUUAGACAAAUAUCCCUGAU,0
UGUCCCCUACACAGCUGUGCUGGGGACGGCCAGUGGCCGAC,0
UCCUGGGGAUAGGGUAGGAGUAAAUAUAAAGUGAAAGAGCA,0
UCUUCUGCUAGCUUUUGAAUUUGUUUGCUCUUGCUUCUCUA,0
GGCUCACUGCAAUCUCCGCCUCCUGAGUUCAAGUGAUUCUC,0
UACACAUCCUGUGGUAUUUGUUGGUUGGAGGAAAGAGGCUC,0
GUUGAUGUUAAAGCUGUAAGUAAUAUUUUUAUGAUUAUACU,0
UUAGAAUGGUCUAUAAACCUUUGCAUUUGCUGUCCCUGCUG,0
GCUCGGUCUAACAAGGAAUCUUUUAAAUAAAGCUUUGCGGG,0
UCCCCAGCCACGUGGAACUUUUGUAAAUUGCCCAGUCUUGG,0
GUGUUCAGGUUCUUGGCAUUUUGAACAAAGAAUUAGACAAA,0
AGUGUCUUGUUCCAAUGCCCUCCUUUUUUUUUUUUUUUUUU,0
GAGAGCUGGCAGAGCUAUGCUAAUAUUGGGCAAAAUAAAUC,0
AGAACAAAGGUGUCCCAGGGUUUCUCUGGAGCAGCAGAAGC,0
GUUUUAUUUCAGUUUAUCACUUGCUUAUUUUCAAAACGUUU,0
UGCAAGCUCCACCUCCCAGGUUCACACCAUUCUCCUGCCUC,0
GGAGAAGCUUCAGAGAUGUAUUUGCUAAAUUCAAGGAUUCC,0
CUGGCUAAUUUUUUUGUACUUUUAGUAAAGACGGGGUUUCA,0
ACUUCCGUUCAUGCUUCCAUUCAACCUCACUCUCUUGCCAA,0
AUCCUUCAGAUAUGCUUCUGUUAAUUGUGGGCUGGGAAGCU,0
GUCAUAGCUCAGCUGCUUUUUCAAUGUGUGACCUUUGACAA,0
AUGUGAUGAUUGUAGAGAUUUCCAUGGAACAUGACUUGGGA,0
CUCUUUGGCCCUGGUGAACGUCCUGGCCUUGGUCUCCUGAG,0
UGCUCAUAUACUCCCUGCCCUUUGGUUAAUUCCUGCUCCUC,0
CAGCCAAACCAUAUCAGUAGUGGAAUUCGAAUUCAAUCUCA,0
CAAAUAUUUAUUGAGCAAUGUCUAUGUGCCAUUUACUGCUU,0
AUAUACCCAGUAAUGUGUUUUCUGGUUCCAGUGGUAUUCCU,0
GAUGUAUUUUCAUUGGCUAAUUUGUUCCUAUGAUCCACUUG,0
CAGUCUGUCUUAAAUCCUUCUACCCAUCCUUCAGAGUUAGG,0
AAAAGUGAGACCUUUUAUUUUUUUUUUCUGAACUGUAUGCC,0
UUAAAUUAGACUCCUAAAUUUUAAAAAUAUUUUAGAAAUAU,0
UGAAAAGGAAGUGCUGAGUCUAUUUCAAACCAAACUCAGGC,0
UCCUGAAAUCAGGAAGAAAGUUUCAAGAAUAAAGUAAUCCA,0
GUUAGACUGAUUCCUCCCAAUAUUCUUCUUUUUUCAAGAUU,0
GUGGGAAAUGAUGAGAAGUUUUUAUCAUCAUAGCAGCAACU,0
AUUUAUCAAUUUUGCUUUUGUUGAAAUUGCUUUUGGCAAUU,0
UUACAGGCCAAUGCCUUUUUUUUUUUCCUUUCUCUUUAAUG,0
UGCUAAUUGCCAUAGCAGUAUAGAAACUCUUUCAAGCUGUG,0
UUCUAGUUCUUUAAGAUACAUUAUUUGGUUGAAGAUGUUCU,0
CCACUUCCCAUCCUUUACUCUCUGAGAUCUGGAUUUGCCUU,0
GAGAGAAUUCUCAGGAGACCUGGUCAUUUAAAGAUAUGUGG,0
GAUUCAUGCCAGAAACCCAGUCUUGUCCCAUUUUGUCCCCC,0
AUCAGGAAGUGAAAGUAUCCUUUGUCCCUCUGCUUGAUUCU,0
ACCUGGAGUUUGGUUUGUGUUCUUGCUUCACAAAAUGCAUC,0
UAUAUAAGCAGUUCAUGUUAUAUCCAUAUAAUGGGAUAAUA,0
UAUUGAUCAACUUAUUUAUCUAUCUACCUUUUUAUAUAUGU,0
CCCUGACAGUUAUAGUGAGAUUGGUUCGCUAGACUCAAUAC,0
AGUCUCCAAAACCAUGGUCCUAAUCCCAAAAGAUCACUGAG,0
GGGCUCUGAUUGGCCCAGCUUGGGUCAUGUGCCAAUCCCAG,0
AUGACCACGUAAGAAUUCUUUGUUGGAAACUUUCUGUAAUU,0
GACAUAGUCUCAUUUUGUUGUCCAGGCUAGUCGCAAACUCC,0
CAGUAAACAAAACAAAUGAUUAACUGGGAAUAAAGAGGUUU,0
UUCACUUGGCCAUUCUGCCUUUAUGUUUUUCACUUUCUCUG,0
ACUGAGGUUUAUAUUUCAUUUCAAAAAUACAGUUGUUUACA,0
UUCUCUAAUGCAUGUCAACUUUCUUCAGGGAGAUGUGCGUG,0
UGUUGAACCAACACCUUCCUUUCAGCUCAUAUAUAUCCCCU,0
AUAGUGAGAAGGCAGUCCUCUGAAAGCCAGGAAGAUAGCCC,0
GCUGGUCAGAUAGUGACCUUUGUCUUGAAUUUUCGUAUUUC,0
AGUAUGCCUGGCUAAUUUUUUUUGAGAUGGAGUCUCGCACU,0
UCUCCUCCUCAUCUUUUUUCUUAUUUUUAAAAUUAAUUUUU,0
UGCACUCAUGAAUUACAUUAUUUCACAAUUAUUGCAAACUU,0
CCGAGAUAGCACCAUUGCACUCCAACCUGGGCUACAGAGUG,0
GUUUGCUGAGAUCCUUUUACUUUUUGAGAUCUUUCCUUAGG,0
UCUGAUCUUAUGGCUUUAAAUACCAUGUGUCUUCUGACAAC,0
AUAAAUUAAUUUGGGCAGUAUGGCCAUUUUCAUGAAAUUGA,0
AUAUUGAUUGUCUCUUCAGCUAAAUCCCCAAUCUAAAUCCA,0
GCAAGGCUUAUUCAAGGAAUUCAAAGUUGGUGUAAGAUUUA,0
UUUGUUGGUCAUAUAACCAGUUACUACAACUGCAAAAACAA,0
UGUGAUCAAGCAACUUUAGUUUAGAUGUUGGGAGCACACUU,0
GCACCCACACAUGCAUAACCUCCCUUUAAUAUCAACAUCUG,0
CAACCUUUUAUGUAAGCUACUACCAAACACUGGGUUAUCCA,0
AAACAUUUACCAAAAGAAGAUACACACAUGGCCAACAUUCA,0
AUACAAUUCUUAAAUACAUUUUGAAGAAAUUUUGAGUUUAA,0
UCUUUCUUCCUCUUUUUUUUUUUUUUUUUGGAGACACAGUC,0
GUCUCACAUAACAAAAACAUUUAUAGGUUCUAACCAAGUUC,0
AUGCCUGUAAUCCCAGCACUUUGGGAGGCCAAGGUGGGCAA,0
CACCAUGCCAGGCUCAUUUUUUGUAUUUUUAGUAGAGAUGG,0
AAAGGUGAGUGACGUAUGCAUCUUUGCUUCAGGAAGGAAGC,0
AAUACCAUCACCAUCUUUAUUACCAAUUACUAUAGUCCCUU,0
GAUGUUGAACCACCCUUGCAUCCCUGGAAUAAGACCCACCU,0
GGACAACUAUUUCUCAAUUUUGCGUAAGAUUCUAUUCAAGU,0
AGAGGCAGAGACAUCAGAGCUGUCUUUCUUUCUGCAUACAC,0
GUACACAACUGCAUGGCUAGUGUUGCCAUACAGUGAGAUAA,0
UUGGUGACUCGGGGCUGCCAUAUGCAGAAGCAUCUCUGGCA,0
UAUAGUUCCUUUAUUGUCAUUGAAGAUUUAAAAUCUAUAAC,0
UGCUGGGUGACGUGGCCUGGUGCAAGAGCAGUGGAGCUCUU,0
UUUAUGGCUGCGUAAAAUAUUAUUCUAUCAUAUCAUGAACU,0
UUUAAGUCUAAAUAAUUUUUUGGCAGGUGGCUAUGGAAGAA,0
AAUACUGCCUAGUACAUAGUUAGUGCUCUAUAGUAAUUUAU,0
UCACCUUUGUUUUAUUUUACUUUGUCAUCAAUGGUUAAUAU,0
UUCCCAAACUUGGCUGCACAUUAGAAUCACCUAGAGAUCUU,0
GUAAAUGUCACCCACCAGACUAUCCUGGGGGCUAUGAUUAU,0
AAGGAAUUUGGGUUGUUUUCUAAGAAUAAUGGGGAGGCAUG,0
GCUCUGACCAUUAGGGUCAUUAGACACUAUGGAACCUUCUC,0
UUCUCCCUGGUUCUCAGAAAUGCUGCAGUAAUGAAGCAGUG,0
CAAAACAUUUUGAUGUACAUUAGUUAGCAACAUUUGAUAAA,0
CACACAGACCUGUGAAGGCCUCACCACAAUAGCUCACCUUU,0
GGGAUCCAAACUCCCCCCAGUUAACUUCAGUGAGAGAUAUA,0
GUGAUCUGCCCGUCUUGGCCUCCUAAAGUGCUGGGAUUGUA,0
UAUAGAGAAAGCAAAAGCCAUCAUUUGGCUUACCUCAUGAA,0
CUAUAUUCUCUUCCUCCUGCUCCUCAGCUGACUCAAUGUGA,0
UACCACAUGUGGUAUUUCUCUGGUAGAAAAUGAAUGAUCUC,0
CCUGGGGACUGGGGAGGACAUGCUGGAAAAAGGAUCUUUCA,0
UGGAAAGAUUAAAUGUGUCUUGUGCUGCUGUCGAUGGAGGG,0
CCCCACUCUCUUCUGGCUUGUAGGGUUUCUGCCAAGAGAUC,0
AGCCAAGUAUUCUGAUCACUUUUUCCUUAAUGAGAGGCUCC,0
UUUGUUUGUGUCCUCUUUUAUUUUGUUGAGCAGUGGUUUGU,0
AACUAGUAUUAUAGUCCUAUUACACUGGUACUAAUGAGGUU,0
CCUCAGGUGAUCUACCCGCCUCAGCCUCCCAAAGUGCUGGG,0
ACUUAGAGAAAUGCAAAAUAUACUGGAAAGUCUCAGCAAUA,0
AUGUCUUCUGGAUUACUUUUUUUUUUUCUCCUGGUGAGAAG,0
AUUUGUAGAGUGCCAGACAGUGUGCUAAGCCCUUUAUCGCA,0
GAGACACAGUAAGAUGAAUAUCUUUCCUGAGGACAUGUAGU,0
AAAUUGGAUCUGAAGCCUUCUUGACAAUGUGACUGUAUUUC,0
UUUUUGAGACGGAGUCUUGCUCUGUCGCCAGGCUGGAGUGC,0
UUGUGCUUAUUUGGAUCUUCUUUCUUGUUAAUCUAGCUAGU,0
GAUGAACAUCGAUGCAAAAAUCCUCAACAAAAUACUGGCAA,0
CUUCUUGGAGGCUUUGUUCAUUUUUUUUAUUCUUUUUUCUU,0
CACAAGAAAGCAGCAAGCUCUCCUCUAGUGUGAGGAGUGAC,0
UUGUAAAAUAAUGGCUUACUUAGUGAAGCAAGUUACAUACA,0
AUAUUCAUUAUAAAUUAUUUUUACAUGUAAGUCAUUACUAU,0
UCUGAUCAUUUCCAGAUUAAUGAUACUCUUAAAGUUUAGUU,0
UCAUAAGUUAUGAAGACAGUUUGCUUGUAAUGCAGAGAAGA,0
GUAUCAAAAAUGUGAUUGAUUCAUUUGUCCUUUAUUCACUU,0
CUGUAAAAUCAAAAGCAAAUUAGUUACUUCCUAGAUAGAAU,0
GAUAACUGUACUUCUUCCUUUCCAAUCUAGAUGUUGUUUAU,0
GUCUGGGCUAGUAGCACCAAUAAAUCAGCUGAGCAGUCAGG,0
GAAGAACACAUGUGAUUAAGUCACUGUCCAAUAAAGUCUGU,0
UGGCAGUCUUCUCAAUUUUUUGGUGGGGACGGGGAGGUGGG,0
UUUCUAAUUUCAACUCUUCUUUCUCUCCCUUCCACAUAGAC,0
GCAAACGAAGAAAAUAGUAAUAGCACUGGAGGAAAAACUAG,0
AUCAAAGCAAGUCAUCUACUUCCAAAAUGCUAUGGUAGGAA,0
CUGAAAAGGUUUGCAUGCCUUACCAAACCGCCCUGAGCAGG,0
GAAAGUCAAAAAUAAGUUUCUGUUUGCUGGUUUUCCUGGCA,0
CUGGUCAAGAAAGAGUGGCUUUCAGCUCUCAUUUAUCUACC,0
AAUGUUAAUUCUCAAAUCAGUUGGAAGCCAACUGUGUGUUC,0
AACUUGAUAAAGAACAUCUAUAAAAACUCUACACUAAUGUC,0
AAAUUGUCAUUUUAAGCCACUAAAUUUUGGGAUAGUUUGCU,0
AAGUGAGAAUAUGUGAUAUUUGUCUUUUUGUGUCUGGUUUA,0
CACAGGGAGAAACUCUCAUCUGAAUAUUCAAUCAACAAGAA,0
UAGCACUAUGUGUCAGCAGCUUCAUUCAUUUCUCUGCUCAU,0
CUUUGCCCCUAGUCCUUGUCUAUCUAGUCCUCACAAACAUU,0
GUUACUAAGAAAAUCUGCUUUGGGCCGCAGCAGUGCUGGGU,0
CCUUUUUCAGCCGGGUACAGUGGCUCAUACCUGUAAUCCCA,0
UUCUUGAUGUCUUUUAUCAUUUUGGAAUGAUAAUAUUUAUG,0
AACUUUUCUCUUCCAAUGUGUCUUUGGGUUAUUAAUUUUUA,0
AUCACUUGGAUUUCAGGAUUUUUUUAAAUUACCAGAAGAAC,0
AGGGCGAGGCAUUGCCUCACUCGGGAAGCGCAAGGGGUCAG,0
GUACACGACAGCAUUCCACCUGGAGGCCAGAAUGCAAGGAC,0
UUUUAUAAGAAACUGCCAAAUGCCUUUCCAAAGUUGUAUCA,0
UCAUGACCUUGUUAAAAGGCUUUGGGGUGACAGAGGUGAGA,0
ACCUGAAUAGCCCUCAAAUAUUACAUAAAUUGAAUUCGUAU,0
GACCCCUCCCUCCUGAGGUCUCAUCUCCUUACCAAGCUCCC,0
AGUGGCAGGUAGUUAAAUUCUGUACUUUUACUGUUUAUAGG,0
AGCUUAAGGAGAUUUUGGGCUGAGACUAUGGGGUUUUCUAA,0
ACCCCGUCUCUACUAAAAAAUACAAAAAUUAGCCAGGCGCA,0
UUGAAUAGAUAUCUUAUGUUUACAACUCAAUAAUCUUUAUA,0
GAGGUCCUUCUGAAUUAGAGUGGGCCCUAAAUCCAACCGGU,0
AUUUACUGAUUCAUAGUCUUUACCACUUAAGGGGAGGGUAA,0
AAGGCAAUGUACAAGGCCCUUUAUAUUUGUUCUUUGUUCUU,0
GGGAUUGAGGUGGGUGGAUCUCUGGGGCCAAGGAAGAGCCG,0
UAACCAUGUGAUUUUUGUCAUUGGUUCUGUUUAAGUGAUGG,0
UGCAGAACAGGCUUGGUACUUUACUUCCUUUUUUUCUAUCU,0
UAUCAAGAAUGCUAACUUUUUCAAAAUGUCCAUGCAUAAUC,0
AUAUAAACUGUAAAAGUCACUACUGGAUCCACAAGCAAGAC,0
GAAGAACACGACCAACCUGAUACAGCUGAAAAACACAAUAC,0
GAGAUUGUGCUAUAUAGCACUUCAGCCGGGGCGAAAAGAGU,0
AUCCUCAAUUCCAAAUUUGCUUUAAAAUCAAGAAAAUAAUU,0
UUAGUUGGUUUUGGGGUUUCUGGAGUUGGCUGCUUAAUAUG,0
CUUCCUCCAUGCCUUUAUUUUGAGCCUGUGUGUAUCUUUGC,0
CUUCAGUUCUGUUCUAAGCUUGGUUGUUUCUAAUCUCCUGC,0
AUGCCAUUAUAACCUUUUCAUUUUCUGAGGUGCAGUACAUU,0
CAUUGUCUCAGCCCAAAAGCUCCUUAAGCUGAUAAACAACU,0
GCACAAGAAUCACUUGAACCUGGGCGGCGGAGGAACAAAAG,0
ACUGUUUAAUGAAAUGGGAAUGAUGUCUACACUCUGGUAGA,0
AGCAACAGCCAUGAGAGUCAUUGUGGAAAGAAAUAAAAUAA,0
AGGGAUUUGCUGUAAGAUACUGGAUAACUCACAGAACUGUU,0
UUUCAAGAAUAAAGUAUUGUUCAAGAAUCCAUAAAGAAGAA,0
AUUUUUUUAACUUCUCAUUUUACUUCGUUUGUUCAGAUUGA,0
AGCUGUGUUCUAAUAAAGCCUUAUUUACAAAAACAGGUGGU,0
AAAUAAUUCGCUGUGCUCUAUGGGCCCAGGAAGACAAAUUC,0
UCUCGUAACUGCUUAUUAAAUAAACGGGUUGAAUAUUUUGG,0
UUAGCUCAACUCUCAGCCUGUUUCUCACCUGUAAAGUCGGA,0
AGGAUAUUGGUCUGUAGUUUUCUAUUUUGGUUAUGUCUUUC,0
CUUCACCUAUUUUACAUAUAUCUGCCCUUUCCUAAUUGGUU,0
CUGGCCUCUCUCAAACAUGCUGAGCAUGUUCAUAUCUUAGG,0
UGUCCUUUUUAGAUUCUGAAUACUAGACCACUCUCAGGUAU,0
GUGUCACACUUCGGUAACACUCCACAAAGCUUAAGUGCUCA,0
CUGGCUAAUUUUUGUAUUUUUAGUAGAGAUGUAGUUUCUCC,0
CAAUAAAUGCCUUGAAAUGGUGCUUUAAAACUUCUUACCUC,0
GUCUUAAUUUAAGGACAGAAUUUUAGAACAGGUUAUAAAAU,0
GAAAAUCAGUUAGCUGUAGGUGCAUGACUUUAUUUCUGGGC,0
CUUUCUUUUUUUCUUUUUUUUUUUUUUUUUGAGAUAGAGUC,0
GGAGGAGGAGGCAUCUUGCUUUCCCUCCCCCUUUCUUUUCA,0
GGUGUCCACACAGACCCUAAUCCUUCUUGAAGCAGCCCUGA,0
CAUAAACCACAAUUUUCAAAUAAUAAAUAAAAUAUGGAAAA,0
UCACCUCCACUCUCAAUGGCUCGUGUGUCCUAAUGAGUUUU,0
UGAAGCCCAACCUGUGCCUGUGAUGAACGCAGUGGCCAUUA,0
GUGCAAUGAUUCCAACUGUAUAUUCAUUCUUUUUUGUUUGU,0
AUAAGGAACAUGAACUGAGUUGCAAAGAAUUAAUGGGAUGA,0
UACAUUACUUAUUUAGAAGGUCACUUAAUAAACAAAACAAU,0
ACACCCGGCUAAUUUUGUAUUUUUUUUAGUAGAGACGGGGU,0
UUCUCCUGUUGAUGGAAAUUUUGGUUUCCAGUUUGGGGUUA,0
CCAUUGACUAUCUCUGUAUCUUCUUUGUGCUUGAUAUAGUU,0
UGAGAAAGGUAUCAUUUUAAUGACUAUUUAUAAUUUUAAAA,0
GAGUGAGUGGUUUGGUGGGAUUAGGGUUGGAGUGGUAAGGA,0
CUAAGAAUAAUACCCAGUGAUUCAUGGUUCUCAGUGCAUGU,0
UGACAUUGCUUUCAAUUAUAUUAAUUGAAAAUUAAAUUGGU,0
UUACCUCUUGUGCCUCAGCUUGCUCACAAAUAAGUUGAGGA,0
UCGGGCUCAAGCAAUUCUCCUUCCUCAGCCUCCCGAGUAGC,0
AGGAGGGGAGCCCAGCACAGUGGCUCACACCUAUAAUCCCA,0
CCCGUGUCACAGAAUGCCUUUAUAAUAUUUUUUUGUCCUGA,0
UGGCAAUAAAUACUUUUUUAUACUCAAUUUUUAUUUGUUGG,0
CAUUCCACUGCACUCCAGCCUGGGCAACAGAGUGAGACCCU,0
ACAUAAUCACAAUAACUCCAUAAUUAUAAGUCUUGAAAAUU,0
UGUCUGCUCCUUCCUGCUCCUGGUUGUUUUCAUCUCAUUGA,0
UGACAGAGCGAGAUUCUGUCUCAAAAAAGAAAAAAAAAAGU,0
CACAGAAGGUGAUAAAUGCAUACCCUCUAUUCUGACCGGAC,0
ACAUGCAGCAUGCAAUUGACUGCAGCAUUUGGACACAGUGG,0
UUUUGAAUAAUAAUUCAAGUUCAAAUAUCACCAAAUAAAAU,0
AUUAGAAAAUUUCAUGAGAUUUGUUUGGAAUUGUUCUCCCA,0
UGGGAAUGGGGGUGGGUGCAUGAUCAACUUUGUAUUUUGCA,0
UGCAGGUGACCAGUAAGUAUUUGCGAAUGAAUGGAUGUGCC,0
CCCCGAGUGGAAGCGCCAGGUGAUGGUGCGCAAGAUGCAGC,0
AAAAUUUGUUAGCAUUAAUUUGUUCAUAAUAGUGUCUAAUA,0
GAUUUUAUCUCUGUGUCUUUUCCCCUCUAAUUUCUAAAGUU,0
ACUUAUACUUAAAUAAUAUUUACUUCAAUUAUAAAGUUAGC,0
AUUUUUAGUAAAGAUGGGGUUUCGCCGUGUUGGACAGGCUG,0
CAGUUUUUUCUUUUCCUCCUUGUUUUGUUAUUGACAAUGGA,0
AGCCAUUCUGGAUGCUGCCCUUAUCUGUGGGGCUGGAGGGG,0
CAUUAUCAACUUACUGAUGUUAAAAACUUCUUAAUAUUCUC,0
AACAGGGAAGUGAAGUGGACUCUGUGAGGAUCCAUGGUUGU,0
AUACCCCUAGAAUAUCUAGUUAUUUAAAUGUCAGAACAGGA,0
UAAGGGAUAGGGAGAAAAGGUAAAACAGGCAAGAAGUAUGU,0
CUUUCUUAUUCUAGUAGCUCUCUGUCUCCUAAAAGCCUGAA,0
AAAAAAAAAAAAUCCUACUUUUAUUUCAGGAGGUACAUGUG,0
AUGGAGAGAAAUAAGCAAGUUGAUAUUUAUUUUUGUGACUA,0
AGCUGCCCGCUGGCCAAGAGUGAAUGCUGGCCCCUGACCCC,0
ACCUGUGGGAGAUGAACUGGUCUCCUCUCCUUGGGUCAACU,0
AAAACACAACAGAUGUGUGAUGGUAGCCGUAGUGGGAAGAU,0
CUGCGCCCGGCCUAAACUUUUAAUGUUUCUGUGAUGACCCC,0
AGUGCUUUUCUGUGUGCAGAUAGUUGUUAUAGUCUGGUGUU,0
GAUACAACCCUAAUCUGUUCUGGCUUGUAAGAUUUCUGCUG,0
AUAAAUGGAUAAACAGAAUGUGUUAUAUCCCUACAAGGAUA,0
CCCUGAAUCUAAAAUAAACGUUGAAAUUAUAUCCAUAAGAA,0
UCAGUUAACCUCUGCAGACCUUAGUUUCUCCUCUGAUGUCU,0
GCCAAACCAUUACUUGAAGUUUUAAAUUUUUUUUCAGCUUU,0
UAAGUGGACAUACCUUUAUUUGCAAGGAAAGGAUAAAAUAA,0
AUGAGGAAAAGUUUAUAACUUCUUAGAGGCUGGUUAAAUAG,0
CAGGAAAUCCAGAAGCUCCAUUCAGGGGCUUACAGACAGAA,0
UAAAAUAAAGGACCCUCUUCUGAAAAUAAAUAAUGCAGGUA,0
AAAAUAAUGAAGUUGAACCCUUACUCUAUAUUAUCUACAAA,0
UCUUAAAAAACUCUAUGAGGUAUUUAUUAUUACCCCCAUUU,0
CUUUAUGUUUUUGUUUGCUUUGUUGAAGAUCAGUUAGCUGU,0
AUGUGGUAUUUGUCUUUCUGUGCCUGGCUUAUUUCACUUAA,0
AAGUACAUGUUCUCAUUCCUUUUUAUGGCUGUAUAGUAUUC,0
ACAACCUAUUAUAUACAUGUUCACACGAUAAAGAACUGGUU,0
AGAACUUCAAUAUGGGAGGCUCAGAGUACCAUGGAAACCCA,0
GGGCCACUGCACCAGGCCAUUAACCUUAACUCUUAUCAAGG,0
GUGGAAAGAUGAAGUCUAUUUAUCCUAUUACCAAUCAGUAG,0
GGUGAGUUCCCUGGUUUUAUUUUUGCAACUUAUAUACUGGA,0
AUGAGCAAGUGAGGAGCAGGUUCCUAUUUCUGACAAGAAGA,0
UGACCAACAAGAUUUCUUUUUGCUCUUCUAUCUUGGCUGUU,0
AGUGGGCAAGUGGGACCAGUUUCUCUGUCAUGGUCUCUUUA,0
CUGAUUAUUUUAUGAAAGUAUUAGUUGUUAAAAUCAAGCUU,0
CAGGCAAGUUUAUCUCAACUUUUUGGAACUUAAUGAUUACA,0
GAAAUGUCCCUUUAAAAGACUGAUAAUGGUGAAAAACUUCU,0
GAAGAAGCCCCUCUAAAAAAUGGAAAUGGCAAGGAAGUAGA,0
GGUUAAUCUUUGCUACUCGUUAGACAGAGUAUUACUGCAUA,0
UCCUGUUCAGCGGGUGUCCAUGACUGGAUGUUGGUUACCGA,0
AGUCACUUGAACCCGGGAGGUGGAGGUUGCAGUGAGCCAAG,0
AGGUCCAGGGAGGAAGGAAAUGGGGCCUAAUUGACCAAGAG,0
UAGUUUCUCCUAAUCUGUGGUUCACAUUUUCUUUUCUUUUC,0
UGCCUCGCCUGGUGGCACGGUCCUGGUGGCGAGCUCCUGGG,0
AUGCUACAGUAUGAAUCAUUUCAGUCAGGCAUAUUCAAAAA,0
AGAAACAAGUUCAGGGACGCUGGCAACUGCCAGCACUCAAG,0
UUAUGGAUCAUCAAUUUUCUUGUCUCUGAUAAAUCAUUUUC,0
CCUUCUGGUUUGCUGUUAUCUCUAGUAGUAUCUGCAUCACU,0
GAGAGUGGCAAAGCUAAGAUUCAAACACAGGCUAUGUAUUC,0
GGUGGGUAACAAUCUGUGAGUAGAGUGCUGUUGUUAACCCC,0
AAGUAAUAAGUAAAAAAAAAUACUUUACUUUUUUAACUUUU,0
GGGCAUUUAGUGCUAGAAAUUUCCCUCUCCACACUGCUUUA,0
UAAGUCUUAAUGUCUGUCUUUUCUAAUUAACUCUAUAUUUC,0
UUUCUUGUAUUGCUGUGGGUUAUUUUUUUUUUAACUACUUU,0
GCAGCCACAGGGUGAUGGCCUUGAACCAGGAAUAGCCCUGG,0
AGAAGCAGAAACUCUGUGAGUCACUGCUACUCAGCAGCUUG,0
UGCAAGGAACAUUUAAAUUCUUACUUCCUUCAAGAAGUCUU,0
AUAUAAUUCUCACAAAUACCUACAUGUGUGAUAAGUAUUGU,0
UGAAUAAAAAGCCAGUCCUCUGCACUCAGUGAAUGGGUAAC,0
UUAGUAGGAAGAAAAUUUUCUACAUGUUUUCAGAAGUUACA,0
AUCUGACUUGGAUUCCUGAGUACUCCACUCACCACUGCUGC,0
GAAAGUAACAUUUGUUGGUAUCAUCAAAUCUGGUUCCUGGU,0
UAUUAUCAUAAUCUUUUGUAUAAGAAAAUAAAGAUGCAAAU,0
UCCAAUCCCUGCACACAAAAUGGCAAUUAGCAGCCUUGCUG,0
CUUUCGGAGAUGACAAGGAUUUUAGGAGCUAUGAGCCAGGA,0
AUCUUUUUAGAGAAAUUCUUUUAAAUGAAAAAAGUAUUUUA,0
UCUGAAAUGCCACCAUGCCCUCCCGUGUGUCAAAUAUAUAA,0
UGGAAUGCGGUGGUGCAAUCUUGGCUCACUGCAACCUCCAC,0
UGGCGAAAUCCCAUCUCUACUGAAAAUAAAAAAAAUUAGCC,0
AGAAAUGACAUUUUAAGCAAUCAUCUUAAAAAUAUAUUUUC,0
ACCACCAUAUAACAGCGUGAUAAGUGGCACCACCAUAUACC,0
GCUGGAGCGCAGUGGCGUGAUCUCGGCUCACUGCAAGCUCC,0
UAGGCACAUAGUCAAGUAGCUUCCUUAUUGCCUACAGGACU,0
GCAUGGUGAAACCCUGUCUCUACUAAAAAUAGAAAAAAUUA,0
CAAGUUGACUUAUUCAAAACUUGGUUUGAAUAUCCUAGGUU,0
UAUUAAAUACAUAUUAGUAUUCUCAUUUUUGGGAGGAGGAA,0
GGGCCUCUCUGUUCACCAUAUCUAAAAUAGAAAACAUGUGU,0
UGCCUAUAAUCCCAGCACUUUGGGAGGCCGAGAUAGGCGGA,0
CCUUAGUGGCAGGUGAUGAAUAGGAACCUGUGUAGUUUACU,0
ACCGAGCCCUGUAUGUGCUGUUUUUCUGAUCUGGUAACCAG,0
UGUAUAUAUAUGUAUAUAUGUAUAUAUAUGUGUGUGUGUGU,0
ACUUCAACCAGCGGUUAUUUUGAUUAUUGUUCGCAAUAAAA,0
CCCCGGCCGGUCUCCACUUCUCUCUGUUUGACCGGUUUAUC,0
GGUGCAAGUCUCAAGCUAGAUUGACUGGGUAUCAAUGCUGU,0
GCUUUGGGUAUUCAUUUCACUUAGUCUCACAGAAGUCCACU,0
CCCCAAGUCAAAACUUGGUGUUUUGUUAGAUUGUCUUUUUG,0
GGCUGCCCCGACCCCUGUCCUGCUUGUGACAAGCCAGAGCC,0
AAAUUAUGCAUUCUUCCAGAUUUAAAUAAAUGACAUCUAAC,0
CCAAUUUUGCCUUAUACCACUUUCCAAUACCUUCACUUGGA,0
UAUAUAUAACCUUUUCCUACUGUAGGGCCUUCAAGAGAGUG,0
CCAACAUAUCCCAAAUCCAUUCAAUUUUCUCCUCUACCCAG,0
UGGGAAAUUCUAGAAGCUUUUUUUUUUUAAUGAAGGAUAUU,0
UAGUUACAUAUUUCGUAUAAUUUCAAAGAGAGGAAGGUAAA,0
AACAUGGCAUUUAGUAGAGGUCAGUGCCAUGUCAGGCCCUG,0
UUUUAAAAAUUAAGAGUCCCUUGGUUUAAUUUUUGGUUUAA,0
CUUAAUUCACAAAAUUAUGAUAGACACUUUUCUCUCACACA,0
UCUUCUUCCAGACUCUUGAUUUGUUUUGUCUGAUUUAUUAC,0
GUUAAGUGUAUAAGUUUUAUUACAGUAGGCUUAAGGAUGUU,0
ACUCAAGAAAAGAAAGAAACUUUACUCUCCACUUUUUAACA,0
CCAAGAACAGCUACAGGUCCUAAUUUUGGCUCAAGUGAGAG,0
AUCUUCAAAAGACAUAGAAAUAAUGUCUCUGAAAGAGGAUC,0
GAAAGAAGUGAGUGGGGGCAUGUGCCACACAUUUUUAAACA,0
GGGUUGGGGACAGAAUGGGGUGAGAAGCAUGGCUCGAGGGC,0
GUCCUACAACUGCAAAAACCUGGAUUCUGCCAGCAACCGGA,0
CCUCUCACAUUGCUAAUUUUUUUUAUAAGAGCUGUUGCUAA,0
ACUGUUAUUUAUUAUAUUCUUUUUUAUAUUUAAUUAUUUAA,0
CAAUGCCACCAGCACUUCUUUUAAGAAUCCGUUUCUCCACA,0
AUUUUUAUUAUUGCAAAUUUUAACAAAUUUAAUCCAAGAAU,0
ACCGUUCCUGUUUAUGCUCAUUGCUUCAGGCAGAUUGGAUU,0
GAACUUAACCUUUAAUCAUCUUGUAAGUGCUCAAAAAGUUU,0
UACACUUAUAUGAUGUAUUGUAUAUAUACACAUACACUUAU,0
GAGUCACUGUGGUGGCAGUAUGAUGGGGUACAGCAGGGGUG,0
CAAUCGUUUUACUAAGUUCUUUGCAGAAUAAUUAUCUCUUU,0
UUUUUGUCUCCGUUUAAUGAUAGUUAUCUUGGGAGGUUAUC,0
ACUUUUGUGAUUAAACACAAUAUUCUUAUUAAUCUAUGGAA,0
UAUUAUUGUCUUAUUUGUUGUUUUAUAAAUCCCUUUCCAUU,0
AUGAGCCAAGAUCGUGCCACUACAUUCCAGCCUGGGUGACC,0
CGAGACCAGCUUGGGCAACAUAGUGAAACCCUGUCUCUACA,0
CACUGAACAUACAAAGAUAAUAAAUACAGGCCAGUGAGUUA,0
GCCCUCUUAAUCUGACAUUAUUUUUCUUUUUAUUUCUUCAU,0
AGAAAUUAGAUAACUUCUUCUGGGUCAUGUAAGUGGAAGAA,0
CUACCUGCCUGUCCAGCAGAUCCACCCUGUCUAUACUCCGU,0
GUUGGAGGUUUGACAGACAGUUGUUGGGCAGAUGUCCUUGU,0
ACCCCAACCGAACUUUCCUCUUCAGUUCAGUUCAACAAACG,0
UUGCUUUCCUUAGGAAGUCAUACACAUGAAAUGAUACAGUA,0
CAAGGUGUGGAGGAAGGAUGUGGGUGAUGUGUACAUAGGAA,0
AGGCUUCUCAUGCUUCUCUCUUGGUAGAUUCCACCAAUGUG,0
AAAACCACUUUGGAAAAUGCUUGUUUAAUUUCUACUAAAGC,0
UCCAGAAUCUACAAGGAACUUAAAUUUACAACAAAAAACAA,0
UCCAGUUUCCUUGUGUCUAGUGUUUAACAACUGUAUGUUUU,0
GAUUUUUAUUGGGAUUGUAUUGAAUCUCUAGAUAAAUUUGG,0
CCGAGGGCCCAUUCUGUGCUUUCCUCACAUCACUUCGCGGC,0
AGUGGCAAUUUUAAGAGAGAUGUAAUGGCUGGAAUAAAGUA,0
CUGACCCCUGAGGACAGAUCUUUGAGGCCCGAAUCAUUUCU,0
UACUACCUAUGGCCUGCCCCUCCCCAUUCUGAGUCCAUAAA,0
CUGAGGUGGCGCCAUUGCACUCCAGCUUGGGCAACAGAGCA,0
CUUAAAUUUUUCUGCAUGUUUCAAAAUCUUCAUAUAAAAGU,0
AUCCCCAGGAAAUGCCCUUCUAGAAGAAAGACCAGGUUCAA,0
CCACGAAGCCAUUGGCUCCUUGUCUUUGUGUUUCUUGCACC,0
CUAUCUCUCCACCAACCCCCUGCCCUAUAAUAGACCCCGGU,0
AACACCCCUGCGCUCCGGUCUGCAGGCGCCAGCUGCCAAGA,0
UUAAUUUUAAUUUUUUUGUUUUUGUUUUUGUUUUUUUUUUG,0
UAAAAAAUGAUGAGUUCAUGUCCUUUGUAGGGACGGAUGAA,0
GAAUGCUUGAGCCCAGGAGUUCAGACCAGCCUGGGCAACAU,0
AAAGAAUUGCUUUUGUCAAUUGAUGAAAAAAGGAAAUUCCA,0
GACAGAAACAGAACAACUGAUUUGGUGGAGAGAUCCAAUAA,0
UUUUUCUGAAUAUAAAAGUAUUUACUUCUCUUUAUAAAUGA,0
UAAUAGAGACAGGAUUUCAUUAUGUUGGCCAGGCUGGUCUC,0
CCUAAUCUCCUCCCAACUGUUCCCUCAGCCAAUGCAUUACA,0
AAUCUCUUCUGGUGUGCCCGUGGAGGAAGCGGGGCAGAGAA,0
CAAGCGCCUUAAAUGAGGGAUGGGGAUGUUGAGGCCUAGAG,0
UUAAUCUAAACUAACAGUAUUGCUGCCUCUUGGGCAUAUAA,0
AAGUCCGUUCCUUCCUUCACUGACUCAUUGGUUCAUUCCAC,0
UUUUGAAAACUAAGUUAAACUCAAAAUCCUCUUUUCUGAAA,0
UAUUUUUAGUAGAGACAGGGUUUCACUGUGUUGGCCAGGCU,0
CGGUGUGGCACAGCGAGGGUUAAUGUCGUCUGCUGUCCCUG,0
GCCACCACAUCUGGCUAAUUUUUUAAAUAUUUUAUACAGAU,0
UGGAGGCUUUGUCUGUUCCUUUUCAUUCUGUUUUCUCUAAU,0
GGAUUUAAUGACUGAUGCAGUGAGUGGGCCUUUUUAUAAAG,0
UUCUCUAAUAAGGAGAAUAAUCUUCCAAUUAAGAAGACAUC,0
UAUAAAAUCCAAACAAUAUCUUAUAAUUUAAAUAUUGUUAC,0
CUUUUGAGAUGGAGUCUCGCUCUGUCGCCAGGCUGGAGUGC,0
CCCCUUCCAGUAAAAUAAGCUGUAUAUAAGUCACUGGUCAG,0
AGAAUUAUAUAUAUAUAUUUUUUGGAAGAAAUACUUUGAAA,0
AACUCCCAAACCAGGGCUCCUUCCCCUCCUUCUGGAAAUCA,0
UCCUGUAAAUAUCUAUUAGAUCCAUUUGGUCUGUAGUGUAG,0
UGUGGAAUGCUCCCCAUUCUUUUCCUCCUGAAAUUCUGUUC,0
UAAAAUGUACUAAAUUAAGAUCUUGAAUUGGUCAUCUACGC,0
AGGGACUAAAGUUCAGAAUAUAGAAGGAAGUUAAACAACUC,0
GAUUCUCCUGCCUCAGCCUCUCGAGUAGUGGGAUUACAGGC,0
UCACCAAGUCCUCUGGCCAGUGGGCAGGGACAGGGCAGCUA,0
CAGAAGGGGAAGUAAAUACCUUCUUCACAUGAUAGCAGGAA,0
CAGAUUCUAAAUUUUAAAAAUUUUCCAAUUUAUGUUCCAGG,0
GCCCAAAUUUUCCACAUUCUUUAUGUCUUCUAUAUUAUAGA,0
AGGAGAAACUCAGUCUUAUUUUUUGUUUUCUUGGCAAAUGG,0
UCUCUUUCUUUCUUUUUUUUUUUUUUUUUCUGAGACAGUCU,0
UUAGGCCUCUAAUAUAUCUUUCCAGGGCACACAAUUCAACC,0
AGUCUGGUGGGGCGUGGGUCUGUGUUUUCCUUUGUUUUGUU,0
UAGGACAAGACUAUGGAAUGUCUUGAAAUCAAGUUAAGGAA,0
UCUCUCCCACAUAACUUAAAUAUCUCUUAUUCUAAUUUAAG,0
GAACAUAUCCUUCUGCUACUUGUUUGUUUACUUUAAUGGCA,0
GAUAUUUGGGUAACUUUUUUUUUGAUAAAGGGUGCAAGAAG,0
GCCUUUUUUUUUUUUUUUUUUUUUUUUGAGACAGAGUUGCA,0
ACAUUUCAUCUGAGAUCCUUUCCUCCUAGCAGCCAAUGUUC,0
GACUAAUGUUUUUGUGUAUCUUUUCAUGUGAUUAUUUACCA,0
CACACAUAUACGUAUAUGUAUACAUAUAUAUGUGUACAUAU,0
UUUUUAGUAGAGACAGGGUUUCACCACAUUGGCCAGGCUGG,0
CGCAAUGGAAAAUAAAUAUCUCUUUUUGGUUUGUAGGCAGA,0
UUGCUGCUAGAAAAAAAAAAUCUGCAGCUGCUAAAAUAAAA,0
AUCAAUCAUUGAUGGACACUUAGGUUGGUCCCAUGAUUUUG,0
GUCGCAGCUACUUGGAAGGCUGAAUUGGGAGGAUUGCUUGA,0
AGGUCUCUGUGCUCUGGCUUUUGCCUGUCUCUUGAUCUGAU,0
AAAUAAUAUUGUGUUUAUGAUAAUGUGCCCACAAUCUAGGG,0
CCUGGCACAUAGUAAGUGGUUUAUAAGUGUUAUUGUAUUUG,0
AUAUGUUAUCCAUGAGAUGCUUGUCACAGAUAUGAAAUUAU,0
AAAGUAAUAUUAUGUAAUCUUUAAAAGAAUCUAUUUCAAUA,0
UAUUUUUAUUUGUAUUAUUUUUGUUGUUGUAUUGUUAUUUU,0
CUCAUGGACUGAAGACCUAGUGGUAGUUUAUACUUCGUGCA,0
UAUGAGUAGUACCUACAAACUUUGAAGUUCUUACUCUCCUG,0
GCACUUGAACAUAAAUUUAAUUUACUCAGCAAGGCCAUUUU,0
GAGAUGUAUCUUCCCAGCAGUGCUAAUAGGACGACAUUAUU,0
UCAGCCCAAUUUUUUUCGAUUGUGGUAAAAUAUACAUAAAA,0
UGAUUCUGUGUUUUGGAGGAUAUGGGAAAGUUGAGAGAUAC,0
UUUGUGUGUGUGCAUGUGUGUGUGCGUGUAGAUGUACAUCU,0
UGCAUAUUUAAUGAGUAUAGUGAAUAGUUUUCUUAAAAUCA,0
UCCUACUGCUUUCAUCCUCUUCUAAGCCACUAGCAUCCCCU,0
UCCCUGCCCACCCUCACAUGUCACACAAGAUUUACUCUCCC,0
GAAAUAGUAAACCUGCCUGGUUCUAAACCCAUUAAAGAAAU,0
AUUUGUUUCGCAAGAUAUGUUGUAAUCUUGAUUUCACAUUA,0
UUCUUCAGGCUUUUUUCAGCUAACUGUGUCAGCUUCUUUAG,0
UUUUUCUUCAGAGCACUUAUUACCACCUGAAAUACUGUGCU,0
CAUAAGCUCAUAGGUAUCAGUUAUCUAUUGCUAUGAAAAAA,0
AAGAGAUAUCUCAUACAACUUGAUUGUGUUAACCAGUAUUA,0
CCAUCCAGGAGGAUCGCUGCUGCCCAGUCACACUGGACUCA,0
CGGGCUAAUUUUUUUUUCUUUUUUUUGUAUUUUUAGUAGAG,0
ACAAUUUUCAGAACUUGUAGUCAAUAACUAUUUAUUUAUAU,0
UUUAUGUUACCUGAUAAUGUUUCCUCCAAGAGGUACCCCUC,0
CAGAAAGCAAAAAAUAAGUCUUUAAUUCAACAAGUGGGCAA,0
AGAACAUCCUCUCUUGCCUUUUCCAUUUGGGAAAAUUCCCA,0
GCUCAUCUAAAACAUGGGUAUAGGCUGGGCACGGUGGCUCA,0
GCUUUUCCUGUCCAAUCAUCUAACUAUCUCCAGUGUGAGCU,0
UCUUUGUCUCUCUCUCUCUCUUUUUUUUUUUUGAGACAAGG,0
CUGUGCCUGGAUCGAGUUUUUGAGAAUGACAAUGGAUUCUC,0
AGUGACAGUUAUCUCCUUCUUACAAACCCCAUGCAUAAAAU,0
GGGCUGGGGUCUUCCUUCCUUGCUCCUUCCUGCCUCAACUC,0
UCCAUGGCAUAGGAAAUGUUUCUAGCAAGCCCGUGAAUUUA,0
GUGAUAUUGUUUCUUUUUCUUGUCCAUACACACACAGAAAU,0
AUGAAAGAAGAUCCCUUGUCUGAGCUGUGUUAUUCCAUCCC,0
CUGAUCCUGCUGUGGCAUUCUGGAAGGGACUAGAGGGAAGA,0
AUUACCAUAACUUCUAAACCUGUGGCUUUAGGCAUUCUAGU,0
GAGGAGAUGGAUAUAUUAAUUUGCUAGCAAUCAUUUCACUA,0
AGGAAAAGAAAUAACGAAGCUUCUGAAGAAAGAAACGCUUU,0
UUUCUUCUCCUUUCAUGAUCUUGACACGUUUGAAGACUGUG,0
AAGCUUUAUUGCAUUACUUUUUUUUUUUUUACAUUUAUUUG,0
GAACUCCCCUCGCUGCAUAUUCAGGGUGGGAAGUAGGGAGG,0
CUGCUUUGUAGAUAAUGAGUUGGGACAAAGGAUUGAGGGAA,0
GAAUGGAAUUGCCUAGGUUUUCUUCUAGGGUUUUUAUGGUU,0
GUAUUCAUCCUGCAUGCAGCUUCUGCCUGCAAGAAGUGGCC,0
CUGAAAACACUUCAGUGACUUCCUGCAUCCUUAGGAUAAAU,0
AACAAGAGCGAGACUUCGUCUCAAAAAAAAAAAAAAAUCCU,0
AUGGCACAAUCUCAGCUCACUGCAACCUCUGCCUUCCAGGU,0
CAUUCCCAGAGCUGCACACUUGCCUAGGGGAAGGUGCGGGA,0
AUAUUUAAUAACUAAUCAUCUAAUCUAAUAAUACUGAAGAA,0
UAAUUACCAGGCAUGGUGGUUUGUGCCUGUAGUCCCAGCUA,0
GAGUGGGAAAGGUUCUUUAUUGCUUUCUCAGCUGGAAAGAU,0
CUUAGGCAAGAAGCAUCACCUCUCUGGGCCUUGCCUUUUUC,0
ACAGCUUUUAAGGACCUGCAUGUUUAGACUGUUAUUUUUUU,0
AAAAGAACCGGUCUUGUGAAUCUUUAGACCAGGGUAUCUAC,0
AGCCUUUUUAGAGGUCUUUGUUGAUGUGGAGCUAGUCCCUC,0
AAACUUUUGUUGGUUUUUUUUCCCCCUGCAAUAUCCCUGCA,0
GGGGGCUCCAACCCCACAUUUCCCUCCUACAGUGCCCUAGC,0
AAGCAUUUCUACGUAUGAUGUACUUGUUUAAAGAGUGUUUG,0
AGAAUGCUGUAAGUUAUAAAUAGUUUCUUCAUUUACAUUCU,0
GAAGCAAAAGUGACUCUUGUUACAUUUUAGCAAAGAGACUG,0
GUGCUACCAGAAACAACACCUCUAAAGGUGUGGGCGAAAGC,0
UAAUUCAUCAUUAUCCCUAUUAUCAUCAUCUUUGUUUUUUU,0
AGAAAGGAGAGGGUUGGUCUUGCUGUCUCAGGGGUGAUAAA,0
UUAAUGAUUGCCAUUCUGACUGGUGUGAGAUGGUAUCUCAU,0
CUUUCAUGUAUGCAUGUGUGUGCAUGUGUGCACGUGUGUGU,0
UAGAGUGACAUUUCUCCUUAUCAUCCAAUUCUACAAACUAU,0
AGACCCACAGUGAUCAUCACUUACUGAAGCCUCAACCUCCU,0
CAUGGAAGAGAAGGAUCCGAUAACAGUCGUGUUAUGAAGCA,0
AUGUAUUUGCGAACUGAUUAUUUUCUUAGAUAAUCAUUUUC,0
GGGCCUGUUUCACAGGUGGUUCUUAACAAUAUGCAGGAACC,0
ACCUCAGCCUCCCGAGUAGCUGGGAUUACAGGCAUGCGCCA,0
GGUGGAGGCGAGCAACCACCUAAGCUCUCUGGGACAGCGGG,0
CCCAAAUCAGCUAAAGACUGUUCUUUCCCCUGUGGGCACCU,0
CUGGGAUGCAGGGCACCAAGUCCCUAGACUGCACACAGCAG,0
CUGCCAGGGUGGAUGAGAAGUCACUCCUGAGGGUGGCCUCC,0
CCACUUUACUGGUACCAAUUUACUAUAUUAGUUCAUUCUCA,0
GUUGUUCCUCAAUGUGAUGCUGUCUCUGCUUACAAGCCUCU,0
AUGUCCCUCUCGCAGCCUCAUUCCACGUGCAAAACAGGAAA,0
GAGUUGAUUUUUUUUUUUUUUUUUUUUGAGACGGAGUCUUG,0
GUAUCACUUUUCUGAGUGUGUUUUGCAGGCAUUUCGUCGCU,0
AAAAAAUUAGCCAGGUGUGGUGGUGUGCGCCUGUAAUCUCA,0
AAACUGCAGAAAGAGCAGGUUUGGGAGCGGAAGAUCAGCAA,0
UAAACAUACAACCUACAGAAUAGGAUAAAAUAUUCACAAAC,0
GAUUGUACCAAACAAAAACUUAAUUUCUUCUCUCCUAUUCC,0
CAGGUACUGUGGCGCAUGCCUAUAGUCCCAGCUACUCGGGC,0
CCUUAUAUACAUCUUAUUUCUUAUUAUUACUGUUUUUAUGA,0
GCCUCCCAAAGUGCUGGGCUUACAGGUGUGAGCCAUCACGC,0
AAAAUUAUUGCCUGGACCAAUGUUGUAGUUUUUCCCUAUGA,0
CUGCCAUUCGUCUGCUUGUCUCCUUGUCUCCUUGUCUGCUU,0
CCACACAGACCCGGCAACCAUCCGAUUUCUCAAUUUUUUCC,0
GUUUAUUUGGGUAGAGGUGUUUAUAGUAUUCUGAUGGUAGU,0
GUUCCUCAUAUGGAUAUCUAUCUUCUCAGUUGAGGAAAUUC,0
GAGAAAUUAUGUUCUGAGAGUUUCAGAAUGCCUUCUGGUUA,0
GGUAUUGAUGGUAAGAGCUAUUUAUGACAAACGCACAGCCA,0
UAGAGUUCGGAGCCGUCUGCUGGUACUUGACUUCUCCAGCU,0
AAUUAUAGCUAACACUUACGUAGUGCUUACCAUGUGUAAAG,0
GCCUCGGCCUCCCAAAGUGUUGGGAUUACAGGUGUGAGCCA,0
GUGAGAAGAGGGUCACCAUCUUCCAGAACCCAGAAUGGUAG,0
GGAUGGUCUCGAUCUUCUCCUCACUUCGUGAUCUGCCCGCC,0
CAAGUUAAGUAUGGUACUCUUAUUAAGAGUGGGCAUCCAUG,0
CUCAACCUUCCCCUUGGGAGUCUGUAAAGCUUAUUAUAUCA,0
CAAUGAUUCGUAAAGUGUGGUCUCGGAACCAGCAGGAUCGG,0
GGGAAGUCACUUCAACCAUCUUUAGAAAAGCAAAUAAUCUU,0
UGGACUGAAUAUCUGUGACCUUCCAAAAUUCAUCCUUGAAA,0
CAACCACAAUAAAAUUUUCUUUAUUCAUUUCAUUAAGUCCU,0
AUAGCUUGCUACGGAGGGUAUUUUUCUGUUUCCUCUCCCCU,0
GUCUAGCUGGCUCAAAACCUUAACAGUAAACCUUAACUGAA,0
GUAUUCAUACCAGGUUUUGAUACCAAAGUAAUGCUGGACUU,0
ACUUGCCACAUGGAAUUGGCUGAAGAUGCCUCCACAUGCCA,0
AUUUUUCUGAAUGAGAAAUUUAAUAAAGAGAUACAUAUUAU,0
ACACAUCUACAAUGAACUCAUUUUCAACAAAGGUACCAAGA,0
GUGAAGGUCAUCCGUAGGUUUUAUUAGGUCGAUAUUAAAAG,0
CAAAGUGAAACUCUCUGUGCUCAUAGUGCUUCUUUUGGAUC,0
GCAAAGGGGCAGAUGCCAGGUCCCUGUCAGCUGUGAAUAGA,0
GGAACACCAGACCAGCUGAAUUGUGGGGCCCUUUCCAGCGC,0
UGAGAAUUUAGAGAGUUGUGUAAGACUUCUGCGGCCAGCGA,0
AAUGCUGUAUUUACAGAUUAUAAUUAUUGUUUAAAAACAUU,0
GCUAUUUUUCAUAUGUUUCUUGGCUGCAUAAAUGUCUUCCU,0
CUCCCCGCUUCCUGUCAGCCUCAAAUCUAGUUCCCCAUUUC,0
CAUCCUAACACUGAGCGGUGUGUAGUUUGGGGGUGGGGUGG,0
AUUUAAUUAUUUUUAAUUAAUGUGAAAUUUUUUCUUGAUAG,0
CAUAUAGAUAUGAAUCCCCUUUGGGCUUAAUUCAUUAGUUU,0
UAGUGUGAUGUUUUAAAAAUUCUUCUUUUAACUCUUUUCCA,0
ACGAUAAAAAUGUCUCUGUAUCACAAAACUAUCUCCACAUU,0
AAUAUUUCCAACUUUUUCAUUAUUAUUACCUGUUAAGAUGA,0
AUCAUUCAGGUCUUAGCACAUCUGUUCCCUUUUUUGAGGGG,0
CUGGAGUUUAUUAUAAUUAAUUUUUAAAUACACUGUGCCAA,0
CCCAACAUGAGACAUCAGGAUGGUGGUGAUGAAGGAAAAAU,0
UUCCUUUUAAAUGACUAAAGUUAGCAUUAACAACCAGCUGG,0
GUAGUUCAUUCAUUCAACACUAUUCACCUUGAUGUCUGCCG,0
ACUUUAGAAACAUGCCACCAUGCCCAGCUAAAUUUAAAAAA,0
GAAUAAUGGAGUUUUUAUUGUGGUAAAGUGUGCCAGAGAAC,0
UUAAGUUCAAACAAUCUGCCUGCCUCAGCCUCCCAAAAUGC,0
UUAUUUUAACGGCUGCAUAGUAUUCCAUGGUGAAUAUAUAU,0
UCCUCCUCCUACAGGCCAUGUGACCUGGGGAAGUUAUGCAA,0
AGAUUUCUGUUUGGUAUCCUUAUCCUUAGGCCUGGAGGACU,0
AAUUUGAUGGUUUCCAAAAGUAAUAGAGUAACAACAAAAUG,0
CCAUAUAGAAGCUCCAUAAAUUACUGCUACUAUUCUUAUUA,0
GGAGAGAACAGGGUGGAAGAUAGGCAGGGGCUGGGGCUGGU,0
GGGAGGCCAACACAGGCAGAUCACAAGGUCAGGAGAUCAAG,0
CUUCUACCCAAAUCUUCCCAUAGUCUUUCUCAACUCGGCAG,0
GACAGAUAAUGCUCCUGUUCUCAUGGUGCUUAUAUGCCAGU,0
GGAAGGACAACCCCUAGGUUUGAGAAGUGCAGGUCACCUGU,0
AUGGUGUAUAUAUGCCACAUUUUUUUUUUUCAUUUCCUGAC,0
UGGGCUGAAGAAUGAAAUGCUGGCCACGUAAGAUGUAAACC,0
GUUUGUCCUGGACUCAACUUUAUGUGCUUUUAUGCUUCUGA,0
AUGUCAGAUCUUGGACCUCUUUUUCAUGUCGAUAUCUGUAG,0
GUGCGGUGACUCGCCUGUAAUCCUAGCACUUUGGGAGGCCG,0
UUCUAUUUUAAUCUGGAUUUUCACAUGUUUUUGUUUCAUGA,0
CUUUGGCCCAUUUUUUUAACUGGAUUAUUAGAUUUUUUCCC,0
GCCAACCUGGUGAAACCCCGUCUCUACUAAAAAUACAAAAA,0
GAACACUGUUACACUGUUGGUGGGACUGUAAACUAGUUCAA,0
UUGUCUUAGAAUAGCAAGAAUGAGAGAAGAUACAAAUAAAA,0
GCUUAAUAAACAUCAGUGGAUCUGAACUUGAAUCAAAUGGC,0
UAGAUUUUUAAUUUUUUGAGUUGCUAGAGUAGAUUUGUACA,0
CAUUGGCAUUUUUAUGUGCAUUGCCACAGAAGGAGACGUUA,0
CUGGCUGGCAUGGCCCAUUGUUUUCAUUCUCUAUGUUUCUU,0
CCCUAUCUCAAAAAAUAAAAUAAAAAAAGGUGAUUUCAGAA,0
UUCUUACUAUUAAUCACAUCUGCAAAGUCCCUUUUGCCAUG,0
UAAUUUAUUUAAGGAGCUUCUGCAUUGUCCUUUGUAUUUUC,0
CUAUGUCCACUUUAUAUAUCUUUCUAGAUAUUACCCUAUCU,0
CUACUCAAGGCUAAACAGAAUGGCAAUUUUUAAAUUGGACC,0
UUGAACCCCGGAAGCAGAGGUUGCAGUGAGCCGAGAUCGCG,0
UAAAACAGAAGCCUAUCUAGUUUCCAGUUCCAAAUGUGUCU,0
UUUUAAAUCACAGAGAAACUUAAAGAGGUUUAUAAUCCAUC,0
UUUUUGUUUCUCUAGUUUCUUGAGGUAUGACCUUAGAUUAU,0
GAUGGUCCAAAGUCACACUCUCCUGACUUUUUUUAAACCAC,0
GAAAUCUGACAUCCAACACAUGCUUUUUUGAAAAUGUUAUC,0
AGCUGGAUGGGUGCAUGUGGUGUUUGCGGGGAAACAGAGCU,0
CUUCUCAAGACACUAUAAAGUAUGGAAUUGUAUUAUCUGAA,0
GAGCAUUUGUAACUCUAAUUUAAGCAAUAUAGGUAAAUAGA,0
CUGGGAGACAAUUUUCAAAGUGAACUUCCACGGAUGUGAAG,0
UUUCAUCUGCACAUGGAACAUACUCUAAGAUCAACCACAUG,0
UCUUAUUUACCUGAUAGUAUUACUUAUGGUUUGUUCUGGGU,0
UGGGUUCAUAUCUGGGUUUAUGAUUUGCUGGUUGUAGUUAU,0
CUGCCUUGGGAUCCUGUUGAUCGGUGACCUUGCCCCCAACC,0
CAGAGAAGACUGAGAAAGACUGAUAAGUGAGGUAAAAGGGC,0
AGAAACAGGAAGUAGAUUGGUGGCCAGGGGCUGGGGAAAGG,0
AGCUGGUAUCCUCUGGCUCCUUGACUCUUUUCCUCCUGUCU,0
GAGAAGGGUCUCCAAUCAUCUCUUGUGAGGAGACGUGUCUC,0
AAAGAAUCAAUAUCAAGCAAUAUCAUAGCUGGGGAGGUAGC,0
CUGUAGCCUCCCAGCUCUGCUGCUGUACUAGCACUCAUUUU,0
AUUGAGUUUUUGAAUAACCUUGAAGAUUGAAAAGACACUUU,0
UAGAAAAACAGGCUGGGGAUUAAAAGUCUUUGAUUCUUAUU,0
ACUUUUAUAUUCACUUUUCUUGGGAAAAUAUCUAGUUGUGG,0
GUUGGAGUGCAGUGGCGCGAUCUAGGCUCACUGCAAGCUCC,0
CGUGAGGAAUUGUAGUACCUUAACCUGUAAGGUUGUUGCAA,0
CAGUGAGCCAUGAUCACUCAUUACACUCCAGCCCAUGUGAC,0
GCAAGGGAGUCUGGAAAAUGUAGUGUUUUGCUAGAUAAACA,0
AGAUAACAUAACCAAUUAGGUCAGGGGUCAAUCUUUAACUA,0
CGAAGGGGAGAAAGCCAGAGUAAGGGCAGCAAUCCUGAGGG,0
UUAAAUCAAUACAUAGUCUGUUGGAGCCCUGAAUUAUUCUU,0
GUUAAAUAUCUCAUGUAAUUUAUUGAAUACUAUAUUGAAGG,0
GCCUGUAGAUAGAUAGGGUUUUUUUGUUUGUUUGUUUAAUU,0
UAUCUGGAGCCCAGCCAGCUUGGGCCCUGUGUCCCAGGGAU,0
UCUCCAUCAGAGCUUUUGAGUGACCAGGUGCACUGUCAAUA,0
AAGUUAGAUAAUAAUGAAAAUAUUAUUUAGAAAUUUCCCGU,0
UAACAAUAAAGUUAGACUUUUUCUCCUAGAAAUAGUUUGUU,0
GUACUGUGAAGGACAGGAAAUGGUAUUCACAAGAUUUGCUA,0
CCCUAAACUGUAAUUUCUAAUCUUGUAGCUAAUUUGCUAGU,0
AGAUAAGAUAUGUAAAUAUAUUCAAAAUACUAAGUCCCCAG,0
AUUGUGAAAUUACAAGUGGGUCUCUUUCCAUGCAUACUAGA,0
AUUGUACUGCUACAGAAGUCUAAGUAGAAGCAAACUCAUCA,0
UCUUUAGCCAUGGUAAGGUCUCCAUUAACUCUGGCCUUGUG,0
AAUGUAAAGUCAAAAUUUAGUGUCCUGACACUCUGUAAAAC,0
AGAAAGCUGAAUGUAGAAUAUAAAAACAUCUCUUGGAGAAU,0
CCUCAAGAAAUCAUCUGGAAUCCCCACACUGCUUACCAUUU,0
AAUCUGGUUUUGCUGAGGCAUCACACUGAACAGCAUAUCUU,0
AAAGAUUACUAUUAAAAUGUUUUUCUAAAUUAAAUUUAUCA,0
CUCAUGACUUCACAUCUCCUUCACUCUCUCUGCUUCCCUCG,0
UUACAUACGCAAUAUGCUUGUGACCCUCCCUGAAGUUGGCC,0
CGGAUUUGUAAUUCUGUUUUUUUUUUUUUUUUGAGAUAGAG,0
CUUCUCCAGCCUGUGGGCUGUGCCUUCUGCAGCUCUAUGGA,0
GUGGUGUGGUCUCGGCUCACUGCAACCUCUGCUUCCUGGGU,0
UAUAGUUAAUAAGAAACAAUUGCUAUUUCCAGUUCUUCCUA,0
UCCUUCAUAUGUGGAAUUGUUUUUUAAGCCAUUUAACUAAG,0
ACUCCGGCAGCACCUGGAACUCCAGUGAGGCAGGAGAAAUG,0
ACUAGUGUAGGUGAGUGAGAUCCGCCUGGACCCAAGAAGAU,0
CAGCAGUGCCACCAGUCCAUUUUACGGUCUUCAAAUAGUGC,0
AUGUUGCAUUUUCACAGGGUUUUGUAACAGUUUAUGCUCAA,0
UGUCUUUCAGUUGGGGCAUUUAGCCAGUUUACAUUUAAGGU,0
UUGGAUGAAGUCUCACUCUAUCACCCAGGCUGGAGUGCAGU,0
CACUUUUUCUUCUCUUCUCAUUCUCCUCUGCAGUGUAGCAC,0
UCAGGCUACUUGCUCCUAAGUCACAGGGCCUGUUCGUAGUG,0
GCUCUUAAACUGGGCUCCAGUGGAUUUGUCAAUGCUUUGGA,0
GUUACUACUUCAUUUCCUCUUUUCCCAAUUUCUGGACAAGA,0
UGUGAACUUCUGAUUCUGGAUUUUUUUCCAAUUUAUUUUAA,0
CCCUGGGCUGAGCUUAGGGAUGUUGCCUUAGAGAUUCGGCA,0
UCGAGAUCAUGCCACUGCACUCCAGCCUGGGCGACAUGGCA,0
UGAUCAGAUUAAAAAAAUUAUGGAAUUAUGGAGCCAAUAAG,0
AUAACAUUGACCACAUUAUAUCAAUUCCUGUUUACAUAUUU,0
GGCACAAGAUUUAGUGGGGAUUCAUUGAGCAGGUGAGAGGU,0
UUCAACCUGCUUAUUUCAGUUCAGUGUCUUGGGUAGCUGGA,0
CAUUGACCUUUAGUUCCAUGUUGUUGCAAAUGACAGGAUCU,0
CCCAGGCUGGAGUGCAGUGGUGCAGUCUCAACUCACUGCAA,0
GGUCUUUACAAUUUGGUAUGUUUUUGCAGUUGCUGCUACCA,0
GGGAAGAUACUUUCCCCUAUUCUUCCCACUGAGUGCAGCUC,0
UGGAAGGGGUCUCUCCUCCCUCCUCCAUGUCCUCCAGGCUG,0
AAUCUGUUUCUUCCCACCCAUUCUAAGAAGGGCAGGCCAUG,0
CUUAAGAAUUAUGCUAAACCUGGCCAGGUGCAGUGGCUCAA,0
CAUUCACUCUGCCACACUUGUAUGCCACAUAAAGAUGUUAC,0
UACUAAACAUUAUGCAUUGUUAUAGCACUGACAUGUAUUGC,0
UAGGAAGGUGAAUGAAUGGAUGUCCACUUUCCAUUGACCUA,0
UAAAUACUAAUAAAAGAACAUAUUUUAUAAUUAAACUACAA,0
GAUCUUUUUAGAAUUUGCUGUAGCACUUCAUUAAUUAAAUG,0
AGAUCAAUCGAUUGAUCCAUUGAUAGAUCAUAAUAACAUGA,0
AGUGAUUUUUAAAUUUUUAAUUUUAAAAAUCAAGAAAUUUC,0
UUUUUAUAUAGCCUCCCCACUCCCCACUCCUUUUGUGACAU,0
GAAAUCCAUAGGCCUUCAUUUCUUCUGUGUCUAUCCACCAG,0
AGGCAAGAUAAAGAAGAAGCUCUUACAGGUUACAUAUGCAC,0
UGGGAGAACCACUGCUCUCUUCAAAGCUGUCAGACAGCGAC,0
UGGGCGCGGUGGCUCAUGCCUGUAAUCCUAGCACUUUGGGA,0
ACUAAGUUCCAGUUCAUUCUUGGUCUCCAUCACGUCAUGUC,0
CAAGUGUCUCUUAGAAUCAUUCACUUCUAUAAUGUGACAGU,0
AUAUACUGCCUUUUCUUUCUUCAUUCAUCCACUGAUGGAAC,0
CCCUGACCUUGUUCAAUCCAUUCCUUUGAUUCAUCCAUUAA,0
CAGGACCCUACAGUUCUGUUUAGAACACAGGGUGAAAAACU,0
UUAUCACAGUACCUGGCACGUGGCUAUGCUUAACAGCUAUC,0
GAAUCAGCCAGGAAAACAUUUGUGAUCACAACCUCUGGCCU,0
ACUCAGUCUCUCUUAUUUGAUGGACCACCACUGUGCACAUG,0
GCCUCCCAAAGUUCUGGAAUUACAUGCGCGAACUACUGCGC,0
UUAUUUGUUUGAAUUCUUUGUAGAUUCUGUAUAUUAGUCCU,0
GCCCCCUGACCAUUCCCUUCUUCCAUUCGGCUUUCCCCCAG,0
UAAUAGGUGAUAUAGUAUAGUCCAAACUCUGAGCUCAGGGU,0
GUUCUUAUCUCACAGGGUUGUUGAGAGGAUUAAAAGAGGUA,0
UAGAAUUAAACUGCCAUUUAUUGAUUUCUGACACCGGCACA,0
ACAAGGUGUGUUGCAGGAGUUUGUGUAUUCUCUAGAAUGUU,0
UCUGAAUAUUCAUGUACAAAUCUUUGAAUGGACAUAAGCUU,0
UCAAGAAGGUGCCGUACUUGUACACAGACAACUACAGAACA,0
GCAACCAAGUUUUACAUUUUUAACAGCCCUUCUACAUACAC,0
UACUCUGGAAUCUGUUAUCCUCAUUGCUAUUGGGCAGGCAA,0
UCCACUUGGCAUUCACUCCAUUUCCCCAUAUUUCCUUCUUU,0
UGCCUCACUUUUCUCUUUCAUAAGUAGAGAUGAUAAUACUA,0
ACACGAUUGUUCUCAGCACCUCCACGUUUUAUCAAGAGAGA,0
AGAGCUCAUCACAUUUCAACUCUGUCUACCCAGAGACCUGA,0
UACAAAAUACAUUUGAAAUCUUCAGAAAUAAUCUAGAUCAG,0
UUACUUACUCUAAAAAGAAUUAGAUGUUUAAAUUGUACAUA,0
GAUAAGGCAGAGGGUCUGAGUUGACUAACACAAGCCACCUA,0
UGUGGUGUCUUUUCUUCCCUUUAUCUCUUGAAAUACUUUAA,0
UCGCAGGGUACAGCCUCCCUUGUGACUGUGUUCAUGGGCUA,0
GAAGUGCUGUGAUGAGAUUUUGGCUCAUUGUAACUUCCACC,0
AUGUGCCCGUUGGGGCAGAGUGAGGGGAGGGCGUCCCCUCC,0
AAUGAAUCCACCUUUAUAUUUUAUUUACUGAUAGGUAAUUU,0
UUGUUCCUCACAGGAAAUCCUGCUAUGGCUCAUUGAGUCCC,0
CUAUUAAUCAGAGACUAACAUUCAUAAAAGAAAGUUGAGGA,0
CAAGGUUUUGUGUGUUUGGGUCUUUUCAGUAAUAUAAAUGU,0
AGACCUCCCUUGGAGGGAGAUGCUAGGGAAGGAAGAGGAGG,0
CUGAGUCCACCCCACCAGCCUCCGAGUGCCCUGGAGCCUGG,0
UUAGAGUGUACUCUUUCUACUUAUUAUAAACGUAAGUUCAU,0
GCAACUGUAGGAAUAGGUAGUUGCCAUUUUCUGAAGCCCUC,0
CUUUGUUCACUUUUCUUCAUUUGGUUUCUUUUUGGUCCUCA,0
UCAUAUUUAUCAGUGCAAACUUAGCACUAUUUGAUUAUCCC,0
UUGGUUCUCAUUAGAGUAAAUGUUUAGGUUUCCAUUUCUUC,0
ACCAUCAUCGAACCCACAUUUUUCCUAGCUUAUCCGCAAAA,0
UGGAGACUUAGUUCCCCAUCUUGGGUCAGGAAAGCCUUAGC,0
GCGGUGGCUCACGCCUGUAAUCCCAGCACUUUGGGAGGCCA,0
CUCAAAAAAAAAGUUAAACAUAGAAUUAUAUAUCUAACAAU,0
CAAAAUUCAACAACACUUCAUGCUAAAAACUCUCAAUAAAU,0
UGCAAGUUGGUUACAUAAAGUUGUUGCAAGGAUUAAAUGCA,0
AAACCUAAGAUUGCUACAUAUUAUUAUAUAAAAUCAUGGAU,0
CUUUUAAGCUAUUUGGACAGUAGAGGCCUCUAAUAACCAAC,0
UGCUUAAAAUUGAGUCAACAUUAAAUCAUUAGCCCCUAUUC,0
UGAACAAGAUGUAUGGUUUCUGCUUUCAAAUUGCAUACAGU,0
AGACAACCUGCCUUUCUCUCUGGGCUCCUGAGCAGCCUCCA,0
UAAUUCCAAAAUUGACCACAUAGUUGGAAGUAAAGCACUCC,0
ACUAUUAAUCUAAUUCAAUCUAAUUAAUCUAAUCUCUUUUU,0
GGCAAGCAAGGGAGAUUUGCUUCUUGUUCACUUUGAUGAGG,0
AAUCUUCUCUGACACCUUACUGGUGGAAGAAGAGAGCUGUC,0
AAUGCCAGCUGUUGUUACUAUGGAAGCAUUUGUUGGCAGUA,0
ACAUUAAUCUUUAUAUGUCUUAACCUAAUAUUUCUAGGUAU,0
AGUUUCAAAAGCAUCCAGCGUGAGAUUGCAUGUGAUUCUUA,0
GUAAUGACUUGAAUUACCUAUUAAUUGUAUUUUGUGGUCUC,0
AAAUGAAGCAAGACCCUGUCUCAAAAACACCAAAACCCAAA,0
GAAUAGAGUUUGUGGGAUUGUGGUUGUGAUUGAAGAUGUAG,0
GCCUCCCAAGUAGCUGGGACUAUAGGCACAUGCCACCACAC,0
ACAUGGCGUUAAAAAUAUACUUUGGAAAAUGAUCUAUUUCA,0
AAAUAUAAUUGCCACAGCGAUAACAUCUAAAGCCCAAGAUC,0
UGUUAUUUCAUAAGUGUGUAUCCUAGCUGAUCAAUGUAGAA,0
CUUCUUUUUGGAAGAUGUGUUGGCAAUAUGCUCCCAAAGCA,0
GACACAGAGCCUCAGUGGUGUACAACAAUAGGCACUUUUUU,0
UUCAAAGUUAAUGAUCUAAAUAUGAGAACUGAAAUCUGCAA,0
CCUGUAACAUCCCAAAGUGCUUUCCAGCAUUUAGGAUACUU,0
UGAGUAGCUGGGAUUACAGGUGCAUGCCACCACGCCCAGCU,0
UCCUGCAAUUUAUCAUGGUAUGAAAGGCCCAGUGAUACACA,0
CUAUGUCCAGCUAAGAACACUUAUAUACAUAGUUCAAAACA,0
CACUAACAGUAUCUACUCUGUAACGUUGUAAGGAAUAAAAU,0
AUUCUCUCCCUUCUGCGUCUUAUUUCCUCUUCUCAUCCUUC,0
AGGUUGAACUAUAUACCCUGUCUUGUAUGUCAAAAAUAGUC,0
GGGGUGACCAAAAAAAGUACUUAUUCCACACACAGUGGAUG,0
AGUUAGACCCUUACAAACAUUAUAUACAAAAAUUAGUGCAA,0
UGAUGGAUUAUGUACAAGUUUAAAACAGAGUUUUAUUAUGG,0
AUCAAUGCUAAUGUGUGGGGUUCCAAGUGGUGUAUGCUAAA,0
AGAGGUAUGUAAGUAAUAUUUGAAAAUAUUAUCUUGUAAAA,0
UACAUUGAAAGCUAGGCCUAUCAAAUUUCAAAGCUGUUCUU,0
UACUUUUUAAAUGUAUCUACUAGAAAAUUUAACAUUACACU,0
CCAGCAUCCAUAAAAUUGUUUCUGUGGGAAAGUGGAAUCCG,0
ACGAACUCUUCCUUAAGUCAUUCUAUGAGGCCAGCAUCAUC,0
GGAUCAUCUGAGGUCAGGAGUUUGACCAGGCUGGCCAACAU,0
AGAAAGACUUAAUAAUUAUUUACAAACGAAAGAAUAAGGGU,0
UUCAAGAAGGAAAAUGAGAAUCCACCAAAAUCAUGAAGGAC,0
AACAGAGAGUCUCAGUGAAGUUGUUUAAAGUCAUGUAUUCA,0
UGGCUCCAUCUCAGAUAUUCUGUGCCUCACCAGGGGUUCAA,0
AUUUUUUAACUUCAUGGCCUUAUCUUGCAUACUGCCAUUUA,0
UGCUAAAUACAUGCAGACUGUUUUCCUCAGUGGCUACUCAC,0
UGGCCCAUUUUUUAAUCAAAUUGCUUGUUUUCUUAAUGUUG,0
GGAGAGCUAUCAAAGGCUUUUAAGGCUAUGACAAAAGGACU,0
UUCCAACUAUGUGGUCAGUUUUGGAAUAGGUGUGGUGUGGU,0
AUGCUGGCUCAGCUGGAAAAUGUUAUCUGUUUCCUUAACAC,0
UGACAUACAAUAACUGUACAUAUUUAUGGGAUACAUAGUGA,0
AAUAAAUAAAUAAUAGCUUCUAUUUGUCAAAGUUUUACUAC,0
UGAGCAUUUUUUCAUGUCUGUUGGCUGCAUAGAUGUCUUCU,0
GACACAGUGGCUCACACCUGUAAUCCCAGCAUUUUGGUAGG,0
UUAUGUACAUAUGUGUAGUGUAGGGGGGAAAAAAACAGUAA,0
GUGGUGGCAGGCACCUGUAGUCCCAGCUACUCAGGAGGCUG,0
UUGAUUUCAGACAUCUAGCCUCCAGAACUGUAAAAAUAAAU,0
AUGAGAGAAGCCAUUUGAAUUUAAAGAACUUGGGGAAAUAU,0
AAUGCAAAUCAAAACCACAGUGAGAUACCAUCUUACGCCAG,0
UUUGGGCAAAAAUUAAGUCUUUCUGAUGAGUGAGGCAAGGU,0
AUGAAUGGAUCUGCGGCAAUUUGGCCCACUGAACUAUCAGA,0
AUCUAAUGGGGCAUAGGGUAUAAUGCAAACAUAUUCAGUUC,0
AAUAUAGAAAUAUAUAUAAAUAUAUAUAAAUAUAUAUAGAA,0
CCCUGUUUGAGGGUCUGGAGUGAAUCUCCAGGAAACUCCAA,0
CAAAACUUACAAGGUUGCUUUUUUUUCUUAUGAAAUUAUUG,0
GGCAGAAAAAAAUCAGUCCUUCAUUCCUCUGCCCAGCCUUC,0
CCAGAAGUUCAAGGCUGUAGUGAGCUAUGAUAGUGCCACUA,0
GUGCAAAGACUGGGGUUAAUUGUGUGGCCUCAGCCUCACUG,0
GACUGUGUGCAGAGGAGAGCUUCACCGGCCCAGGUGUCCUG,0
GGGAAAGAGGCUGAGUGGUGUCCACAGAGUGGGGCAUCCCA,0
ACCUUCUCUCUCUCUGGCCCUUAUCUGAAAUGCGUGGGACC,0
ACAUUUUUAAAAUGUAGUACUUUAUUUGCAUUCCCAAAGAA,0
GCCAAGGACCAGCUUCUGUCUAUAUUACUCUCAAACUUGCC,0
UUUAUGGAGGCUGGCUGGAGUCCAUAAGUGUCAGCAAGGGA,0
UACUCCUAUUUCUUUUUCUUUUUCUUUUCUUUUUUUUUUUG,0
AUUAAAGACAGCUGCAACCAUUCUGGCUUUGAAGAUGAAGG,0
UUUCUUAAGUUGAAUCACUCUUUUAGUCCUGGGAUAAAUCC,0
CCUAAUUUUUCAUCCAUCCAUCCAUCCAUCCAUCCAUCCAU,0
GUUUAUAUUAUACAGUUAGUUGAAUUUUAGAAGGAUCACAA,0
CAAUUUUUUAAUGUUUUUUCUGUCCUUUGCCCUGACUGAAA,0
GUUAGACAACAUCACAUAUCUCUUCAUGAAGUACUGGAGGC,0
UUGAACAGUACUCUCAUAAUUUUCUCUGUUAUCUGAAAUUA,0
GUGAUUCUCUCCCUUCAGCCUCCUGAGUAGCUGGGACUACA,0
AAGUUUUGACUUGGUCCAGCUUUUCAGAGCAUGAGUCUGAG,0
CAGUUAUACAAUGUUAAACAUAAUCCUUAUUUUUACGUAUU,0
GUCUCGGCUCAGAUACCAUCUGCUCUGUAAGCUCUGCUCUG,0
UCAAUAGGGUCCAAACCCUGUAAUCUUUUUAAUGUACCCCC,0
UCUACUGGUGGAUCCAGGUAUAGAAAGGGCUUUGGGCAUGG,0
UUGAUUUAGAUAGAGAUAGCUGAGCAGCUUGCGUUAACUGC,0
CAAUCAAUCACCGAAUUCUCUAUGCCAUCCCUUGGCAUACA,0
GGUAGACUGGAGAUUGGGGCUGGUCCAACUAAGAGGAGAAG,0
GUAAAAUUCACAAAUCAUAGUACACAUUUGUAUGUGGGUUU,0
UAUCUCAUCCUAAAAGACACUGAGAUUCUUAGUAGUCAUUG,0
CAGAGGAUUUAGAAUAUUAUUUAAACUUAGCUGAUAAAACA,0
AUUAAUGAUGUGGAUUGUCUUUUCUUAUGCAUGUUGGUCAU,0
UUUUGCUGGACAUAAAAUUCUUUGUUUGGAGAGUUUUUUCC,0
UUGCCAUGCCUCAGUUUCCCUCCUCCCCAGGGUGGGGUGGA,0
CGUGAUCCACAGCAAUUUUAUGACAAUUCCAUGGGCAUUGU,0
UCUAUUGGACAAUAGUGGUCUAGAGUUGAGGGGCGGUGGCU,0
GAAGAGGGUCAGGUUUCAGCUGAGGCCUCGAGUCCAGCUUU,0
UAGUAAACUUUUGUUGCAUGUAUAUUUGCAAAUAUUUUAUC,0
AACCAUAUAUUUACCUAGAAUGAAAAAAAUAGUUUUUUCUU,0
CAUGUCUUAUCUAUUUUUUAUUUAUCCUAGUGCCUCAAAUA,0
UUUUAAUUGAUGAUGCCUCUUACAAUUUUACAAUCUAACAA,0
CUAGCAAAGCACAUGAUACAUCAUGAAACAUGGUAGGUGCU,0
CACUGCUAUAAAGAACUGCUUGAGACUGGGUAAUUUAUACA,0
ACAUUUCCUAGGCACCCAUAUCAUUCAUCCAGUCUUCAAAG,0
UGUUUCCAGAUAAUGACAGAUGUUCUCUAAAGGGCAAAAUC,0
CUACUUUUAAGUCAACAAGCUAAGAAGGGAGUUACAGUGUU,0
UUUCUUAUGCUCCUCUCCUUUGGCCUUAUUUUUUUUUAUCA,0
UUUUUUUUUUUUUUUUUUUUUUUUUUUUUUUGUAGAGACAG,0
UAAAUGGUGAUUACCGUAAUUCAAAUGAGAGAUGAUGAAGA,0
CUCCCACAGCCUCGGUUUUCUGAGCUAUAAAAUGGGGAUGA,0
GGGAGGCCGAGGCGGGCGGAUUGCCUGAGUUCAGGAGUUGG,0
UGAGUGAGAAUAUGCAGUGUUUGGUUUUCUGUUCUUGUGUU,0
CCUCGACCUCUAUGCUCAAGUGAUUCUCCUGCCUCAGCCUC,0
AAUGUUCUGGGUCUUUUUUUUUUCUUUUAAACUGACCUAUU,0
GAAGAAAGCCUGGUUAGGAAUGCUAUUAUUUGGUAUGUCCU,0
CCAAAUCUUAAAAGGGUACAUGACCCUUAAAAGAUGAAAAA,0
AUAUGGUUUAGUUUCUUUUUUUUCUUUUUCUUUUUUUGAAA,0
AAUAAGGCACAAGGGACCAAUCCUGAAGAAACAGAGAUAUG,0
CCCCAUCAAUGCAGGAAUCUUGUUUGGUUUGCUGUUUUGUC,0
AACUAUGUUCACCGUGCCCCUUCACCUCCGAGAUUGAAACA,0
UAGACUCUGGGGAUUGUCUGUCCUAAACAACAUGGAUUUUC,0
ACUCAAGAUGGUUUAAAGAUUUAAACAUAAGAACUAAAACC,0
CAGGUCAAGUAACAACCAAGUUUCCGCAGGAAAUAAGUGGU,0
ACAGAUUUUAAAAUAAUAUUUCUACAAAAUAUAUAAUUUAA,0
AUAAAUACAGAUUCACUUCAUAUAAAAGAUUUCCCUGACUC,0
AUCAUCAUGGCACAUGUAUAUGUAUGUAACAAACCUGCACG,0
AAUGUUCUGUCAAUAAUUACUAUAUUACGAAUAAAUAGAGC,0
GGCAUCUAGCCUUGGUGAGUUGUUGUCUCAACAUAUUGUUG,0
UUGUAAUGAGAAAAACAGCAUGUAAUGAAAAACAAAAGAAG,0
UAAAGUUUAAAUUGUUUUCUUCAAAAAACUAUAAUUUUCUU,0
UAUAAUGUUUUACAGGCAGGUGUGGCCAUCACACACCCGGG,0
GGAGCAACUUACACCUUACGUGGGUGGCAGCAGGCCAAGAG,0
GAGAGGGCCCUGUGUGGCCCUGGGCACAGCCCUUCAGCACU,0
AAAUCAUCCUGUCCAUCUGGUUACUUAGUCCUUUGCUGGCA,0
GUGGAGCUGAGUAUUUCCCUUCCUUGGGUCAAUUAGGCUCU,0
CCCCACCUGUACAAUAGAGAUAAUAAUCCUAAUGCCUACCA,0
UUAGUUUAAUAAGAUCCCAUUUGUCAAUUUUGGGUUUUGUU,0
UUUUUUGUAGAGACAGGGUCUCAUUAUGUUGCUCAGGCUGG,0
AACUAAGGGCUGAGGAUGAAUAGCUGCAGGUAAAGUUAUGA,0
CUCUUGGGGACAAUUUGGCCUCACUGCUGCUGCUUCCACCU,0
UAUUGCUUUUCACUUCUAGUUAGCACAUGUGACAUGAAUGG,0
ACCUGGCAACUAGUUUCUUCUGAAGAGUAAACAGCACAGAA,0
AACUUGAGUUAUUCAUCUUGUUAUUAAAUUGUUGGUAAAUG,0
ACAUUUAUAUACUGGGCCCAUAAUAAAGGUGUCAUAUUGUG,0
GAUGUUAGCUGGUUAUUUUCUCCUUAGUUGAUGCAGUUUCU,0
GAGGAAUUGCCACACUGUCUUCCACAGUGGUUGAACUAAUU,0
AAAUACUGAGGGAUAUGAAUUCCUGUACUGUGUGGCAGCCA,0
UAUUUAGUGUUCCAAAAGCUUUCUGAAAUGAUCACAUUUUU,0
CACAGAGGAGCAAGUCAGUGUGGCCCCAAGUCAGCCUCCUU,0
GCACAGCGCUGGGCACUGGCUCCCCAGAACACACACAAGCU,0
UUUAAAAAAAUGUUUAUAUUUUGGAAGUGAAUAUAGUAAAG,0
AGCUCUUUAAGUAGUGUUAUUCAAGCAGGCUGUGGAGCAAC,0
GCUGACAAAUGACUUUCAAAUCUAUAUUUGAUACUUGACUU,0
UUAAUAUUUCUUAUUUUCCUUUGCCAGGAAGAGAGUCAAUU,0
AUGAGAUAUGUGUCUUUGAUUCUCAGUGCUUCUCCCAAAUA,0
ACAGAAUAGACGGCACCAUUUCAAGAAUUACUAAUGCUGAU,0
AUGAAGGGGGCCAGGUGCAGUGGCUCAUAUCUGUAAUCUUA,0
UAGGAAAAAUAGAAAAAAUAUAAAAACAUCAUGAACUUGUG,0
CACCGAAUAAUAAGAAACUAUGCUGACGUUUCUGAUGAUCA,0
GAGGAGGAGGACAAGUGGCCUCUCCAGGCUGCUACAGCCUC,0
CCCCAUAAUACUUAAAAUGCUAGUCCGUUUAAUAUGUAAAC,0
GGAAUCUUCCUCCAAUCUGAUAUGUUCCAUUAGACUUGAGC,0
AAUAAUUCCCAAUACAUAUAUCAAAGGACUUCUACCUGAAA,0
GGACAUGGAGUCAAACCACAUCAGGUGAGAAGUGAAAAGAU,0
GACUUACAUACUGAAAUGCAUAUUUUUAUCAUAAAUCUCUC,0
UCCUCUUUUUCUUGCAAGUUUUAAAUUUCCAACCUUAAGUG,0
GGCUGAUGUGAGUUCUGGAGUCCAAAAGCUAAAGAGCCUGG,0
AUUAGUAAAUGAUUGUUCAAUGAAGGAAGGAAGGAAUACGU,0
CAUUGAGAAAUCCAUGGACAUUUUAUGUCUUAGUCUGUUUU,0
GUAUCUUGGAUGUGUUAAUUUUAAGAUGGCUGGCUUCUGUU,0
ACAAAUAAAUGGAAAGAUAUUCCAUGUUUAUGCAUUGGAAU,0
GGAAAUUUUCAUUUUUUCAAUGGCUUAUACUUUGAUAGAAG,0
UCAAGCUGUUCUGGUUUAUGUGCAUGGAGCCUUUCAGUUAG,0
GGUAUUAUGUUUCUAAUAACUAAACUAAAAAUCCAGUAGUU,0
GAGAUGGAAUCUUGCUCUAUUGCUCAGGCUGGAGUGCAGUG,0
AAGGCUAAAUUGAGACAAUUUCAGGUAAACACGUGAUGAGA,0
AUAGUACAUUACCUGACUGUUCCACAAUGUAGUUGACUAUU,0
UACAUUUCCAAUUCAAGUACUUAGUCACCUCUAAUUCCCAC,0
CACAGGGAACCACUAAGCCUUGGAGAAGUUCAGUGUCUUGC,0
ACAGAAGAUGCCAGACCAUCUUUCCUUCUUUGAGUCAUCUC,0
AGGAAGAGUAUCAGGAUAAAUAGCUAAUGCAUGCUGGACUU,0
AAAUACAUAUUAGGUAUACAUUUUUGUCUGAGAUACAAGUA,0
AAAGCAAAAUCCGAUCUCUCUCCCGGGGGAGCAAAAUGGAC,0
UUUGUAGCAAGUAUGUGUGAUGUAUUUAAAGACAGAAAGUA,0
CAUAAUGUGAUGAUGCAAAUUCCCAGGUGAGCAUAUUAGGU,0
CAUGCACCUGUAGUUUUAGCUACUCAGGAGGCUGAGACGGG,0
UCCAGAAUAAUCUCAUCUCCUAAAUCUUAAUCUCAUAGGUA,0
AGCUCUUUUUUUUUUUUUUUUUUUUUUUCUGAGAUGGAGUC,0
UUUGUGUUGUCUUGAGUUUUUAAUGCAGUGUGGUAGUUCAC,0
GUAACUGCCUAGUUCAGCACUGAAAGUAGCAUCUCUCAUGG,0
UGAAAUGUCCAAUGUCCUAGUCUUCUAUCUGGAAUAAGAUU,0
AUUUCUCUGCUGUGAACCUAUUCUUUUUUCCCCUUGCCAUA,0
CGCCCGGCCUAAACUUUUUAUUUAAAUUUUGAACAUGUAUU,0
CUUGAAGUGCAUAUUGUGAUUCAUAUUUGUGUAAUUUUCAA,0
AACCACUGGAACCCAGACAAUCAAGGCUGCAAUGAGCUAUG,0
CUAUCUUUAGAAAAAAGAAAUUUCUAAAAAAAUUUAAUUUG,0
AAAAGCUGAGCUACCCAAAAUGGUAGCUAUAUAUUAACAAG,0
UCCUGUGAAACAAUGAGUUGUAGCUAAGAAGCCAACAAAGG,0
AAAUACAAAUCUGAUACCAGUUUACUCUUUAUAAUCCUUUA,0
AAUGAAGUCCAGAGCCUUCAUUAGCUAGUUGUGAUUGAUCG,0
GCACAAGCUUUUCAAUACAUUUUACUGGAUCAACUGGAUGC,0
AAUUGGGGAAUUCUAAUAGAUUAUUGUGGGAAUAAGUGUGA,0
CACACACACACACCUCACACUUCCUUCUACCUGUGGCUUCU,0
CACCUGUAUUCCCAGCUACUUAGGGGGCUGAGGUGGGAGGA,0
UAUUUAAAAGUCCAUUGUAUUUAUAUAUACUAGCAAUAAAC,0
UUAAGGCCUAAAUUGGAAUUUUCUCUCUCAGCAAAAGGGAA,0
GCCUGGCUAAUUUUUAAAUUUUUUGUAGAGACCAGGUUUCA,0
AUGUCUGCUUAGUUUCCUCUUUAUAUGUUACCGUUCACUGC,0
CCAAUCCCUCCAGCACUGCUUGUAAGAAAGAGGAAACGGCU,0
AACUAUGAAGGCUGAUGGUGUGAGAGACCCAGGGAAAGCCA,0
UCAGAAUAUCUGUGAACCUUUCCCCUCAAAUAUAUAUGUAG,0
UGUGAUAUUUGCUUGCUCUUUUUGUUUGUUUGUUUGAAAUG,0
UGGAAGGGAGCACUCUUGAGUGCUGUGGCCAAGCAGGGCAG,0
ACUUGUCUGAAUUGUGUCCGUGUCCAUGCUUUAUGGAAGGC,0
UGAAUUCACUGACUUUUGUUUAUUAAGUAACUCCCUAAGAC,0
AGGUAAAAGAAUUAUUGGAGUUGCAAUGUCAGAGGAAUCAA,0
CCCACUUUUUGAUGUAAUUCUGCUCUGCUUGCCUAUAACAC,0
AAUAAGAUGCACUUCAGACAUCAUGAACUAAUUAUUGUCAG,0
GAUUUAUGUAGUCAGUUACUUUGGCUGUCAUUCAGAAACCA,0
UCUCCCUAUGUUGCCCAGGCUGGUCUCGGACUCUUGGCUUC,0
UCUUCACCAGUCGUGGCUCUUUGUCUCCGAGUUCUGUCAUA,0
GCUGAGGUCAGACAGCACCAUGGAGCCCUUUCCACCUGCCU,0
GGUGCUUAACACAAUGCAUUUGUGGCUUGCCAUGUUUGAGG,0
CUGGCGUGGUGGUGGGCACCUGUAGUCCCAGCUACUCGGGA,0
CAGUUCAGGUUUCUGAUUCAUUGAUAUUUCUUCCAGCUGGU,0
CAUCUUAGAUCUGUGGAGGCUACACAAUAUUACUUAGCUUA,0
AUAUCUUCUUUUGAGAGAUGUCUAUUCAGGUCCUUUGCCCA,0
UCCACUGUCGCCACCCCUGCUAUCCCUAAGCUUUGGGCUUU,0
GCCCGGCCAAGUGAUGCUUUUAAAUAAGGGUGUAUAUAUUU,0
CUUACCCAAGAGGGCCCUUCUGCCUAGAAGGACUGGCACCU,0
CAUCCUCUACAACAAAGAAUUAUCCCAUCAAAUGUGUCAAU,0
UCUCCUACUCCAAACACAGAUUAUUGGAGAGUUCUGCUAUG,0
AGUUCAGUGCAGAAAAUAAAUCAGUCUAGAUAUUUUAAGCA,0
UGUACACGUUGACCAACAUUUGCUAUUUUUCCCACCCCGAU,0
GCACAGCCCUGCACACACCUUGAUUUGGGCUCAGUGAAACU,0
UCUUGUAGUAGUAGUUACUGUAGCCAUACAUAUAACUUGAC,0
CCCUAAGCCACUAGACAGCCUUCACGAAUGGCACCUCCUCC,0
CUUAUUUAAUCUAGAAGUUUUGUACAUGUCUAGAAAUUUAU,0
CAAGAAGUGUGAUCGUCAGGUGUGAAGGCUAGGUGCAACUA,0
GAUCGACAGCAGUUCACGUUUCCUCUCUUCCACUGGCCAAC,0
AAUUAACAUGCUCUUAGUUUUCUUUGUAUCAGACAUUCUGG,0
CUUGCAUAGGCUGUGCAUUUUAUACUCCCUUCUGUUUGCUC,0
AACACUCUCUCCACUAAAAAUACAAAAAUUGGCCAGCCGUG,0
GACAGAGAAGGCAAUAAAACUGAAGGCCUAGCUCGACUAAA,0
UCUAGGAAUGAACUCAGGGUUGGCCGAGGGAGGGCGCAGGG,0
GUGUCUUUAUAGCAGCAUGAUUUAUAAUCCUUUGGGUAUAU,0
AAGUGAUUAGAACAUGCAGGUAGCAUUAGGAAGCUUCAGGA,0
CAGGAGUAGCUAAAUUUAUAUCAGACAAAAUAAAUUUCAAG,0
AUAGUACAUGAGCCAUGAAAUUAUUCUCUAGGCACAUUAAA,0
UGGAUACAUGUACACUUCUUUAAUGGCAGUGAUGGUUUUGU,0
UAUAAAUGUAAUGCUUUACUUUCAGGCCUUGGACCACAUUU,0
AAAUAGAAAAUAUAAAAUUAUGAGUAUAAAUUGAACAAUUU,0
UUCUGAAAAGAUGAGCACAUUUUGGUAAAGCUUCAAUGAAA,0
GGCAUGGUGGUGUGCGCCUGUAGUCCCAGCUACUCGGGAGA,0
CAGCAGAACGAUAACUAUUCUGCCAUUUCACUACGAGAUUU,0
UUUUAAAAAAUCCAGAUCUUUAUUUCUAACAAGGUUUCCAA,0
CCAUUGCUGAUACCCUUUCUUCCAGUUGAUCGCAUCGGCUC,0
UUAAUAAAGUAGAAGAUAUAUAUUCUAUGUACUUUGCUCAC,0
CAUUAGUCAUCAUAGCAUCCUUAUGUUAGCCACAUGCGUCA,0
CAACGGGACAUUGUGAGAAGUGACCUAGAAAGCAAGAGGUG,0
CAAGGAAAUAAUUGGUCAAGUAAUGAUAUAUAUAUAAAAUG,0
AUUAUGUAAAUGUAAGUUAAUUUGGCUACCACUAUUGUGCU,0
CAAGACCAGCUUGGCCAAUAUAGUGAAACCCUGUCUCUACU,0
GUAGAAUGAUUUGAGAGGUAUUUCCUCCUAAGUUUUCUGAA,0
CCAAAAUAGUGAUAAAAAUAUACAGCUAAUCUAUUCAUUAU,0
CCAUGUUAGCCAGGCUGACCUUGAACUCCUGACCUCAGGUG,0
GGCUAACUGAGAGGGAAUUCUCACGUGACCGAAGAUGGCCC,0
AACAAAACAAUGGUGAAAAUUUCCCAAAGAUGGAGAAAGAG,0
UUUCCGAUGGUAGUGGGUUAUCUGAACUUAUUAGCAUUAGU,0
GGCCAUCUCUGUUUCCUCCUUUUCCUCAGCCACUGUGCACA,0
AAGUUGCAGUGAGCCAAGAUUGCACCACUGCACUCCAGCCA,0
UAAGCAAACUAUAGAUUUAAUAAAGUUAUUGAUUAUUAUCA,0
AUUACAUUCAUUCACACUGUUGUGCAAUGGAGUUUUUUAUU,0
GUCUGAUAGAAUUUUUUUGGUGUUGGCAACUUUUCUUGAAG,0
GCUGAUUAAUACCAAUAAUUUUAAAAAGUAUUAUCAUUAGA,0
ACAAAAGCUUCUGUAAUCCCUGUGCAGUGAUCAGGGUUGUG,0
UUGAGGAUUGAAUAAGAUGAUUUCUAAGGUCCCUUCUAAUA,0
UGCAUGUGUGCAAAAAUAUAUAUGCAAAUAUGUUUGCACAC,0
CAUUAGGCUUAAAUUUAAUGUAUCUUAAGGUUUUAUUGCAA,0
ACUUGGCAGCUUUCUCUCAUUACAUCUCCUUGUCCACUGUA,0
AUUAUGGCAUCUCCUGAGCUUUUGGCUUAGGAGGAGGAAAU,0
CCCACUCUCACAAUUCUGCCUGAUAAUUAACUACCUUGGCC,0
AAAGCAAAGGGUUAAAUUCUUUGCAGGACUCAGAACAAUAG,0
CCUGCUUUUACCAUGCAAAAUCAGGCUAGCAUUCUACCUGA,0
GGGUAAAAAUCACAUGCAAAUGUAAUUCAAAAGUUAAAAUU,0
UGUCUAUAAAUAAAGCUGUAUUGGAAUGCAGCCACACGCCC,0
UUUUUGAGGAGCGAAGGAAAUUGGGUUAAGCUCACUCACCC,0
GUGCCCGUACAUGUAACUGGUAACCAAAGUUUCUCUUCAUG,0
UUUAGGUUGAUUCCACGUAUUCACUGUUGUGAAUAGUGCUG,0
GAUAACCUGCAUAAGCAAAUUAUUUUUGCAAUCCAAAAACU,0
GGGGCUGUGACCCCCAUGAGUGCAGGGUCCGGGCCAUCCUG,0
CAGAAUACUGGAUUAUUAUGUUUAUGUCAAAAUGGAAUGAG,0
GAAAAAUCCCAAAAUGUUAAUAAUGGUUUUAUUAGAAUGGU,0
CUCACCUUGGCCUUCCAAAGUGCUGGGAUUACAGGUGUGAG,0
GUAUUUUUAUACUAGAACUGUGCUUCAGUCUAGGGAAUUAA,0
AUUGGUAUGGGAGAGGGAUUUAGAAAGCAUAGUUAUAAAUU,0
UGCUCUUGUCUUUUUAAAAUUUUUGUUGGUUUAAAGUUUGU,0
UUUGGGUUGGUUCCAAGUCUUUGCUAUUGUGAAUAGUGCCA,0
UAGGGUACCUUAAGAUACCCUAUUGAGCGUGAUUAACUAUU,0
UUAAUUAGUGAAAUCUGAUUUCUUUUUUAAAAGGGCUUAAA,0
ACAUAUGUAUACAUGUGCCAUGUUGGUUUGCUGCACCCAUU,0
CCAGCACCUUAAAGAUUGAUUCUGUCUUUUAAAUUUGUGUU,0
GACAGAAGAAACAAGUAACAUACAAUGUAGCUCCGAUACAU,0
GGCCCUUAUCAAAAUAUAUCUUACACUCAUUAAACUAUUAC,0
CUGGCGACAGAGUGAGACUCUGUCUCAAAAAAACAAAAACA,0
AACACAGAUUUUUAUUAUUAUCAGUACAAAACUCUCUCUGC,0
UUUCCCCACAUUUAGGAAGUUUCAGCUAUUCUUUCAUUAAA,0
UCUCCCAGGCUGGAGUGCAGUGGCACAAUCCUGGCUCACUG,0
CCUGAUAUUCCUCUGCAUCUUCAUAGCUUUGAUCAUAUUAC,0
GCCUCAGCCUCCUGAGUAUCUGGCACCCGCCACCAUGCCAG,0
GGGGGGAAUGUGCAGGGGCAUUAUUUGGGUAAAACUCUGCU,0
GAUUCACCAUCUUCCUAUCUUUCUCUACUCCACAGUCCAAA,0
UGUGCUCAAACAACUCUGCUUGGCCUCUGUUACCUGGGUGU,0
UAGCAGGUCAGUUGAUCUUCUGCAGGAAGGUGCAGCUUUUC,0
UGUAUCAAUCCACAAAAGGAUGCUUUGUUAGUCUAUCAAAU,0
UUGUCACUAACUUAAUUGUGUAACUGGGAAAAUUAUUCAAU,0
CUGUUUAAUUAUAGUAGCCUUCCAAUAAUUUUAACAUCUGA,0
UUUGUGUGCAUGUGUAUGAAUGCACACAGGUUUGAGAGCUA,0
UGAAACCAGAAAACAUGUCUUCACUGGUUUUUAAUUCACAU,0
AAAGUUCUUGUGCUGUGUUUUUCACCUCCAUCAGGUCAUUU,0
UUUAUUUCUGAGAACAUUUAUGGAAAGAAAACUAGAUAAGU,0
UGUAGAGAAUCCCCUUCCCUUUCCAGUUCUUUUUCCUGAUA,0
GAUGAAGGGAUCGGGUGCAGUGGCUCACGCCCAUAAUCCUA,0
GGCCCAUGUAAGUCUAUUCCUUAACCUCUGCAGCAUUGUAG,0
CAGGAGACCCUAAUAAUCUUUUUAGGAAGCUCCGCCCAGUA,0
ACCCCUCCCAAAAGUUUGUUUGCAUUACCUAAAAUCAGCGC,0
GUGACUGUAGGCACGUGCCUUAAUUUCUUUGUGCCUCCGGG,0
CUGACCUGGCUUUAUAUUGUUAAUAACGGGUACAAGGCAAA,0
CACCCUUCUGCCUCUCUAUAUAAACUGAAUAUGAACUUUCU,0
UUGAAUAGCUAAUCAGAUGCUAUUUUGUAAGGCAGUUUCUU,0
AGACACCAGAAAGUGCUUAGUUGCUGAGAGGGCCACACCCC,0
AUGAAUCUUCUCUCACUCAGUCUGUAGUAACUGAGAAAGAA,0
GAAUAGCUGGGACUACAGGCUCAUGCCACCAUGCCCAGCUA,0
UGUGUUACCGGUAGAAGGUAUUUGAGUCACUGGCGGCAAAU,0
CCCUGGGAUAAGCCCUGUCCUCAUAUACUCUUUCUAUGUUC,0
CCCCGGCCCACUGUAGGAUUUUUAAAUGCAUCAUUCAUGGC,0
AGGCCCAACAUAACAACACCUUUGUCCUUUGUGCCUAAGAC,0
AUAACAGUACCCCAUCUGCAUGAUUAUUAUGAGAGUGAAAU,0
CAAUGUUCCCUUUGAACCUGUCUGCAACUCCCCCAGGCUUG,0
AGUUCAGGAUAAUUCAAAUAUGUUAUAAACUCAGAUAAUGA,0
AAGUACUCCCUUAUAGCAUUUUAAAUUUUCUCUAUCAUUCC,0
CUAUGCUUGUCCAUUCUUUUUUCUAUAUAAAAUUUUUAUAA,0
UAUUUUAUGAGGUGACUUUUUAUUCCUUUGCUUAAUUUCCA,0
GCUAAGAAAGACUAAGGAUUUUACCCUCAACCAUCUCUUCA,0
GAACAUGAGGUGUUAGGUUUUUUGUCCUUGUGACAGUUUGC,0
UCCCACUGUUAGGACUUAAAUCUUUAACCUAUCUGAAAUUU,0
UCUCAAGAAAAAGCCUACUUUUCUUGAUGAAACUCAAGAUA,0
GAAGAAAGCCAAGCUUGAAGUUAAUUGCUGGUACCUGCCCA,0
AUGUUACCGGGUUGAAGGUUUUGUGAGGACGAUCCAAGUAU,0
CCUGAAAAUUCACUAAUAGUUCCAUUAGAGAGGCCUUGGAA,0
GGCGCCGCUGUGCUCCAGCCUGGGUGACAGAGUCAGACUCC,0
UCUGGUCUAUUUCUGCCUGUUACCACUCCCAACAGAAUUAA,0
CUCAGGUGAUCCACCCACCUUGGCCUCCCAAAGUGCUGGUA,0
AAUAAUGACUGUUAUCACCUUCCCCAACCCACCUGAAACAU,0
AUUUCAUCUAGGUUUUAAAAUUUAUUGGUACAAAUUUAUUC,0
GUUGUUUGCAUUUCUGGAUUUUUAGGGUUAUAUUUUAGAAA,0
UUCCUCUACUAAAAUGUGUGUAUUUCAGUUGAGAUUUUUAA,0
UUUUUUUUUUUGAGACAGGAUCUCGCUAUGUCGCCCAGACU,0
GUAGGAGCUGAAUGGGCAGCUGCAGAGGUUGGGGACAUCCC,0
AGUGACAGCACACAGAAUCAUGGUGCUGAGAGAUCACUCUG,0
CACUAGCUGGUCGCCAUUUCUAUUCAAUGUUAAACUAGAAG,0
GAAGAGUUUCUGGUAUAAAGUAGCUGCUCCAAUCAAUAUUG,0
UUCUUUUCUCACAUUCCACAUUUGGUGCGAAUCCAAAGCCA,0
CAGCCUACCUGAGAGCUGCAUGGGGCAGGGGAGCCCCUACC,0
GUGACAUUUUAUAGCUUCCAUCUGGAGACACCAUGGAAAAU,0
AUUUACUGACCCAUAGUUGGUAGAUAAGGGUUACUAUAAAU,0
UGUAUAUCAGAAAACCCCAUUGUCUCAGCCCCAAAUCUCCU,0
GCAGCAUUAUAAAUAAAUGUUGGUUUGUUAAUUGUGUUGAA,0
AGCUGAGUUCAAUUCCUGGAUAUCCUUGUUAACUUUCUGUC,0
UGCUGGGUGUCUGACUCUAGUGCCUCUUUCAGGCCCUGAUG,0
GGGAAGAUAUGAUGAAGACCUCUGGUCUGGGGGUGCCAGGU,0
CUAAGAGCCUUCACUGGCUGUCUCUCCUGAAAUUCUCACGU,0
UAGCUGGAACUCAUUAUUAAUCAGACAUCUAUAUUAACCAC,0
UGGAGGGGGACAAGGAAACUUUUUCCAUUUCGGUAUGGAAU,0
AUAUGAAAAUAAGGUAAGUCUUUUAUGGAGAAUGGGGAAAC,0
UUUGAAGACGAGGUUGACAGUAUUUGCAAAUUGAGGUGGAU,0
AUUACAGGCACAUGCCACAAUGCUGGGCUUAUUUAUUUAUU,0
UUUUGUCCAUGAUUAUAUUCUGGUGAUUGACCUAGAUGUAC,0
UUUUCAUGCUCUCUAAAUAAUUCUCAUCUCUGUCGUUCCCC,0
UAAGUAACCCCCUAAUGUUGUACAGUUUGGUUGUUUCCAGU,0
UCAAUAAAUAUGUGGGUCUGUAAAUGAUCAAGCAGGACAGA,0
GAUACUGAGAAGAAACCGGAUCAGGUUUUGAGAAAACUAAU,0
UAAUGAAUAGACUAGGGAACUAUUCUUAAUAAUAAAUAAUU,0
ACUUUCUUUCUCUAUAAAUUUAUCUAUUCUAUACACUUUCU,0
UGUAUUGCAACUUGCCUGUUUCUGCAUUAGACUACAGGCUU,0
AGGACAUCAGUGUGUGUGUGUGUUGGUGGGAAGAGGGGAGG,0
UACCUUUUCUUUAGAAAUCGUCCCUCUUUCUUCCUCCUAAG,0
CCACAUAGAUAAUGUUAUAGUAUGAAUAAAUGGUUAUUUAU,0
AGUGCAGUGGUGUGGCGGGAUCUUGGCUCACUGCAAGCUCU,0
AUGGGGACAAUGGGAUUUAAUAUUUCUCUCCACUCUUCAGG,0
CACCUGGCCUAAAUUUUUUUUUUUUUCUCAUACCUCUCAGG,0
CCAUUAAAUUAGGCUCUAAUUAAAAUUCAUCUGAAAUAUUC,0
GCAGCAGGGACAAUCGCUGGUCACUCUGUGCCAUUAAACUG,0
GUUUAAGGGCACAGAAAUACUUUCUGUUCCUAUGUUUAAAG,0
AUACAGCAUGAUGCUUUAUUUAAAUUGCACUAUAAUUUAAA,0
UAAAAAAGCUUAGAAGAAAGUACACAGAAAUAUUAACAGAA,0
GCAUGUAGACAUUCUAUUAAUACAUAAUGACUCUUAGGACA,0
UUUUUAAAAUAAAAUUUAUUUUUAAAAAUCAAGAUCUCAUU,0
CUAUACCAGCAUUUCCCAACUCUUCAUUUUAAGAGCCAAGA,0
ACUCCCUGUAAACUUUCAAAUGGUGGUUCUUCAUGCCCGGG,0
CUUGCCUUUUCCUCUUGCACUCACAUGCAGGAAGGGGAGGU,0
AUAUGAUUUUUCUUCACAUAUUAAAUGAUUUGAAAAUGUUA,0
UAUUUAAUGGAUAACAGUGCUAUAAACAUUCAUGUACAGAU,0
UUAUAGUGUCCACACAGAGGUUGAAUUAACAUAAUUCAUAA,0
GGAAUGGCUGCUGGCCAUCCUGGAUUCCUCUCCUUGUAUCU,0
GCACUACUAUUUAUCUCAUUUUUUCCCUUGUCUGCAAAUAU,0
CUCCUGGGUUCAAGUGAUUCUCCUGUCUCAGCCUCCCAAGU,0
AUCUUCAACAUCCUCCUCUGUAAAAUAGGGAGAAUAGCGGU,0
AGAAUGCUGUUGUUUCAUUAUUUUCUGUAUCAGUUGCUGAC,0
UCAUUUGCUGUUCUCUACCAUGAACCUCUCUUCUACCAGAU,0
UCCUGUGUCUCCAAGCUGGUUCGUCUCAUUUCUCUGUUUUA,0
GUCCCUCAGGCUUGGUCAGCUGGGCAGGCAGUGGUGUGGGG,0
CGAUGGGACUCUGUGUUCACUACCAGAAGUGAGCUAAUUAG,0
UUUUUUCAUUCCAUAGAUUUUUUUUUUCUUGAGACGGAGUU,0
CAAGAGAUUUUACAGAAAAGUCCUGUUUCUGGCGUUUCUGA,0
UUAGGCAACCCACGUUCUUAUAACCACUCCCACUUUUUGAU,0
UCUCUCUCUCUCUCCCUCCCUCCCUCUCUCUCUCUCUCUCU,0
GGAGACAUUUGAGCUGACUUUGAAGUACAAGAAGGCAUCAG,0
CUUAGCUGUUUCAUAGGUAAUUAAUAAUGUAUGCAUCCUGG,0
CCAGGCCCACCCUCGCCCCAUGCACCCACACAUUCACGCCC,0
CACUCCCACCAGCUGCAUUAUUCUAUCUUGGGAAGCUCUCU,0
CAGGAGGGGCCAUUUAAAGUUGGGAUGAGUGUCAGGAAUGA,0
CAGUAUCUCCAUCUUAACCUUGAUGACUUCUCAAGAUAUUA,0
GUCAUCUUUUUCUAACAGAAUAGCCCUAUACUUUAAGAUUU,0
GUAAAAUAAGCAUAGUGUGUUUUGAGUGUUAAGACACAAAU,0
CACUGCAUUUUAACUAACUGUUUACUUAUCAAUGUAUCAUA,0
UGGGUCCCCACUGAGCACGUUAUCUGAGGGUUUUCAGCCAU,0
UUAAAACUGCUAAAAAUCUGUGCCUUAUUGUAAUAUGGUAA,0
GUUCAGUAAUUCCAUUUUAUUCCUUGUGUCCUGUGACUGCC,0
CUAGAGGAAGGAAUGUAUCUUAAAAUAAAUAGUGUCAUAAA,0
AAAGCAAGUUCUUAGAGAUCUACAAAAAGACUUAGACUCUC,0
CCCCAGACAUCAGAAAAAAAUGUUUACUUAAUUUGUUUUCC,0
UCACAGAAUGGCAGUAAGAAUCAAAUGAGUUAACAGUGCAU,0
UAGAGGGUCAACAAGAUUUCUGUAUUCUGAUUGGUCAGAAC,0
UGCCACAUCAAAUGCCAAAGUAGUAAUUUUAGCUCCUAGGU,0
ACUUCCACUAUUUAAAUCUUUAUCAAUGCUCCAUAGCAAAA,0
UUAAUUCAUACUUCAUAUCAUACACAAAAGUUAAUUCCAGA,0
CAAACACUUUUAAAGAGACAUCAUGCAAUUUGAGUUAGUGA,0
CAUUGCUCACACCUAGGAUGUUAUGGUGGGCUCUCAUGCUC,0
UGGCUCAGUGUUCUUGGUCGUUUUCUUACCUCACUGAUCUG,0
UCUGCGUCCUCACUCCACCUUCCCAGCCCUAGCUCUGCUCA,0
UAGAGACCUCAGGUUAUUUCUCACUUGGGUCUGUCAUAGGG,0
AAACACAACCAUGCAGCUCCUGUCUGGCUGGAGGCUGGGAG,0
AUGAAGUAACCUGUCAAAGUUCAUAUAAGUCUUAUGUUGGG,0
ACAGCGUAGCUCUGUAUAGUUAGUUCAACUUAUAAUGAGAC,0
ACCACAUGUACCCCAAAAGCUAAUGAAAUAAAAAGUAUAUA,0
UCUCAGAUUAUCCUUAUCAGUUUCCUUUUUGUCAGAGACAA,0
AUGCUCUUACAAGUUCACUUUCUAAAUCUUCUCUUAUGCCC,0
UCAUUCUUAGAAAAGUUACUUAAUUAUUUAUAUAUUGCCAC,0
GAUGGAAGAAGAGAGGUUGUUAAUGGGUACAAACAUACAGU,0
UGGGCAAGACUUAAUGUCUCUAACUCUCAUUUUCCCCAUUU,0
GUGUCUGUCAGCCCCCCUCCUCCUGUCCAGUUCUGCUUAAG,0
AAUCUAAUUCAAUCUUAAAAUUUUUGCUACCUAAACCCAAG,0
GUUUGUAAGGUGUCAGAUUUUCCACUAUGAAAGCUUUCUUG,0
AGUAACUUUAAGGCUCGACUUAGUCUCUGAAUCCACAGAAU,0
CCGCUCGGUCACAAGCCGGCUGCUCCGGUUCCUCUUUUCCC,0
UCUUUAGUAAUAUUCAGCAGUUUAGUAUAGGCAAGAGAAGA,0
UGAUAUGAACAGAUAAAUAAUCUUAAACUGGCAGCAUUAAG,0
UUGAAGUUGCUGGUCUCUUUUAUCUUGGGGAUAGGAGGCUC,0
UGUACAAAGCAGCAAGGCCCUGGGCCCAGACCACAAAACCA,0
CGGCUGCUUUCACCACCAGAUAGAUCAUCUGUAGAGGGAAC,0
CGCGAGGGUCCGCUGCUUCAUUCUUGAAGACAGUGAGACCA,0
UAAUCUUUGGACACUGGUGAUUCCAGCCCCAACAUCUCCCA,0
AUUUAUCCUUGUGCUUCUUUUUUUCCUUCCUUUUUUUCCUU,0
CUCCAUGUAAGACUUUCCCUUCAUAUUUCCACUUCAUUUCU,0
UUAACCACCUCAAACAUCCAUCAUAUCAUUGUGUUGGGAGC,0
UAGUAAUCUUAUCACUAAUUUAAGAACUGCUAGGCAUCAAU,0
UGAGAUUAGAUAAAAUCACCUAAGAAAUAAGUGCAGAUUAA,0
AUAAGGUGGAAUUCGUCAGGUUCCCUACUGUACACUGCCAA,0
UUUCUGUGUCAGUAUCUGUGUGUAUGUCUGUGUCAGUGUGU,0
UAUUUAUUUAUUUAUUUAUUUGAGACGGAGUCUUGCUCUGU,0
GAACUAGUAAAGCAGUUAUUUUCUUGCACAGUAAUAACUGU,0
GUUUCUUUCUCCCUGUAAAUUAAAAGAGAGGGAAGGUGAUG,0
CAGAAUCCAGGUCAGGGCUCUGGUUACCUGUCACCCAGGCC,0
ACAGAGCCAAACCAUAUCAUUCCAUCCUUGACCCCUCCAAA,0
UCCAUUAUAUGUUCAUUUUUUAAUAUUUCGUAAUGAUCCAA,0
AUAGAGGCCUGAAUUUUUAUUGUUAUCUCUUCCGGAGUGGA,0
AGCAACUACUACAAAAUAAAUGGCAAGAAAAAAAUAGGACU,0
GAGAGAAAAUGAGAAUCAAGUGAAAGGGGUUUCCCCUUAUA,0
AUACAGACUGUAUCCAUCUUUAUAAGCCCAGCUGAAAUGAC,0
AUGGAAGAGGAAGUGAAAUAUUUAUGUAUUUGUCAAAUUUA,0
CUCGCCUUCGGCCGCCGCGGUGUGGCCGGCAGAGCCGGGGC,0
CGGCCACCACACCCGGCUAAUUUUUUGUAUUUUUAGUGGAG,0
UGCUUAUAAGUAUGAUUCUAUUGACAGUAUUAUUUAAUAUU,0
CUUUUAUUCAAUGUUUAUGUUACAGGAAUCUAAGGAAUAAU,0
UAGAAAGACCCUUCUGGCAGUAAAAUGGACAAUUAAUUGAA,0
AGAGCCCAGCAGCGAUACGGUGGUUUUCGACCCAGCUAGGG,0
AGGAAAUAUAUGUUUGUGUGUGUGUGUGUGUGUGUGUGUGU,0
ACUGAGAGGGGUAGGAAGAAUCAACGGAUGAAUCAGAAUAA,0
CAUAUAGAUAUACUUCUAUCUAGUUUGAUUCCUUUUCCCAC,0
AACAUUUGCACAUAGCUCUUUCUGUAGACGUAUGUUUUUAU,0
AUUUCUAGUUUCAUUUUCCUUCAUUCCUAUAACACUUUACC,0
CCAAGAGGACCUCACCCCUAUAGCAAACUUCUGCCUGGGCA,0
UAAUGUUUAGGGGUGCAUAUUUGACUUUUUCUGGUAGUUCC,0
GUUUCUAAUAAGACUUUUUGUUUUAAAGUCUAUUUCUUUGA,0
UAGCAGCUCCAAGGAGAUGUUGCAUAGCUGGACCAGGCCUU,0
ACUUGUGUUUUUAUGAUGCAUACAAAAAUAAGAUCAUAAUU,0
UUUUAAAAUUUAAAAUAAACUAAAACUGAGUAUAUGAAAAA,0
UGCAACAACCAAAAGUUGCUUCUAGAAUAUGAGAAGUACCA,0
CCAUGAAAGAUCAGGCAGUCUGAUUGUGAGGCCAGCAAGAU,0
CCCAUCAGACUAACAGCUGAUUUCUCGGCAGAAACUCUACA,0
CAGGAACCAAAACAUCAUGGUACUGGUACCAAAACAGAGAU,0
UGUAUAUUUUCAUAUUUCAAUUUUCCUGUGAGGUUAGAAUG,0
CAUGAUAUACUGAUAUACUUUCUACCAGGGCCCAGUGGAUU,0
UCUGAGUCAGCUUUGUCCUCUUUCUAGCUUCCUUUCCAAAA,0
UCACAAGUUUGAAAAUUUCCUUUUCAGGCCCAAUCAAGAGG,0
GCUUCCAUGAUUAGUUCACCUACAGUUCCCUGAAAUGCUCU,0
GAUUUUGGAAUAUUUUCAUUUUACUUCCUGGUUGAACAUCC,0
UACAUAUAGUCCAGAUGAAGUCGAUGAGUCUGCUCAGGAGA,0
UUAAAUGGGGCUGCACAGAGUCUAGGCAUGAGCAUUUUUAC,0
AGAGACUAUAAUAUGUAGACUUCAUUCUGGUUAACAGUUGG,0
AUUUGUAGUAGGCUGAAUAGUGCCUACCCCACCUCGACCAA,0
UAAGUAGAAUUUAAAACAAUUAUUGUAAACUAAAAUUCUCU,0
AAAUGUAUCGACAAUGACUAUAAUUAUGACAAGCAGGAAUG,0
UUUAGAGGUUUCAGCCUAUUUAUCUCAAUAAAUAUUACCCU,0
GGAACCCGUCUCUGUCCCCCUCCCUCUCUGUCCCCCUCCCU,0
GGCCGGGGCUCCCGGCUCAGUUCCUGUAAAUAUCCCCCUUG,0
UGCAAAAACCACAUUUACUUUUACAACAACCUAAUAGAACU,0
GCCUUAUGGGUGAGGUGUUUUUAAGGAGGAGGGAUGUCUUG,0
CCUCGUGAUCUGCCCACCUCUGCCUCCCAAAGUGCUGGGAU,0
AUUUACUUCUUGGCAUUGUUUUGAGAAUUUGAAUGAGUGUU,0
UUCAUUUCAUUUAUUCUUCCUUGUAUUUACUUUGUGGCUAA,0
UGUGUGUGUGUGUGUGUGUGUGUGUGUGUGUAUUGUUGGUA,0
GCCUAGAGAGAAUCCCAAACUGACCACACCACCUCUCUUUC,0
UCUUCCUCAUUUUGAAUUUCUGUAUUUGGACAAAAUCUUCC,0
GGCAACAGUGCGAGACUCCGUCUCAAAAAAAAAAAAAAAAA,0
UAAAACACCACCAAAGAAAAUCUGCCCGAUAAACAUAUAAA,0
CCUUGAAGAGGUCCUUCACAUCCCUUGUAAGUUGGACUCCU,0
CAAAGUUCUUAAAUGACUCCUUGCCAAAACAGGAUAGUUCC,0
UAUCUACUGACUAGUAGAUAUUAGCCGUAGUGAUAGUACUG,0
UCACACACUGGGGCCUGUUGUGGAGUGGGGGGAGGGGGGAG,0
AUAAAUGGAAUCAUGCUGUAUUUUCCUGUAACUUGCUUAUU,0
AGCCCCGAGACAUAGAAAUCUUAACUUGUAAGUGAUUGUUG,0
GAACAUUUCUGCCUAUGUUCUUCUUUUCUGGUCUCUUCCUG,0
CAACAUGGUGACACUCCGUCUCUACUAAAAAUAGAAAAAAA,0
CAUGGCCUGAAUGGGGAGUGUAGACCCUCAAGGGAUGCCUG,0
CUCAUGGCUCAUUGCUUUCCUUCUCACUUUCAACUGAAAAG,0
AUCACAUCUGGCUAAUUUUUUUUUUUGUAGGGAUAGAAUUU,0
CAGCACAUUAUUCUGAUGACUUCCCAGUAAUGAGGUAUUGA,0
UUUAUUUUUGAACACUGUGUUGAGACUUCCUUGUUUACUGU,0
AUAUUAAACAUUGAAACAAAUGUGAGCUAUACGUAACAUUU,0
GCCACAGUGUGUUUGUAUGAUUGUGCUGGUGAAUAGUCACU,0
GGACAGAGAUAGAUUGUUCCUGACGCUUUUCCUCAGCCUGG,0
AUAUUUCAAUAUCUAAGAUCUAUUUCUUUUUCUCUGAUUGC,0
GGUAUUAAGGAAAGAGAACAUUUCCUUCAGCAAACAUGCUC,0
GCAUUGUAUCAUAAACUUCUUAUACAUUAUCUCAUCAGUUC,0
CUGAUAAAAUAUGGUUGAAGUUAUAUGUGAAACUUCAGACU,0
CAUAGAAAGACCCCAGAGGUUACAACUCUCUAUAUAUAUGC,0
GGAAGCCUUCUCUCUCCAUCUGUCACUCUGAGACCAUAUUG,0
GUGUAUUCAUUUCAUUUUUGUGUAUUCAUGUUUUUUCUAUA,0
GAGAGUUUGCAAAGAUAUGUUAGACCUAAAUCAGUAUCUCU,0
UACAUUUCUCACACAACAUAUAAAAUUUGAAUGAAAUUCCU,0
CAUGCUUCUUGGAAAUGUUUUGAUUAUACCUGCAGGGAUAA,0
UUCUGUAUAUAUAGAAUAUAUAUCUUCUCUCUAUAUACUAU,0
AUCUCAACUGCUCUUGCUCUUUCCUUAGCUUUAAACCCUCC,0
CCCCACCCCAAAACUUCCAAUUUAAUUUUUCUUAGAUUCUG,0
CUGAGAUAUUGCUUUAUGUGUCUGUCUCUAAAAUUUCUAUC,0
AGGUCAGGAGUUCGAGAUCAUCCCGGCCAAAAUAGUGAAAC,0
GUGUUAGUAUAUAAAAGUUAUAAUGAAGGCCUGAGCUGCUG,0
AGUUUUCACUUUGAAGACACUGAUAGAACCUAGUGACCUUA,0
CCGGCUGAUGCUGCUGACCUUGUUAACAGGCCAGCAACUGC,0
UAUUUUCAACUUAGGUUUAUUGAGAUAUAACCCCAUCAUAA,0
UUAAUGCAUCUUUUUUCUUCUAGUUGCUUUUAAUAUUUAAU,0
GAAGAGAGUUCUUGACGCAGUGCAGACACAGAUCUUGUGUA,0
UUUAGAUUUCACUUAACAUCUUAGCUAUUACCCUUCGUAUU,0
GGUCCUAUGCCCACGGAGUCUCACUGAUUGCUAGCACAGCA,0
GGAGAAGGUCGCUUUUGUCUUGGUCCCAAAGGAGGGAAAAA,0
AGCUCAAAGGAGACAUAGUGUGUUCACUCACCAAGGCUGUU,0
UCCAUGGAAGAAGAUGUUUCUUCGUGACGGCAUGGUAGAGG,0
AUUUGCCAUAGCUGGAAGGGUGUGUUUCCAUGUUCAAAAAA,0
GAGGUAAGAUGAACAGGACAUGGUGAUUGGUAAGAUUUGGA,0
ACAACAGCAACCAGGAGAUAUAAAGAGGCCUAUAAAGAGGA,0
UUUGUUAAAAACACAAAUAUUAUAGGAAGUUUUUUAUACAG,0
CUCUGCCUCUUCAGCAGCUCUGCCUCACCCUGGAGUGCGCC,0
AUAGGAGGUGGUCUCUAGCCUCACCAAGCUUAUAGUCUAGG,0
AAGCCUUAAUACUCAGUAACUCCCUGGACAUUUCUCUCAGA,0
UUUUCAUAUGUCUUGAUCAGUUACAUCCCAAAGCUAUAUUC,0
AUUAAUAAGUAUUAAUAAGCUAUUUAUAUGAAUUAAUACCC,0
AAUUGCCUUGGCUUUGACUAUUUUCAACUUUUAACGAUUGC,0
CCAAACAGUUAUUAAUCCAUUCAUUUUUUCUAUCUAUAUCA,0
AACCCACAUUCAACAAUGGAUAGACAGUCUAUACAGAAAUC,0
CUACUGAUGGGAUUUUGGUGUAGCUGUCCUUUUUGUUGAUG,0
GUCAGGUUACUCAGCCUCUGUGGCAUGGCUCACUGUAAAUA,0
AUCAGUGGCAUAGCAGGGACUUUUGGCUUGAAAAUACAGAA,0
UGAUUAAAUAUUAAAGAUCCUUAUUAGUAUCUUGCAUUGUU,0
AUCAUGUAUUCUUGGCAUCUUCCUUGAAAUUCAAUAGACCG,0
ACAGGGAGAAUGACAAGAGUUGGUCCCCUGUACACCUCUGA,0
UGUCUAUAGAUUUGCUCAAUUGUAAGGCGAAAGUAAAUUUC,0
CCUGGUUUAUUUUUGUAUGUUUUAGUAGAGAUGGGGUUUCU,0
CACUUUGGCAAUCCUGGAAAUCAUUUUUCCAUUGGGUUUGG,0
UCUUACUUAUUCUUGGUCCUUUGCUUUUGUGUAUAGUGAUA,0
AUCCCUCUUUAAUUCUGCGGUGGAUUUUUCUCCAGGCUAAG,0
AUAGCAAACCACUUCAAAAUUUAGUGGCUUGAAACAACAGC,0
UAAUUACUUGCCUUUAUUGGUCAGAUAAAAUGUAGAGUCAA,0
UCUCUUCCUCUUGGCUAUUGUUCUUGGUUUGUGUUAACUCU,0
UCAUGUUGAAUUGUAAUUCCUAAUGUUGAGGGAGGGACCAA,0
AUAAUCACAGAAAUUUGAAAUGAUACAUGUAAUAUUCUGUA,0
GUUUUAUUAGGUUAUGACUGUGUUCCAGAUUGAAUAGUAUA,0
GGUGACUGACCUAGGAUGACUUUCAAUUCUGAGAUUCUAGG,0
UAACAGAUCCUCCCACUGGUUGUUACUGAGUAGCUCCUCCU,0
UGUGUUUGUUAAAUUUCAUUUUGUCAGGAGAAAUACAAAUA,0
CACAAGGUUAGACAGGCAGGUAGAAAUUUUCAAAGAAACAA,0
GCAAAUAUAUAUGUAUAUUUUUUGUAGAGACAAGAUUUCUC,0
UAAUCCACAAAUAUGACACCUUUUUUCCCACCCUCCCCCAG,0
ACACUUGUGGAUAAUUAACAUUGUUAAGAGAGUAGUUCUAC,0
UUUUUAGUAGAGAUGGGGUUUCACCACGUUGGCCAGGCUUG,0
CACAUGCAAACAUAGGAAGGUUCAAAGGAAGUCCCAGAAAG,0
AUCCCGUUACUGAAUAUUUUUCUAUUUUUAUGAACCAAGAU,0
CUGUCUCGACUUUUAUUUUAUUUAUUUUUAUUUUUAUUUUU,0
AUGAAUGAUGGUCAAUUUUUUCCAACACUGGAAUUUUUCUA,0
GAUCAACGUGUCGGCAGGGUUGGUUCCUUCUGAGGGUUCUC,0
AUUCUCUGUGUUUAUGUCUCUCAUUGCUUUGGGUUCACUCC,0
CAGACGCAGCUGGAUGGCUCUGAUUUAGAGAACAAGUAUUU,0
CCUUUUUCACUUAAGGCCUGUAGGGAUUUCCCUUCCUAUCU,0
UGUAUUUUUAUUUAAAUGACUUAUAGUAUUUUACUGUGCUA,0
CUGGCUUUGGUGGAUGUGAUUCCAGAGCUGGCAGUGGUGGU,0
AUCAAGAGACAGCAGAGGCUUAGGAGGAUGGAGCAGUAGUG,0
UAGAGAGGAGGACAGAAAAUUGAGUGAGGAAUGGGUUUCAU,0
ACUAAGCCUAUUUAGGUCCUUCUUGAGCGUACCUAUACUUU,0
CCGAUUAAGUGGGCGUGGGGUGGCCUCCCCGUCCCCGCACG,0
CCCGGUUCAAGCAAUUCUCCUGCCUCAGCCUCCUGAGUAGC,0
AGAGCAAAAGACCUGAAUCCUCAUCUACCAUGGUAGGAUAG,0
GCGUCAGCUCCGGAGGCUGCUGUGGCUCCAGCUCUGGGGGC,0
CAUGUGACCACAAAUUGCCUUUGAAUCGUUUUCAGUCUCUU,0
UGAAAUGGUUCAUGAAAAGUUCCUAGUGUCUGGCACCUGGG,0
ACAAAACAGUCAAGCCUUUUUUAUUGGCUGGAAUUUUGAAA,0
AGAAAUCGGUUAUCUCCUUUUUACAUUAGGUAGAGAUUUUU,0
AAUUUUCUAAAUUUGAAUUCUCAUGGUAUUUCAAGUGGCAU,0
CAGCAAGGAACCUAGGCUCUUCACAGAGAAGGGAGCUGGAG,0
AAUUUCUGGCAAACUUUACAUAACUUAAAAUGUGAGACAAA,0
GAUAAGCAAAUUGACAAUUAUAAUUCAGUCUGUUAAAUGCU,0
UCUAGAGGUGAGCUACCAUUUACGUUUAAGGUGUUGUUAAU,0
CCUGGUGGUCAGAGGAGGCCUGUCUGGAGGCUCAGCUAAAU,0
CAGGUACUAGGCUCCUGCAGUAAAUAGAAUUGACAUGGUCC,0
UUUUGCAUUUCUUUAAACUAUAAGGAAUUAUUCUAAAAAUA,0
AGAAACACCAGAGCAGACUCUUAGAUGGCCCUUAUGAGCAU,0
UGACUCAUGCUUGUAUGUAAUUCCAGCACUUUGAGGGGCCG,0
CAACACCUUCAGCUUGGCAUUCAAGGACCUGUAUCAUGUUA,0
UAAUAAUGGCUGAGUUUCAAUGAAUUAGCAGUGACAAUGUU,0
UGGCUUCCAUGAUGUAUCGGUUCUUGUCCUGUCUUUUAAAA,0
GAAGAGGAUAAUCAAUCAACUGAAACUUCUGAAGAAAUAAU,0
AACCCCUAGCCCUUCUGAUCUCUAUGUCAUAUGUCCAUUCA,0
UAGCUCAUACUUGUAAGAAUUAUGCAAUCAACUAGAACUUU,0
GUGAGGUACGAUUGCAUCACUGCACCCCAGGCUGAGGGACA,0
ACCCGCUUGAGUCCCAUCUCUUGAGGCCUUCUACGUUCCCA,0
UCUCCAAUUACUGGCCCAUUUUUCUGCUCCUUUGCACAGUA,0
UGGGUUGUCUUUUCACUUUCUUGAUAGUGUUCCCUGAAGCA,0
UUAUAUAUACUUAUAAAUUAUAUACUUAUAUAUACUUAUAA,0
GUUCUUAUCUCAGGCCAAUGUCUCCAUUUGAUUCAGUGUUU,0
GUUGUUUGAUUUCCAUGUAUUCAUAAAGUUUCUCAAGUUCU,0
ACAGUAAACUGACCAGAUCUUUCUAGGAAGACCUUCGAGCU,0
CUUAGUGUUUAAAAGAUUCAUACCAUAAAAUUCAGAUAAAU,0
CACCCAGAUACUAAGCAGAGUACCCAAUAGUUUUUCAAACC,0
CCAGGGUUCACAGGCACAGAUGGUGCCUUUCUUCUAGCAGU,0
AACCUCACUCAGCUAUGAGCUCCUUGAAGAGAGGGAACACC,0
UUAUGGUCAAGUUCAAAUGUUGCCUCUUCCAUGAAACCUUU,0
UGACAGCCACGUGCAGAUAAUAAAAUAUUUUUUUAAGGAUU,0
UCUUCAUCUGACCUGUAACUUCAAAAUAAAUCCUGGCAAAG,0
UGGCAAUUUAUAUUGAGAGUUUAAGACUGUUUAGAGUUUAA,0
UCAUUAACAGCCCUAUCCACUUGUUUCCACAUUUUGUCUCA,0
AGGAGGUUAAGUUACUUGAGUGAAUGGUGUAUGCUUUUAUC,0
AUGAGCUGCGCGUGGUGGCAUGCGCCUGUAGUCUCAGCUAC,0
AGUCCAACUCCAAAGUCUCAUCUGAGAUAAGGCAAGUCCCU,0
UUCAUAUGAUAAUCAGCUCAUUAAAGCUCAUGCAUAUGGAC,0
UAUGCACUUACCUGAAAAGGUUUAUGAAUUCCCCCCGGUAU,0
UGGAACUGCUGAAGAUUAGUUAAAGGAAUUCAGUAUUGGUC,0
AGGCCUGGCACAUUCUGCAUUUGUACUUUUGUUCACACCUC,0
UGGAGAAGUGAAAUAAGAUAUGGGAAAUUAAGAAGACCUGG,0
UAGAUUCAAUGCCAUCACCAUCAAGCUACCAAUGACUUUCU,0
ACAUAUAUAUGUACACCCAUUAUAUACACCAUAUAUAUUAU,0
UUGCAAACACUUGACCACCAUUUUAGCAGACACCUCGUAGA,0
ACACAAGCACAAAUCACCAAUACAAUAAACUACUUAAAUUU,0
AAUACACCAAGUACAUAUCUUCUGUUUCAGACAUUGAUUUU,0
GCAGCUUCUCCUACACCCUAUGUAAAAGCCUUCCUCCUUCA,0
AGAGGUGUCCUAGACCAGGGUCUUUACUCUUCAUUAAGAGA,0
GGAGACCAGCCUGGCCAACAUGGUAAAACCCCGUCUCUACU,0
AAGAGAGAGAGAGAGAUUAAUCUGGGAUCUGUGGAACUCUA,0
AUUCGUUUCUAUAUCUCUGGUGCCUAGAACGGUACCUUGUA,0
UAGACAUAGAGGAGGUGGAGUUGCAAUGGUAGAAAUAACAG,0
CAGACAGAAACCAAGUCCUUUGAUAUUGAACCUCUCUUCCA,0
UGUGAACUAUGUGCAGGGUUUGUUUUUAGUAGUGGUGUUUG,0
GGUGACUUAGGCUUUGAGAGUAGGGAAGUGGAGCUGCCAGA,0
UUCAUGGUUCAACAAAUUUAUUAACUUUAGAUCCAGUGGAA,0
GAGACAGGUCUCAGUCAGUUUAGGAAGUUUAUUUUGCCAAA,0
UGUGGCUGGAGACGGUAGAGUGAGAUUUAAGAGAGGCAUAC,0
AGAGACGGGGUUUCGCCAUGUUGGCCAGGCUAGUCUCGAAC,0
UGGUGCCAUACAUGUCCUCGUCCUUGUAGGAGUAGAUGAUG,0
CCAAGAGUCAGGGGGGGGUCUUCCAGACUGCCUGAGGAGCU,0
AAUAAAAUUCCACUCCGGCAUAAAAAACUGAUUUUUUUAAC,0
AUUCCGUGACCUUGCUAAACUCAUUUGUUCUAAUAGCUCUU,0
GGAGUGCUUCAGCUUUAUUCUUUUUCAAGAUUAUUUUGUCU,0
UCCUCUGACUUUUCAUCAUUUUCGCAAUCAUGGAAAAUCUC,0
AAGUACAUAGCAUACAAUAGUUGCUUAAUAAAUACUUGUUG,0
AUAGGCUUUGCAAAAUGAGAUAGAGAUGAAUGCCCUGGUGG,0
UCCACCUCCACAUUUUUUUUUUUUUUUAAGAUGGAGUUUCG,0
AAGGCUUUUAUGAUCAUAUCUUUAUCCCUUGUGUCCUGGGA,0
GGCGUGAUGGCGCAUGCCUGUAAUCCCAGCUACUCGGGAGG,0
AAGCCCAUUUCAAUACAUUUUUCUAUCAUUUUAUAGAAGAG,0
CGCCAGGCUAAUUUUUGUAUUUUUAGUAGAGACAGGGUUUC,0
ACAGAAAAAAAGAAAAUGUUUCUCCUGUUGUUCCUGUUAAA,0
CCAACAGGCUAAGAAGAGAGUUACAGUGUUGGCUGGGGUGA,0
CUGCCCACUGGCCUGACUGGUCUGCAGGCCUAGGGGGCCCA,0
GGCUCACUGCAGCCUCAACCUCCCAAGGCUCACGUGAUCUU,0
UUCAAGUUUACAAUACAUUAUAAUUAACUAUUUUUAGUUUU,0
AGAGAAUCUAAGUGAUAUAAUGAAGGUAAUAAGGGUAUGGG,0
UAGAAAAACUAACUAUAGGGUACUAUGGUUAUUAUCUGGGU,0
CAAAAUUCCUAAGCCAUACAUUCUCUUAUUUAAGUAAUAUU,0
ACCACAGUGCACCGGGGGACUGUGUAUGAUGGGCUUAGGAG,0
GAAUAAGUGUGAUAUGGUGCUGAGAAAAAUGUAUAUUCUGU,0
GAGGGGGCUGAAAUCAUUUGUUCUCCUUCACAUUGAGGGGA,0
CUCCCUAAUGUACUUAAUUUUCUUAGUUGAAUGAUAAAUUU,0
GUAGUUGGUAAGGACACACUUGUAAUUCUGGAAGUAAAUAU,0
UCGCCAAGAAAACUCUCCCAUUUCUCCUUCCCACUGGGAAC,0
UGAAGGAGGGAUCCCUGGCUUAAAGGGGCUGAGGACAGUAG,0
UCCAUGAGAGGCAUGCACACUAGCUACUUCUAGUAAGCCAU,0
ACUAGUGAUUCUUGGUCAUCUUUCUCCGAUGUGCCUCAGAA,0
AAUUUUUUUUUGAGACAGAGUCUCACACUGUCAUCCGGGCU,0
UACUCAGUUUAUUCUGUCUGUAUAGCUGCUUUACUUACAAU,0
GAAUGGAUGAUUGGGGAGUAUCUCUACAAAUGCAGUGACUU,0
UACCCAGACCAAGAGGUAUUUUAGUUUCCUGACUUGGGGUA,0
CGCAACCUCGCCAGCAUCUGUUGUUUCUUGACUUUUUGAUA,0
ACCAGGCUCAGUGCUAAUAAUACCUCUGUUUGCUAUUUCUU,0
GUGCCUGCAAUCCUAGCUACUUGGGAGGCUGAGGCAGGAGA,0
GAACAUUCAUGCAUAGGUUCUUGUGUGAACAUAAGUUAUUA,0
CACCUGGCUACUUUUUUCUAUUUUUGUAAAGAUGGAGUUUC,0
AUGUAAAUCAUAUAUUUCAGUUAGUAGGGCCCCAACCUGUG,0
AGACCAAAUCUACAUCUGAUUGGUGUACCUGAAAGUGACGG,0
UUGGUUGUGCACUCCUGUAAUUCGAGCUACUUGGGAGGCUG,0
ACUUCCCUUAGAAAACUGGUUUCUAUUUAAUUGAUAAAAGG,0
AACUCUAACGAUAUCAACAAUUACAUUAAAUACAAAUGGUC,0
UUCUUCCAAAAUAUAGAACUUCAGGUAUUUGCCCGAGGCUG,0
UACAGCGAUAUGCACCAUUGUCCUUGAGACAUGCAUGAGGA,0
AGCAUUUGCUGAAAUACUGUUGUUGUUGUUGUUCUUGCUGU,0
CUGAUGGCCAUUAAGCCAUUUGAGUUAAUUUUUCUGAGAUG,0
AUGGACUAGUCAAUAAAUGAUAUUUAGAUAAGUGGGUAGUC,0
GGUCACUGGAAGCUGGAGCUUCGAUGAUGAUUUAUGCCUAG,0
UUCUGAUUUGUAUUAACUUAUAAUUAUAUUUUUUGUUUUUG,0
CCUCUGUCUCUGCCCUCUCCUUGCCAAUCACUGCCUUCUCA,0
CAAAAGAGGGAGCAAACAUGUCCUUCUUCAUGUGGCAGCAG,0
AUAUUUUAUGACACUAUAUGUAGCAGCAGGUAAUAAAUUAC,0
UCUGCAUAUGGCUAGCCAGUUCUCCCAGCAUCAUUUAUUAA,0
CCUGAAUGUUACUGCCUAGAUUUUCUUCGAGGAUUUUUACA,0
CCUGCCUCGGCCUCCCAAAGUGCUGGGAUUACAGGCGUGAG,0
AAAUAAUUUUUAAAAUGAGAUACAAAGUUUCAGAGAAAAGA,0
ACGUAGAAACCAAGAGAUCUUCUAAUCAUGGUCAGAGACCC,0
GCAGGGUAUUCCAACAGACCUGCAGCUGAGGGUCCUGUCUG,0
UUGUUGUAAGGGUUGAUGUAUAUAAAGUACUUACAAUGGUU,0
UGUAAGACACAAAUUUCUGUUUAUGCCACGCUAUCUGUGGU,0
GGCUCCCACAAGUAAUGAGAUUUAUUGUACACCAUCAUCAA,0
UAUAUAGGAGUUCCUUUCUAUGUGAUGUCAUUUUUCUCUAG,0
UAGACCCAUUGGUCCUACAAUUUCACUUCAAACUAUCACAC,0
UAAUUUACAAACCACAUGUAUAUUUAGAGUAAUUGGAUGUU,0
CACUAGUCUCAUUGAAAAUUUGGACCUGACAUUAUUUUUUA,0
UAAGUAGUUUAUCAAUUUUAUUUCUCUUUUAAAACAUCAAC,0
AUAAUUUUAAAGGAAGCUUUUUGGCAAUUGCUGUGCCAUCA,0
UUAUAGUAAAGAAGUCCAGUUGUGAAUGAAAAGAAACUCAA,0
UUCUUUCUUUCUUUCUUUUUUUCUUGCUUCCUCAGAAGAAA,0
CCUUUACUGUGAACAUUCUUUUCCCACUGCUUUGUUUUCUU,0
AUACUUAUGAAGGAACUUACUACAUGUUGGCCCCAUUGCAG,0
AUAUACUUUUACUGAAUCCCUCAGAAAAAGAAUUAUUUAUU,0
UCAUCAUGUCUAGCUUUUGAUUUAAAAUAAGAGACGUGCAA,0
AAAGUCAUGGAGUAUUUCAGUCAUCCACUGCUAUGUAACAA,0
AGAUAGACACUCAUAAAACAUCUACCGGUAAAAAAAAAGCA,0
AUUUUUAGUAGAGGGUUCACUGUGUUAGCCAGGAUGGUCUU,0
AAUAAUUAAAAUCAGCACCUUGAUAUGUCUCUGGCAUUGUG,0
UAAGAAAUCUAACAGAAACAUCAAAUAAAAUACUGAAGAGA,0
AACUUAGGCACAGUAGGACCUAAGACUCAGAUAUUUGUGAU,0
CCUGGGCGACAGAGUGAGACUCUGUCUCAAAAAAAAAAAAA,0
AACUUUGGAAAACGGCCAGGUGCCAUGGCUUGUACCUGUAA,0
ACUAACUAUGUACCAGGCAUUCUGAUAGGUAUAGGGAGUUG,0
AGUCUCUCUCUGGUUUUCUCUAAGAAUUCAUCCAAACUUCC,0
UCAAAGUCGAGUGCCCCUUUUGUAUUUUAUUCAAGGAUUUU,0
GGGUGUGUUGGUGAGGGUGUUGCCAAGAGAUAUUAACAUUU,0
AAAAAAUUAGCUGGGCGUGGUGGCAGGCGCCUGUAGUCCCA,0
AGACUAAAUUUCCUGCCAGCUCAAAAGGCUGGGUGUCCAGA,0
UCUUCUAUACUGCAGCCUUGUUUCUAUGUAUAAGCUUGUAU,0
UCAUAGCAAUCUUGAACUCCUGGGUUCAAAUGAUCUUCCUG,0
UUACCUGCCCUUCAAGAAAAUCUUGAUGUAUGGACCCCCAA,0
UGAGUCCAUGUCCCAGCUUCUCAAGUCAAAGUCGGGGGAUG,0
CUCAGUAAGUGCAUAAACCAUAGACUGCAGUUCCUCAGAAC,0
UUUUUUGACAUAGUUUGGAGUUCUGAUUAUAUGGUACAUUU,0
UUAAUGAGAGAUCCAAGAGAUGCAAACAAGUUUCAUUUCAC,0
UACACAAACACUCCUGUGUCUCAGUGCUGGCUUGAGUGACC,0
CAAUACAUUUUAUCAGUUCAUUGAUGGACACUUCGAUCUUU,0
UGUACUCCCAGCAUAAGAACUCCCAGCAUUGAGAACUCCAA,0
CAGGCUGGUCUCAAACUCCUUAGCUCAUGAUCUGCCUGCCU,0
UCUGUUCCCUGAGUUAAACAUUGGUCCUUUGUUACCUCCCU,0
GGGUCACUGUGAGAACUCAUUAAGAACAUGCAUUUAGAGGG,0
UGGUUUUUCCACCAGAGUAGUUACAUGUGUUUAAUAUUACC,0
ACUCAAGAAAUGUUAACCCUUAUUGUUCAGUGAAUCUAUUA,0
AAUAGACUUUUGUUUUGUUUUGUUUUUUUGAGACAGAGUCU,0
GUUUAUUUACACACAGAUUGUCCAAUUCCUCAUUAUUAUUG,0
CAAAGCCCUCCGAAAGCAAGUGCUUUACUAAGUGCCCCUUG,0
UGUUCUGCCCGAUCUGCACAUGAUCCCUAUUUUUCUGUCUU,0
UGCUUUUUCUAAUUAUAAAAUACAUUUUUAUUAUUGAAAAA,0
AUAUAUCAUUAGCAAGAUACUAUAUCAAACCAGUCUGGGUU,0
AUUGCUAGGAAUGGGAGUAAUUUCAGUGGCAGUUGCAUGAG,0
AGAAGGGCUUUUAAUUUUCUUUCCCUUUAAGCCGGUCUCUU,0
UAUCUAGAGUGAUACUGACAUGUAAUGCACACACAUAAAUG,0
UUAUGUGGUAGGUUAUAUUAUCUAUGGAUUUUACUUCAAAA,0
CUCCAAAGAAGACAUACAAGUGGUCAACAAAUACAUAAAAA,0
CUAACUGGCGUGAGAUGGUAUCUAAUUGUGGUUUUGAUUUG,0
UCCUUCAGCUCCUAUUCUUGUCUUUCUUCCCCAUGUUCCCC,0
CUUGCAAUCCAUCAAUUAAUUAGUCUGGACAGCAGCCCUAG,0
AUUCCCUCUUUUUCUAUUGAUUGGAACAGUUUCAGAAGGAA,0
AUGAUUUACAUUCUGUAUUUUCUCAUGGAAUAUAAUGAGAU,0
AUAAGAAUUGUAAAUGAAAUUGCAUCCUCCACACACGUAAG,0
GCUUUAAAACAAUUUCAUUAUUCCAAAAAGAUCUUUCAUAU,0
UUUCUGCAUUAACUCAAAAGUCCAAAGUCUCAUCUGACACA,0
CUAAAGAACCUUUGGAAUUAUGAAGACAUUAGACUACAUCC,0
CACUGAAAGAUGCCCCAGGAUCUUCUUGGACAUUUCUUGUC,0
CCAUAUAGUAAUAUCAGAAUUGACACAUUAGUAUCAGAUAA,0
GGCCAGACUGUUGCCUGUUCUGGACUGUAAUUGUCCCAUAU,0
CUUAAUUUUAUUAUAUAUUUUUCUGCUUGCAUUACUUCAUA,0
ACCAAGGAUUUGCAUAAGGAUUCUUUUCUUUUGACUGCUCA,0
GUAAAAAAAUUGACUCAAACUUUUUCAGUCCAGAGACCAGA,0
GUGAGUCUCUCAGAAAUUUGUCCUCCCAGAGUCAAUUCAAC,0
CUCUCUUUGCUUCCAUUCAUUCAACCAAGAGGUACCAAGCA,0
AUGCACUGAUCUCAUCAGAUUGCACUUUCUUUUUGUUUUCU,0
UUUUUUCCUUCAUUUCAACUUUGGUGAAUCUGACAAUUAUG,0
CCCAUAAGUCCAUCGUAAGUUGGAAAUAUUGUAAGUCGAAG,0
UAUUCAAGUCUAAGGUGACCUCCAUACCACAGACUAAAUCU,0
AGAACAGCUGAUCACCAUCUUCCACAUAAUCGCCCUUCAUA,0
UAACGUCAUACCAAAGUCCAUGGAUAUAUGAAAGGAUACAA,0
UUUAUUUUAUGUGCCCACCCUAUCUAAAAAAAUCAUAUGUU,0
AAAAAAAAAAAAAAAUUGGUUCACAAAGGGUACUUUUUGUA,0
CAGAAGAAUUAAUUAUAAAAUAGUUUGUUUUACAUUCACUU,0
UUUGAGGAAAAUCAGAUGGUUGUAGGUGUGUGGCAUUAUUU,0
GGGUGCUCUGUGUGUGUGUGUGUGUGUGUGUGUGCGCGCGU,0
CAUUCCCUUAAGCCAAAGCCUAAUCCAGAGCAAGGCCCUAA,0
ACCUUCUUAAUAAAGUCUCCUUUGCCCAUCCCAUUUAAAAU,0
CAGUGUCCCAACUGUUUCUGUGUGAACUCUUGUUUUCACUU,0
AGUGGGUAAAUAUAUAUACAUAUAUAUAUAUAUAUUCUCAC,0
GGACCCCAGAGUAACCAAAAUCUGUGCAUACUCCAGUCCCU,0
CAUCCUUUAUUAUGGCUGCAUAAUAUUCCAUGGUGCAUAUG,0
CUGUUUUCAGCCUCUGCUCUUGUGAGCUUUGCACAGAGGAU,0
UGUGAUGGGAUUGUUCUGUAUUACAUACAUGGGAAGCCAUC,0
AAAAGGCAAAUACUGUACGAUUCCACUUAUAUGAGAUAUCU,0
UUUUGAUGGGGUUGUUUGUUUUUUUCUUGUAAAUUUGUUUA,0
GAGAGCCUAGGUUUGUAUUUUUACAACUGCAUGAGAGGAGG,0
CUUUCUUUUAUUUAUUUUUUUCUUUUUUGAGACAGGAAGUA,0
CUCCACCGCCGCCCAGCAACUUGCUUGCGGCCCGCUGGCUC,0
UUCCCUAAUGUCCUUUGUUGUUGCUGCUGUUGUUCCAGGAU,0
CUCUUCAGAAUGUAUUUACAUGUAAUUGUGUUUGUUUUAAU,0
GAAAAAAGUAGCCUCUUCCUUUUCUUCAAAUAGAUAUACAA,0
UUAAAGUUACAAGAAUCAUUUAAAGAGAGACUAAAAUUAUU,0
CCAUGGUGGCCAGGCUAGUCUCCAACUCCUGACCUCAGGUG,0
ACAGUAACUAGGGUUUUUUCUUUUCUUUACAAUUUGUUUUG,0
AGCAGCCAGGCUCUUAACACUCAGGAAGGGUGGUGCCUCCC,0
CUUUCCUUUCUUGACUCAGCUGAGAUCUUGAGCUCAGUGUC,0
CCUGAGUGGGUCUCAGAAGCUCCAGGAUUCCAGCCUUGCAG,0
CUAACAGGUAGUAUGCUCUCUGACUCAUUUUAAUUGUGUUG,0
CAACUAAUUUUAUUUUACAGUUAUUCCCUUUUGGUCCUAAU,0
CACCAGGAAAGUGGGACAAUUGAAGCAUGAGGACCUUGUCA,0
UCUUUGGGGGGUCAUAUUUCUGCCCCCCCCCCCCACCACAC,0
AACAUUCUGGUCAUAACCACUUAAAUCAUCUAUAAGUAGAU,0
CAAGGAAACAAUUAACAGAGUGAAGAAACAAUCUAUGGAAU,0
UUUUGUUGCCCUCUGCUUUUUGUGGAAGGUUGGGUGUUGGG,0
ACUUUGUGGAAAUUUUUUUCUCUUCCUUGAAAUACUACCUC,0
GUCACAUUUUCUUCUCAGUGUUUCCUGUGUGUGUAUAUGCC,0
GGGAUGCGGGGUGAGAGUGGUGCCAUCCGUCUACCAUGAGG,0
AAGUUGACAGCUGAGUUGGAUUUUUAAGGAUAUGAAGAAUU,0
AGUCCAAUUACCAUCACUUCUCAUCUAGAUUCCCAUUUUGG,0
AUUUUUAAAGGAGUGCUAUUUUAGAUAGAGUGGCCAUGGUG,0
ACACACUUAGCUAUACUAUUUUGGUGUCCCUGUUGACAAGA,0
GAUGUUAUGAACCACUUUAUUUAUUUAUUUAUUUAUUUAUU,0
CUGACCAUUUUAUUGGUGGCUGAAGGAUUCUAGAGAACCUG,0
CUUUCCCAGGCAUUCGAAUUUAGUUAGUAGGUCAUUUCUAA,0
AAUAUAUGUAUAUAUAUGAUUAUAUAUGAAUAUAUAUGUAU,0
CCCCACCCUGUGGCUCUCUUUCUAAAAUUGUUCUGGACCUU,0
UCCCAGUAUAUGCCUUGUCUUUUCAUUCCCAUAAGUGUCUU,0
AAGGGACACUUCUUCCUCGGUUUUGGUCACACUUUACCCUA,0
AAUAGCGUUCUCAGAUCAUUUAUAAAGUAAUUUAAACAGUG,0
AGGUUUUUUUUUUUUUUUUUUUUUUUUUUUGAGAUGGAGUC,0
CUGCAAGUACUGCCCAACUUUGCCCUCUCAACCUGUCACAA,0
GAUGAUCAGAAUUUCUUGAGUUUAGUUUAAUCUAGUUUAUC,0
AGCUCUGCCUCCCAUGUUCAUGCCAUUCUCCUGCCUCAGCC,0
UGCUCCAACCACACUGCCUCUUUCUUAUUCCUCCAGACCUC,0
CACGCCACUGCACACCAGCCUGGGUGACAGAGCGAGACUCC,0
GUCCAAAUUCCACCCAUACCUAUAGUUGCAAAAUAAAACAG,0
UAUCUACCUUUGGUCCUUGAUGAUGGUGACAUACAGAUGGG,0
CACAUUUGUUACUUGUUCACUGCAAUUUAUCCUGGACAACA,0
UUGCUGAGGAGUGUUUUACUUCCAAUUAUGUGAUCGAUUUG,0
GCUUUAGAGCUUGGUUUUACUAACGUCCCUUCUAUUAUUUU,0
CUCAGAGAGACUCCCCUUUCUUUCUUGCAGGAGCAAGGGCA,0
AGACAUGUCUGGUCAACCUAUUUCAAAAUGGGUUUUAUUUC,0
CAAAUCGUAGCAACUACUAAUAUAAAAAUUCUUUGAGCAAU,0
AACAUCCCUUAUUAAAGCUGUAGCCUAGUUGCAAGACCAUU,0
UUGUCAAUGGGCAGUAAUAUUUUGAGAAAAUCUUUCUUUCU,0
AGUGCUAAGCAGCCUUGAGGUGAAGAACCAUGGACUGUUGG,0
UGGAGGAAAUGUAUAAGGGAUCUGUCCCCAAGACCCAAACA,0
GCUUAAUUGCCUCCUCAUGAUGGGCAAUUAGGAAGCUGCAU,0
GCUGGAAUAGGAGCACUCCAUUCUCCAGAGGACAUACACUG,0
UGACCUCUGCUGCUUCCUUCUCUGGAAUUCCUCCAGCCCAU,0
GAGGCCCAUUGAGUGCAGUGUGAGACUCAAGUUGUUCCCCG,0
CUCAGAGCCAGGGUCUUUGAUUCUCCUCUCCCCACCCAGAA,0
UUGAUCUGAAUGAUAACUAGUCGUGUUAAGAAGUAAGAGUA,0
AAGAAGAAACAAAUUGUCAAUUGAUGUAUGGUAAGGUGUGG,0
CCUAUAUCCCAGCACCUGGAUCACACUCUUCCAACAGAAUA,0
CAAGCCACUGCACUCCAGCCUGGGCAAGAGAGUCAGACCCU,0
ACUAGGACAGCUGAGAGAAUUUGGUUCAGAGUCAAAUGCUU,0
GAACACUUGCUGAAUUGGACUGAAUUUAGAGAAUCAGAAGG,0
GCCACAAUUUCAGCUCCUGUUAUUGGUCUAUUCAGAGAUUC,0
AUCAUGUAGAGGCUAAUCAUUUGGCACACCUUCAAUACAAU,0
CUCAGAUUUAUGAGGUGGUUUUCUAUAGGACUUUUCACCUU,0
GGCAGGAUACAACCAAUGAUUGCAGUUAAUAGAACUCUCCC,0
CUGAUCAAGACCAUCCUAGCUAACACAGUGAAACCCCGUCU,0
UAAAAUUCAACAUCCCUUCAUGCUAAAAACUCUCAAUAAAC,0
CAAUGAAAGGGUAGACUAGAUAGAAGCUUUUCUUCUGGCAU,0
UAAGAGAGCAGAUGGAAAGAUGCUCUCCAGCUUGGAGUUGG,0
UCAAGCUUUUCAGAAUUAAAUAUAUAUAAAGAUCAUAUGAU,0
UAAAUGGAUGAAUCACUAUAUCUUAAUACCAUUUAUUUCUC,0
GGAAUGUAUAGUAGUUUAUCUAAAUAGCUUGUUUACUCAUG,0
AAACUGGGAGGAGAGGCCUGUCUCUCUUUUUCACGUUUUUC,0
GGGGCAAAGACCUCUUGAUCUUCCCUCCAUACCAAGUCACA,0
CGCCUCCCAGGUUCAAGUGAUUCUUCUGCCUCAGCCUCCCA,0
GUCUGUCCCUUAGUAGAGCUUGAGCACUGUGCUGGGAGAUC,0
UCAAUGGCUGAUUCACUCUCUUCCGAGUUCUAGAAAAUAUA,0
AGCUACUCCGGAGGGGGAUGUUGCAGUGAGUCAAGAUCACA,0
AGCAGAUACACUUGGAAGUAUUGGUGUAAUUGCUUCUGCCA,0
CUAUCACUCUUAAUUUUUAAUAAGAUGUUUUAAGCUUGUGA,0
UAUGCAAACACCUUUAUCAAUAAUAAAUCUCCCUCAUAAAU,0
UGUGUAUGUGUAUAUAUAUAUAUGCAUAAAUACAUUUAUUU,0
AAAAUAAAUGUAAACAGAAAUGGUAAAAAUAUGAGGUUCAC,0
UGCUGACCAGGUCAGGGGACUGUGGGGUUGGGCAGGGGCAA,0
GUCAAAUCACUUAAUCUCUCUGUGCCUCAGUUUGUCAUGUG,0
UAUUCUCUUCCCUUCCCUAAUAAUAUGCAACACACAAAAAC,0
CCAAUGGUGGUUUUGUGGAAUAGAAAGCGGGGAAAGGUGGG,0
UUGACAUUGUCUUCUUACAGUCAGCAUUUUAUUGCCCUUUU,0
UGACACAGCCCUCAGGGGGUUCUGAGAACAUGUGCCCAAGG,0
UAUAAUGACAAAGGGGUCAAUUCAGCAAGAGGAUAUAACAA,0
AUACAAAUUUUAAUUUUUUUUAUUUCUCUGAAGAAUGUUAU,0
AUGCUGAUAGAGAAGGGGUUUUCAUGGUCCUGAGCAGGUCU,0
AGGAAUGAAAUUAUGUUCUUUGCAGGGACAUAGAUGGAAUU,0
UGAUUGCUCAGAUUGUCCCCUUCUCCCUAUAUCCUUUAAAA,0
GUCUGGCUGAAGAUGCCACCUUGCAUAAAGGUGGCCCAAAC,0
UUUAAAGUUCUCCUAGGUCUUUGCUACUCAAAAUAUGGUCC,0
UUAAAAAAAAAAAAGAUAAAUGCAAAUAUGAAUCACCUACA,0
GAAAUCCCCAUCAUCUCCUAUCACCACCACCCCCAUUAGGA,0
GUUCCCUGGAAACCACCCCCUUUCUGAGGCUACCCAGGAGC,0
UGUCCAUGUGUUCUCAUUGUUCAGCUCCCACUUAUGAGUGA,0
ACACAAAUCAUAGUUUUCUGUGUGUGUUAUGGGGAUCCAAG,0
CGGCAGUUUGGCAGUUCUUUUUUUUUUUUUUUUAAUGUAGU,0
CCUUUUCCCAUUAUUAUUAUUAUUAUUACAUUAAUAUCUUA,0
CAUUGAGAGACUUCCUGAACUCUUACCCAUCAAUGAGGCCA,0
UCAUUUGGCUGGUGGUCAUCUUGCUAUAAUCUGUCUGGAAA,0
AGGUCACAGGCAAUAUGCAAUAUGUUGAAUUAAUUCCCUUC,0
UGGCAAUCAGUCUGUCCCCUUAACAGCCCAUCUGCAGAGAG,0
GUCACUGGUGCUUCACUAGCUGGUUCCCAUAGCCUUCUCCG,0
AAGAGAAAUGAAGUUAAUAAUAAGAUCCCGAGUAAAUAUAA,0
ACGAGCCCUAAAUAUUUAACUGUUCGACUUUAUGGGCUUUU,0
CUGAUGAUGGCUUUUUGCUAUUCCUGAGUUCUGAGUUGCUU,0
GCCAGUGUGCCCAGCCACAUUUUCUGUAAAGGACUAGAUAG,0
CAUCCCAGCACCAAGGGACAUCAAAACCUAACUACAGGAUG,0
UUAAACAACCAGUUAACUUAUUUCAGGACAAGAAUCUACCA,0
GCUAGGAUCAUCAGUUCCCUUACAGAUGUAGUUUAGCCUAG,0
ACAGCACUCUUUGUCCACCAUGCACACCACUCUUUGUACAU,0
UUUAAACACUUAGAAACAUAUUUUUAAAUAAUUUAUGGGUU,0
UCUCCAAUGAUUAGUGAUGUUGAACAUUUUUAUGUGCUUAU,0
GGGGAAUGCUGUGGUAAGGCUUUUAUUAUAAUAAGACCCUU,0
UCCCCACCGCUUUCAAGGCAUCAUGCCCAAGUCGCCACUUG,0
CUCUCUCUGCCACCACGGGCUUCACCACGUCCACCUUCCGC,0
GAGUAGGUCUACUUUUGGUGUUAUGGGCAAAGGCCAGUGCC,0
AAUAAGAGAGCUGAAUAUACUGGCAUACUGAUUCUUUGAAG,0
AGUGUCAGAUCAAUAGUGAAUAUUGUAAUUGUGAAAUGCUG,0
CUUACGAAGUAGUAUAUUGUUUUGGUUUAUAUGUCAAUUUC,0
CAACAGGAAAAUAUCACAAUUCUAAACAUAUAUGCACCUAA,0
AGGGUAGCCACCUAGGUGCAUGCUUCAUCCCCAGAACCACA,0
UGUCAUAGAUACAGAAUAAAUAGUCACUGAAUAAGUAAAUA,0
CUGUUUAUCCCAAUUUGUUUUUCUACUCCUUUGUCCAUCUG,0
AAGGGUAAAAGAGAAUAUUGUUAUCAUAGUCCGGCAAGAGC,0
ACUUAAUUUCAGUUAGGGACUUGCUGAUUAUCUUUGGGUAA,0
CAAACCACUGCUCAAGGAAAUAAAAGAUACAAACAAAUGGA,0
CAUAUGUGCCAGUGGGACUCUUCACAUUAAAUAUUGGGAAG,0
AGUUUUUUGUUUUUUUUUGGUUUUUUUGAGAUAGAAUGUCC,0
GCCAGCACAGCAGUCUGAAGUUGACCUGGGAUGCUCAAGCU,0
UUCAUCCCUUUAUUUUGAGCUUAUGUGUGUCUUCGCACCUG,0
UUUUAUACUCAUCAUCAGUGUCCACACACGAAGGCAUAGUA,0
UGAGCCCAGAUAGCGCACUAUGUUCUUGUGGCGCAGGCGUC,0
AUUCAAUAUUGAAUUCUGUUUUUCUUCUAUUUCUCUACCAC,0
GUCCAACUUUGCCAUAUGCUUUAUAUGUUUCAUAUGUAACU,0
UCCAAACUUCUUGGGCUGAAUUUGUACAAAGAAUAAACUUU,0
ACAUUGUGGGCUUUCUAGUUUGAUCCUAAGGGAAAGAGAUC,0
UCCAAGUCCUUCUCUGUCAUUUGCUCGGACAAGUGAUAUUC,0
CCCGUGGAGUUGUCCCACUCUGUAGCAUCUCCCAUAUACCU,0
UAUUACAAACAGGAAAAUAUUUGUGAAAGAAUGUCCGGAAG,0
AGCACCACCCUCUGCUGGUUUCUCCCCAGCUUUAUAGUUCA,0
GGCUCUGUCUUCAAAAUAUAUCUGCUUCUCACCACCUCCAC,0
UGGCCAGUGAUGGUGAGCAUUUUCUCAUGUGUUUUUUGGCU,0
AAGAAAUAAACAUAUGAUUUUUUUUUGUUUCCUGUAAGGAA,0
CUGCAAAUGACACCAAGCUAUUCUGAAAUAAUAAAUUAUGC,0
UAUGAGGAAGUGCUUUGCUUUUCGCUACUCUGCCAAACAUA,0
GGGAAAACUCUAACUGUGUUUUUCCUCUACUCUCACACCAC,0
AUGAGAGCUGAGCCGAGGCCUGAGCACUUGCAUGACCCUGG,0
AAAUAUUUUUUUCUUUAUUAUUACUAGUUUGUAACUUCUAA,0
GUAUCAAUAAACCCAUAUAUUUGCAAGGAUGUGUGUGUCUU,0
UUCGUCAAUGAAGCCAAAGGUUUCACGUCCACCCAUUAGUC,0
ACUUUGAAAUAAUCAAUCUGUUUUUUGUUCUUCAUUUUUGC,0
CCAUAUCUACUAUCCUUAUCUAUUUUGUCAUUUGGUCCACU,0
GAUGAACAGAACGCAGAGGUUACAAGGUUGUAGAGGUUCUU,0
UGGGUCCUGUACAAAGGCUAUGGAGAUAUGGGAGCUGAGUC,0
UAAUCACCUCUUAAAGGCCCUCACAUCUUAAUACUAUCACA,0
ACCCCUAAACCUUUGGAAUUUCUUGAGUAAUAGGAUUGUGU,0
ACCUAUUUUUGGAUUUUAUAUAAAAGGAAUCAUACAGUGCU,0
AGUCUUAUUCCAAAGUUCUUUCUACCACAGGAUAUACCUCA,0
CCUCAUCUCUCAUCUGUUCUUCUUAUUUAUGUCUGUCAUUU,0
GGCGGAUUUUUGUGAUCUCAUUUUAAAACUGGCCAUAGAUG,0
GGGAGGUCAGGGUUUUGUCCUUGAGCCUCUGGCUGGAGUUU,0
UAAUCAUAUCAUUAAACAAAUAUUUCAUUCAGUAAAUAUUU,0
UAAAGUGACACCAUUAAAAAUUCAUUAAAUACAGCUGGCUA,0
CAGGUUCCUUCCUUCCCUCCUUUAUAGGUUUAUCCUGACAG,0
AAUCUCUUGAACCCAGGAGGUGGAGGUUGCAGUGAGCAGAG,0
AUAACAAAAACCAUUAAUAUUGGUUGAGCACUUCUAUAUAC,0
AAUCCAGAUAUAAAUGUUGAUGAUACACAGUUCCUGCUCUC,0
GCAGUGGCUCUCGCCUGUAAUCCCAGCAUUUUGGGAGGCUG,0
CUUCCCUGCUUCCCUUGCUCUCCCGCCCCAUUCUCCACACA,0
UCUUUUCUGUCUAACUUUUUUUAGUCAUCAUUAUGUUUGUG,0
GGGCCCAGGCCCUGAAAAGCUCUUGAUCACUCCUAUAGUAA,0
UGUGUGUGUGUGUGUGUGUGUAUAGAAUGCAUGUCGUUACC,0
UUACCCACAGCAACACAUAUUAUUCUACUGUUUGUGCCAUG,0
GUGUGUGUGGAAGGGGCAGCUUCUCUCCCUGAUCAUACAUC,0
UGAAUGUUAAAUUAUUAAAUUUAGUUUGUUAUAUGUGUUAA,0
CUUUCCAAACAUCACAUGCAUGCUUUGUACAACCUUAGAAC,0
UAAAUGAGAAAGUAUUUCUUUUUUUUUUUAAUCUCCUAUUU,0
AAUAAAUAAGAUAUUUCACAUCCGAGAACAAUUUAAACUCA,0
UUUUUAUUGUUUUAUUUGAAUAAGUAUUACUGUGGCCCAAG,0
ACAAAAUUAGCUGGCCGUGGUGGCACACGCCUGCAAUCCCA,0
UGCAUCUUUGAGUAACCCCAUUUUCUCACUAUUUCACUCUU,0
UCUGAGACAGAGUCUCAUUCUGUUGCCCAGGCUGGAGUGCA,0
UCCUUCUGGGUUUCCUCUACUUCUCUGUAUUUUCCUAAGCC,0
AGUUGAAAUUCACAUAUGAGUCCAGGUCAAAAUAAUCUACA,0
CUUUGCUCGACUACUUUAUAUACAAGCUAUUUAUAUGUGAA,0
CCUGUCCAGGUCUGAGAGACUCUGGGGAUAAGAGGUGGAAG,0
AUGAGAUUUUCAUUCUGUGGUCUUAUUUCUUUAUCAAAUGG,0
GCCUUUCUUUAUAAAAGCAGUAUAUAUUGGUAGAUCCUACU,0
UCUGAAUGCAUUCCACCAUAUUCAUAUGUCAAAGUCCUAAC,0
GGUCUCUUUCUCAUUUCUACUCUGUUUUACUGAUCUUCUAU,0
AGUGAGUGGAGAUCAUGCCAUUGUACUCCAGCCUGGGUGAC,0
AUGUCAUAUCCUUUGAGGACUAGGCUACAUGAGUCACAACU,0
CUUUUAUGAAGUAAGAAUAUUAAAGAUUAUUAUUAAGGUUA,0
CCAUUAUCAAUGCCCCCCACUAGAGCACCAGGAGACUCUGA,0
GGGCCGCCCAGGGUCAACACUCCCUGUCCCACCUGGUGGAC,0
AGGAAAUGGAAUAUGAUUGUUGAAAUAAUAAAACUAAAAAG,0
GUUCAAGCAAUGCUCCUGCCUCGGCCUCCUGAAUACCUGGG,0
UCAGAUGCAUAAUUGGUGCAUAUUUUCUCCCAUUUUUAUGU,0
AAAUCCCCCAGGAUGAGGCGUGGCUUUCAGCAAGAGCCAGA,0
AAACAAGGUUUUUGCCCAUAUAUCUUUAAACUUAAAUGAUA,0
GAUCUUCACCACUUCUGAGAUUAAAUGUACCUUCCAUUAAU,0
UAAGAGGAUAUAUAUAUAUAUAUAUAUCUCCAUAUAUAUAU,0
AAUUUUCUUAUAUUUGGGCAUUGUCUUAGGAAGCUAUACAU,0
GGAAUCAGCCUAAAUGUCACUCAAUGCAGGAUUGCAUAAAG,0
UGUUUAGAAAACAUAUUCAUUCAUUUGUUCCACAACUAUUC,0
UUUCAUAUACUAAAAUUGACUCUCCCCACCAUGAAAGUGGU,0
CAUACUGCAAAAUUAUCUUCUUAAAAUCAUAAAUUUGAAUU,0
CUGUAUUAGUAACUCCUCUAUUGACUUUAUCACUGCCUUUG,0
UUCUGGCUGGGCCUGAGAGUUAAGUUGACAUGAGACAGAUU,0
UGUUGGGAACAUAGUACACAUUUGAUAAAUAAUGAUUUGAG,0
AUGGUAAAACAUUCCAUAUUUUACCUACUAACUUCUCUGAU,0
UCUCUUGGGGAGCUCUGUUUUUUGGAUGCAAGUCUGCUGAA,0
CACCAUCUUGGCCAGGCUGAUCUUGAACUCCUGACCUCAUG,0
UCCAUAUUCUGAAGAUGAACUGUUUUUACUACUUAAAAUAA,0
AGCCUGCAGACUUCACCCAUUAAGUGGUAAUUCAGAGUGAC,0
UCAGGAGUUUGAGACCAGCCUGGCCAACAUGGCGAAACCCC,0
AAACCAUUUCUUACUCUAUAUACUUAGAGUGGCUUCUGUUU,0
GUUUGUUGCCUUUGAGCAUAUUAGACUGUAUGCCAUGUUUU,0
UACAAUAUUUUCUAACAAUUUCUGGUUAUUGUUUAUUGAAC,0
GAUCUCGGCUCACUGCAACCUCCGCCUCCUGGGUUCAAGCA,0
GAUAAUGUUGAUUUCUUAUUUUAAAACAAUAUACAUAAGGU,0
GGCUGAGGCAGGAGAAUCACUUGAACCUGGGAGGUGGAGGU,0
UCAGGCUGCGCCUUCAACACUUGUUACUUGAAAAUCUCAGU,0
UAAAAAAGGAUGAGUUCAUGUCCUAUGCAGGGACAUGGAUG,0
UUGAUGACACAGUCUGUGUUUGGUAUAUAUUCAGAUUUUAC,0
CACCCUGUUAACCAGGAUGGUCUCAAUCUCCUGACCUCAUG,0
AUAUUUGGCUCCCAUUUGAAUCUAGAAAUUUGUGAGAUGCC,0
ACAUUUAUAAGUAUACUUUUUAAAAGGCACUCUCUAUAAAA,0
UCUUUUUCCCUUGGUGUUUUUUUAGACGCAGAGUUUUGCUU,0
CUUUCUUUCUUUUUUUCUUUUUCUUUUUUCUUUUUUUCUUU,0
GCCUGGCCCACAUACAUUUUUAAUGACAGAAAAAUAUCUCA,0
UCAUUUUCCCUAAAUAAAUUUGCUUUUCUUUCUGUGUUUUC,0
UUGCCUGCUUUUAUAAUAUUUAAAAAUGGAUUUAAUAUUUA,0
AUUGAUACUUAUUAUAGUAGUAUAGAUAAAAGCACAGACUG,0
CCUUCCAAUAAAUGGACAAAUGACAAAACAGAAUAUCUUGG,0
GUCAAGCUGGGCUUGGUUAUUCUUAGCUGGGAUGGCUAGAU,0
ACAAAAACCUCAUCCAAGGGUCAGCAGCCUCAAAGAUUGAA,0
CAGACCAGUCAGGGUCGUUCUGAAGGACAGUCUCACAAUAG,0
AUUAGUGGACUUAUUUUUAAUUAAAAAUGAACAUUUCCUAA,0
GUUAAUGCUAUGCCAGUAGUUGUUACUCUGUAUAAUUUAGG,0
GUUAAACCAGGCUCUAGCUAUAAUCAUUAUGUAUAUGAAUA,0
GGGGAGUUAGAAGCUUUACAUCAUAUCUUACAGAUUUCUGU,0
GACAAAAUUUGAAGACAGCCUUACAGGGUCACAUGGUAUCU,0
GUCUAUUUCAACCUAGUAGUUAAAAAGAAAAAGAUUUUAGC,0
AGACACAUUGUUGUGAUUUCUAUUCUUUUACAUUCACUGAG,0
AAAUCAAUGAAUCCAGGAGCUGGUUUUUUGAAAAGAUCAAC,0
UAUAAUUUCUUAUGCCUGUCUUUACUUCAAUCUCUGAACAU,0
UAUCCUUUGAGGCUCUGGUUUAUCCCCCUGCGAGAUACAGC,0
CUCUAAUGUGACUUAAGAGCUUAUCAACAGGCUCACAGUUC,0
GGAUGUAAUGUUGAGUUGCGUCAUAAAAACUGAGUAAAAUC,0
GCUGGUUCCUGCUCCAAGCCUCCCUUCUAGGAGCAGGGCUG,0
UACUCUUUUUUAUAUAUACUUUAAGUUCUGGGAUACAUGUG,0
GAGAAUAAAAUACCUAGGAAUAAAACUUACGAGGGAUGUGA,0
AGUAAUAGAUUAUAUCCUUUUGGAAUACAAAUGAGUCACUG,0
ACCUCUCCGGUUUCCAGGCCUCUUCUCUUUAGGCUUUUCAG,0
UUCUUUUCCCCUUUCCCACAUCUCUAACCAUGAGGUUCAAC,0
GUCUUGGAUCUCUUAAAAAAUAACUCCAAGCAAUUUUCUGC,0
UUAAUAUUUGUAUAUGGAUUUCAUUUGAGCUCAUUAAGUAA,0
CUAGUAGCCAUGUUGCACUAUGAGGCAGAAGCAUGUGUUGA,0
CUUCUACUUAAACUAGUUUUUAUAGUUAUUCUCAGCGAAAG,0
AGAGGCAGUCUAGAGAUGAUUGAAAGUAUACGAGAGGAUGU,0
UUUGAGUUAUAUCUUUUAUCUGAGAAUUUGAAUUAUUUGUG,0
UUGGGAUUUUCUGUUCCCUCUGAAAGGAAUGCUGUGUCUGU,0
GAAGGUGGCACCGAACAAGUUUCUAAGGGACACUCAGGUCC,0
UGUGGGCUACUAGCUAGUUGUAUUUAGAGCCACUUUUAAUU,0
AGUACACAAUGUGAUUCCGUUUAUGGGUCACAAGAAGAGAC,0
GGGUUAAAAAAUUAGCCCCUUUAAUAUAAGAAAUAUGUUUA,0
GGUAAAAGAAAUGCGGUUGAUUUUGCAUAUUGACCUUGUAU,0
CUGGGGGAAGCCAAAGAGGCUGAAGUUUGUAAGGCAGAGCA,0
UGACACACCUAGAUAACUGGUGGCUACAGUUAAUGCUUGCU,0
UUCCUCUUUUCCUAAUUGAAUACCCUUUAUUUCCUUCUCCU,0
GUGGCUCAUGCCUGUGAUCCUACCACUUUGGGAGGCCAAUG,0
UCAAUAAGUCUAGAAUAAAGUUCACCAUUCUUCUUUAACCA,0
CUGCAGAACCAUGAGUUAAUUAAAUUUAUUUUCUUUAUAGA,0
CAUGUAUCGGUGAUCCUAGCUACUUGGGAGGCUGAGGCGGG,0
ACAAAGCCUUAAUUCGCUGAUUUGUAGCAUUUGCCUGUAUC,0
UAUUUUAUAUUUACCUAUUUUUUUCGUGGGAUAUUUCUGGA,0
UCUACCACCUGUUUGGGGCAUUUCCUUCCAAGCUUUUGCAU,0
GGAGCAGCAGCUCCAGCAGCUGCCAGAGCCCCGGGCCAGCU,0
UCUUUUGUAAAGUAAAUAAAUUCUUCAAAAUGCUUGCUGAG,0
UUCCAAUUCGUGAAUGGCUUUACUUUAACAAAAUGACAGAU,0
AGUAUGGAUUGAUCUGGCUCUGUGAACUGAAUCCCCUAAAU,0
AGUAUUCCAUGGUGUAUAUGUGCCACAUUUUCUUACUCCAG,0
AUGCCUGUAAUCUCAGCACUUUGGGAGGCCGAGGCAGGUGG,0
CGAGAAAGCAUGGGCCUCACUGGUCCUGUUCACUGUGGUAU,0
CUAGUUUUUGUUUGUUUGUUUGUUUUUGUUUGUUUGUUUGU,0
AUUUUUAUGAAAUGACACAAUUUAUGGUGCUUUGAGAGCUG,0
AAACUAAUAUAAACUGUAUGUUGUAUACAUGCAUAAAAUAU,0
UCCUGGACUAGGAGACCACGUCAUGAUCAAGAAAAGAGGAA,0
GCACUAUUCACAAUAGCAAAUACUUGGAAUCCACUCAAAUG,0
UUUUGAGAUGAGAAAUUAUUUCAAUAUGUUUUUUUUUUCUC,0
UCUUGUUCCUUAAAAUGUGCUUUAUGGAGAAGGAGCCAGAG,0
UGGAACAUAGAGUCAUAUCCUAGAGAGAAAAAAUUUCCCCC,0
CCUGAAGUCCAAAAGAGACAUAUUGAGCUUAUUCAAUAUAA,0
CCUUGUUAUUUUUUAUAAGCUGUCCAACUGAUUAUAAAGUG,0
GAACAUUAAUAAGGAAACACUGGAUUGAAUUACACUUUAGA,0
UUUGAGACGGGAUUUUGCUCUUGUUGCCCAGGCUGGAAUGC,0
UGAAAUUACAGUGUUGUAAAUAGAAAUCUCACCACUCUGGA,0
GUUUUUAUGUGGCAUUGGGCUAGCAAACCCUGAUGCAGCCU,0
UAUUGCCAUUUACUACCUGUUUCUUUCUGACCCAGUCAGAU,0
ACCAUCAGUUUAUUCAUCGUUAACCCUGAGUCAAUGAAUGG,0
ACAGUAGUGCUCACCUGUAGUACCACCUACUCAGGAGGCUG,0
AUAUCAUGAUCAAUUGGAAUUUAUUCAAGGUUUGAAAGGCC,0
AUUUAAUAUUUUGUUUGUAUUUACUUAGUGUUUGGCUAGAC,0
UCACUGCAACCUCUGCCUCCUGGGUUCAAGAGAUUCUCCUG,0
GCCUAGAGGAAGGUGAACUUUUACUUGCAUUAUUCUUCUCC,0
UCAUAGCUACCUCCAGAAGCUUUGCAUGAUUGGACCCCAGU,0
CAACUGACUUGACUUGUUUAUGAAAUACAUGAGCACCGGCC,0
UCUUUACUGGUCCUGCCACCUGACAUUGCCACGGAGAUCCU,0
AACAUCUGAAAUUCUUUCAGUAAGUUCCACAUUUUUGACAC,0
ACAUGUCUUCCUCCAUAGGAUAGGGUCAAAUCCAGUUUUCA,0
CUUCCUUAAUUUUUUUUCCUUUUUCUUUUUUUAAUAAAAUA,0
AGGUCCCCAUGCCUGGACUAUGGGUGCUGAGUGGGAUUUAC,0
UCAAUGAACCAUCAGCUCUGUACUUAGUUGACAGUAAAUGC,0
GGAAAAAUUAGGAUAUAAUAUCCAGGAAAAGGAAAGCAUGU,0
AGAAGGCCAUGGUAGGGAGUUUGGAUUGUAUUCAAACUAUA,0
ACCUCGUAACCACAAUCUACUCUCUGUCUUCAUGAGAUUCA,0
AGAACUUGUGAUGCCCACUCUUGCAUCCUUUAACCUCUCCC,0
UCAGAGUAUAUUAAGUUUUAUAAGAAUACAAUUGAUUUUUU,0
CUCUACUAAAAAUACAAAAUUAGCUGAGGGUGGUGGCACAU,0
UUUGUUGUUAAAUAAAAGUAUGAAUUAAACAUACGUCUUAU,0
GAGAAUAUUCUGCUAGUUGUUUCAGUUCUUCGUUUCAAGUA,0
AGAAUGAAAGAACAUUCCUCUGAAAAUGAUAUACUGAAAGG,0
CAUAGGUAGUGGCCUUUGCCUCUCUCUUCUUCAUCCUGGUC,0
CGGAAUAUUCAGGAAUGUUGUUUCUCACAGUUAAACCUGUG,0
UAUAUAUAUAUAUAUAUAUAUAUAUAUAUGUUAUAUGUUAU,0
UGCCUCCCUAGUUCAAGCAAUUCUCCUGACUCAGCCUCCUG,0
AUGAAAGCCUCAGCUGAAGAUCAUAGGAUUAAAUCCAGGCU,0
CGUUUGUAUUAUUAUUUAUUUAUUUAUUUAUUUAUUUAUUU,0
UAGAAAUAAAUGUACAAAUUUAUGGUCAAUUAACUUUCCAA,0
AAACGCACCAUUCAAAGCCUUCGCGGCCGAAAGUCAUCGAG,0
AGUUGUGUCUUUGUAGGGACUGCAGACGUUUGUUUUUGUCU,0
CAGCAGACACGGCUCUGGUCUCAUGGAGCGUAGUCUAUUGA,0
AUACUGAUAUAGAUGUAUUUUCAAAGAUUUUAAGACUCUGU,0
CAAGCCAGAAAAACCCAUGCUCAUUUUCUACAUCUCCCCUC,0
UGAGGCUUAGAGAGUAGUUUUAUAGAGGUAAGUAAUUUGCU,0
GGAACUAUUUAAAUGUUUAUUUACAUUUCUGAAACAACAAC,0
UAUGUAACCAGUAAUGGAAUUGCUGGGUCAAAUGGUAGCUC,0
AAGAAAAAUUAGAAAAUUGUUGAAGAAAAACAAGACAUUUC,0
GUGACUGGCCGUGCGCCCCUUGGUCAGGCCUCUGCAGACGU,0
CGUACUAACAAUUUUCUUUUUGUUAUUUGUUUUUGUUUUUU,0
ACUGUAACAUUCACAUAGAAUUUUAAGCAAUACCUGCUUAU,0
UUCACUCCCUUCAAGCUCCCUGCUUACUUUACAAAGUACCC,0
UAGCUUAGCCUAGCAUAACUUAAAUGUGCUUAGAACACUUA,0
UAUGAGAAAGAUAGCAAAGUUAAAGCAUUGGUUGAUAUGAA,0
GCAGAUUGAUUCCUAAGCAUUUUAUAAAUUUUUGUGUUUUU,0
UGUCCAGAACUUUUGCUAACUUUUUAAUUGCUUUUUAUUUU,0
GAGGUGUGGUAUUCACUCAAUGGCUAGCCCUGGGGCUACUC,0
UAUUUUAGAAAUUUUCAAUUUAUCAAAAACUUAAAUUAGCU,0
UUUUCAUCAAGGUGCCCAAGUAGUUUAAUAAAAGGGGUAAU,0
CCGACUCUGUCACCCUAGCUUGGCUGGCCACUUAUAAGCAU,0
UGGAAACCCCCAACUCCCCAUCCGCCAGGCCACAAGGAGUU,0
CCUUGUGUGUAAAUGAAGCUUAUCUAACAUGUAUUUUCUCU,0
UUUUUAGUAGAGAUGGGGUUUCUGAAUGUUGGUCAGGCUGG,0
CCACCUCAGCCACCCAACGUUCUGGGAUUACAGGGGUGAGC,0
AGCUAUUGAAAUAUUUCUGAUAAUAGAUAAAGUUGUCUUGG,0
AUAAAGAUUUUUUCUUGUCAUGUGAGCCUAUGUUUUUUUUU,0
UGAAGUUUUGAAGAGGUUGGUCAUUGGUAAAUAUACUAAAG,0
AACAGCAUGAAUAUUAAGAUUCUGUGUGUGCAUGUGACACA,0
UUCUUAUAUAUUUCAAAUCUUUAGAAGGGCUUUUCUUAGCU,0
GUGAAGAUCUCACAGGGGGAUAGGCUGUUGAUUUUUUAAAA,0
UUUACAGACAUCUCCCAAAUUGGUACAGAAUAAUUUAGGAG,0
UCCUCCCCUCUCCGCUUAGGUCACCGCUACCUAUAUUGGCC,0
UUAUUCCUCUGGAAUUUUUUUUUCUAUUGUCUAACUCCAUU,0
UAAUUGCCCAUAUAAUGGUGUUGGGAAGUAGGACCUUAAAG,0
UUUUGUAUUUUUAGUAGAGGUGGGGUUUUACCAUGUUGGCC,0
AUGUGCACAACGUGCAGGUUUGUUACAUGUGUAUUCAUGUG,0
AUCAUGGGACUGAUAAGGUCUCACACACAUGCACGAAUUUU,0
UAUCAUCACAUUUAAUAUUUUCUUCCUUUUGAUGUUACCUG,0
AACACCCACCCCUCACUCACUGCCCCCAGGCCCGAGGCGCU,0
CCCACACAGAGUCCCCACAGUGGCACUGCCUAGCGGAGCUG,0
CCUCUCUCCUGGUUCUUAUUUUGAUCCCUCCCGAUCGUCAA,0
AAGGGUUGUAAGCAGAAGAGUAGCAUGACCUAAAGUAUAUG,0
ACAAAAUUAGCCGGGCACGGUGGUGCAUGCCUGUAAUCCCA,0
UGCUCCCUGGGAGAAUCUGUUUCCUUGCCUUUUCCGGAUUC,0
GGCAGAAAAUUACUUGAACCUGGGAGUUGGAGGUUGCAGUG,0
AUAUAAAGGUAUUAAAACUAUGUUUUAAAAGGCUAUUUAUG,0
CACUUUUGGAGCCAUCUAUCUGUUAUCUUUUACAGAAAAAG,0
UUCUAAUUAAAACUGUCUUAUUGGAAUUUCCAGGCAGCUGG,0
CCUUAACAUCCAAGAUGAUGUUCAAAAUCAACUCUUACACA,0
AAUUGCUUGAACCGGGGAGGUUGGAGGUUGUGGUGGGUUGA,0
GAUCUUCUCUCUUUUCUUCUUUAUUAGUCUAGCUAGUGGCC,0
CAAUCUUCUGUUAGGGAAUGUUAGGAUCUGACAGCAUGGGA,0
GGUUUUGUUUUUGUUUUUGUUUUUGUUUGAGACGGAGUCUC,0
UUAUAUUUCUUCUAGUUUAGUUUUUAUCUCUAAAAUAGUUU,0
CCAAUGCCUAGCUUCAAAGCUUCAAAGGACAGACUAACUCU,0
UUGCUUUAUUAAUAAAAUUAUUUAGCAUAAAAUAAUAUUGA,0
GGCGCGGGGCGGUCGCGCGGUCGCGGCGCUGAGGGUCUGGC,0
UAUCCCCAAUCAGCUCCUUUUCCGUUCUGUUCUGCUGGGAG,0
GCAGUUCUAAUUAGGAUGACUCAGGUAACUUCCUGCUUAAA,0
AGAUAGUAAUAAAGAUCAACUUCUAUUCUCAAUGGUUUUGU,0
AUUAUACUUAUAGAUCCUUAUAGAUUCUUACUUAUAGAUUC,0
GUGUCUGUCACAAGGCAAUAUGCCUAGGAACGCUAAACAUA,0
CUCAGAGGAGUACCUGGCCAUGUGAGGUGUCAGUCUGCCCC,0
UUCUUAUUGUUUUUUCAAUUUGCAUCAUUGUUUAUAAUAGU,0
UUUCAUAAUGAAAGUUUUUUUAAAAAAAAUGAGAGCCUUGA,0
GACAAUGCUAUAGAAUACUAUACCAUUGCUCCUAUCUAGCU,0
ACCUUACCGGUUUUGCGGCUUGUGGGGCAUCACGGAACCUA,0
CUCCUGGGAGUUCCUUUCAAUACUGGAAGUUGGUUGUUCUC,0
CUCCUACCCUCUGAAGACAUUAUUCAUUUUAACCCUAGGUA,0
UCCAUCAAUCCAUCCAUCCAUCCAUUCAUCCAUCCAUCUGU,0
CAUACAUCUGGUGUCAGAAAUAUUCUGUUGAGUGGUAUUAG,0
UACUUCAUGGGAAAUUGUCAUGUUUCCUCCUUCCUGUACCU,0
CUUAAAUGCAGAUUUGUGGGUCUCGCUCUGACCUGGAGAUU,0
UGUGGAACUAUUUCAGGCAGUUUCUAAUACACCUAGCAUGU,0
CACAAAAACCUUUUUCAGAGUGUCUAGUAUAAUUAGGCUAC,0
GUGACCUAUAAGCCCCCACUUCAAGAUAUUCCACCUCUUUA,0
UGUCCAAAAUUUAAUGACUCUGAAAAGCAACAUUUAAACAU,0
CAUGCGUUGUCUUUUCUUCCUGAUAUUACACAAUAGAUACA,0
AGAGGCAGGGUUUCACCAUGUUGGCCAGGCUGGUCUCGAAC,0
UCUACACUUGUCAGUGUUCAUUCUUCAUCUCUGUUUCUCAA,0
UGGCCAGCAUAUGUGUUUCAUUUUGCCCCCAGUGAGGGAAC,0
UGGUCCCUGUAAGUCACUUCUUGACUUACUCUAGGGUAGCA,0
ACAUAGCUAACUUUUGCCUUUCAGUUUAUGUAAUCACCUGA,0
UUUAAAGCGACAGCUCAUAGUUCUUGGGUGACCUAAUCUCC,0
AUGUUAAAGGGCUCCAGAAUUGUAAGAAGGCCCAGGCUCAA,0
GGGAGUAUUGUUUACACACAUCUUAAAAUUUUCCAGGUACU,0
CUAUCCAGGAGCCCCUCUGUUGAGAGUCAUCUCAUUAGCAU,0
UUUUAUUUUCUGCUCUCGCAUAAGCUCUAGCUAAAUGGUGC,0
GGUACUACUUACAUUUUUCUUCACCUUCAAGUAAGCAAAUG,0
CAGAAAGACCAAGUGCCACAUCCAGCCUGCUUUUCCCUUUA,0
GCAGACUAAUAUAUGCCAGAUAUAAGAAAGAAUCCUGCUGU,0
CAACAUUUCAAAAAAUUGUUUGAGAAAGUGAAAAGACCCAC,0
GUCUCAUUUCAAAUACAAUGUCUUCUUUACUUUAAACUUCA,0
GCCAGUUAUUUCUGUUCGUUUUUCUUUUUUUCCAGUGAAAU,0
AAGACCUCUACAAGGAAAACUACAAAACACUGCUGAAAGAA,0
AUCUAAUUAGUGUGUUAGAAUGUCAGGGAGAUUUAUAUUGG,0
CUAAAGGCCCUCACAAUGAUUAUCCUAUUGGCAUUUAUAAG,0
UUUGGUUUUCCGUUCCUAUGUUAGCUUGCUAAGUUUAAUGU,0
GGAAGAAAGAAUAAAUGAACUUAAAUUAAUAGAAAUUAUUG,0
AAUUGUAAGUUUCAUUGUGAUGUCUUGGUGAUGCAGCUCAC,0
CUGCACCCCUUCAUGACCUUUUAACAGGAAACAUAACCCUA,0
CGGAGGUUUAAAAAGAAGUCUCUAAAUUAGUUUAAAUCCCA,0
AGGCAGAGGUGGGAUUCUAGUCUCAGGUUUGUCUGACUACA,0
CCAAUGAAUGGCAACCAGAAUUAAAUCCAGAUCUUUGGAUU,0
AACCCUAGUUUGAGAGGUCUUCCUCAGGGCUUGUGACAAAU,0
GCACUUUUUACAACCGAAUUUUCUGAAUUAAAACUCCACAA,0
CAGGCAUUGUCCCAAGUGCUUUUGUGUAUUUCAUUCACCCU,0
AACACAAUGGAUGUUGGAUUUUGUCAAGUGUUCUUUCUGCA,0
GGGAAUGCAGUAAUGCUUUAUAAGAAGACGUCAAGGAUUAA,0
UAUGGUAUAUAUUUUAUACUUAUGGUAACUUUCACAGUUUG,0
UGUUUUAAUUUCCUUGAUUUUUUACAUUGUUUUUGUUUUAA,0
UUCAGCCACUGGUGUAUUUCUAUAGGAUAGAGGUGCAAUUA,0
AAAACCUUGAAUAGUCUUACUAUAGAGCUUGAACUCUUUAA,0
UCCCUAAUGUAGUCUUUCAGUUGGGAAAUGAAAUAUGGACA,0
GCUGUUUACUGACCACCCACUCUAGCCAGCCACGGUUCCUC,0
AGCCAUAUUCUCCUUCAAUAUUUUUGACUCAUGCAAAUUUC,0
GGCCCCAGUGGGUGAUGUUCUCCUACCUGUGUCCAAGUGUU,0
UGCCCUCCGGAAUCGUCAAGUCCAGGAAACUCCAGGAGAGG,0
CACUUCGAAUAAGGGAUACUUAACCUGUAUAUGCAUUUGUC,0
AUUUAAAAGUGAACCCCUUUUUUCAGAUGAAAUAGGUAAAA,0
UUUGGGCCAGAAUGUCUUACUUAUGACAAGAGACCAAGAAG,0
UUAGCCUCCAGUUACUGACCUAUCCUUUGCCCAUACCUUUC,0
ACUCACACUACUGUCUCUGCUAUACUAUAUAUAGCAGAGAU,0
AAACCCUCCCUUAAAGUACCUAUGGCUAUUGGUUGAGGUAA,0
UAUUUUUAGUAGAGACAGGGUUUCACCGUGGUCUCAAUCUC,0
GAGACGUUAGAGAUUGAUCAUAGUUCCUGUGUGUGCUGGCU,0
GAAUAACCUACCACACCACGUAUUCCAAGGGCUCGAAAGCC,0
GCUAAGUAAACAUAGCUUUGUUUUUGUCUUCCACCCACCGC,0
CAUUUUGUAUAAUGCUACAAUGGUGGAUAUAUAUUAUAAUA,0
CCACAAGUGUUUAAUUUUAUUCUGGUCCCUUAUGACGAUUU,0
CCACUGAAUCCUCAGACAAAUUUGAGGAUGACACUGAGGUC,0
UGCACAAUGUCUGAAAGUAGUGAUGAAGGGUAGACUGGAAC,0
GGAUUUUAAUUUUUAUUUUGUAAACAGAGUCUUGCUUUGUU,0
AUCAUGUCUCUGUGGAAACUUUAUAAGCCUGUGUGUGAUCU,0
UUUGCUUAAAGUUAUACUAGUAAUGGAAAAUUAAGAUAUUA,0
GUCUUCUAGGGUGGCUUACUUUUAAUUGUGCUGUUUUCUCU,0
ACCCCACACACACUCACAUAUCACAGUCCUUGCAGGACUUA,0
AGAGAGUGGAAAAAAUAGAUUACAGAGACAGGAAAGGAUGA,0
UUAGACCUUUGACUCACAGCUAAGGAGACAAGCAACAGUUU,0
UUAAUUGUAACUCCCACAAUUCCCACAUCUUGUGGGAGGAG,0
GUAUAAAUAUUUAGACUUGGUUAAUGGUAAGUGUUCCUGCA,0
GGAACAAACCCAAACUGGCAUGUAAAUAUUAUCAACCAGGA,0
UAUACAUACUUACAUUAGCCUACAAUUGGCCAAAAUAAUCU,0
AUUUCCCUCUACACACUGCUUUGAAUGCAUCCCAGAGAUUC,0
CAAAAUGUGAGAUGUAUUUAUUCUGUUUUUUUCACAAUACU,0
UAGAUGCAUAAUGUCCUCUUUAUAUACUAUGCUGCUUAAUA,0
UAUUUACCUUUUUGUUUUUUUAGAGAUUCUUCCCUGGUUUU,0
UUUUGAGAUUUGCUUUUUUUUUUGUCCUGUUUUAUUGUUGC,0
UAUUGGAACAGGCGUCUGGAUUAAGUGAGUAAAUGAGUUAU,0
GUUACUUUUUAGGUAUAUAUUAUUUUGUAUAAGUUUUCAAA,0
UCUACUAAAAAUACAAAAAUUAGCCAGGCGUGGUGGUGCGC,0
AGGGAUUCGGUAAUGAGCUAUCUUCAUUACCGAAUAAGAUA,0
AAUUUAAGAGCAAAGAAAGGUAUUUUCACUGUUACGUAUAA,0
CUUCAACCUUUCCUUACUCUUUCCUUGACUUUCAUGACUAU,0
CAGAGCUUUCCUUACCCCUAUCCCUGGCCUGUCUUACCAGC,0
AAGUUACUAACACAUUUAAGUACCCUGCUCAGUAUAUGUUA,0
UAGCCAGGCUGGUCUCGAACUCCUGACCUUAAGUGGUCCUC,0
AAAGAGAGUUAGGGCCUUAGUCUGGAUUGGGCUUUGGCUUA,0
AUAUGGAAUUGUUUAAAGAGUAUACAAAAGUUCCAGAGAUG,0
CAAGACAAUAUGAUUUGCUAUAAUAUGAAUUAAGAUAUGGU,0
UCUUCUUGCCCCAGGCCAUAUAGAAAAAUUAAUGUUGUGUA,0
UAAAGUUUGGAUCAGGUGUAUAGUAAAGAUUAGAAACAGCA,0
AUACUAUUACUCGGUUGUUGUUAAUUUAUAUAUUAUUUUUC,0
CUGUGUCUACAAUAGGAAAGUCAUCAUGAAUUCAUUUUUUA,0
AGCAAAAUAUUCCACAAGGCUUCAAGACCUGAUGAUCCUCA,0
CCAUCUGGGUCUGCAGAUUCUUUUUUUGUAAAAUUUCAAAU,0
CUGGCCAGACUAAUGAUAUAUUAAUGAAUUUUAAUAUAUCU,0
CAGGCCUGGUGGCACAUACCUUUAGUUACAGCUAUUCGAAG,0
AUACAUUCCCCAAUGUAUAUUACUGGUCUCUGUGUCAAAAA,0
AUAUUUCAGUAUAUUCUAUUUCAGUAGGGCCGGCAUGACAU,0
CUUUCUCUAUAAUGUUGCUAUGUUCCUCUUUUCUUUCCUCC,0
AUCAUUUAAAUCAUUUACAGUUUAUAAGUGAUAUAUGCCAA,0
UUUUAUAUACAUAUAAUUCAUUUUCAGUAAGACUAAGAAAA,0
AGAAAACCUAGGCAUUACCAUUCAGGACAUAGGCGUGGGCA,0
AUGUGUGCCUUAGAACAAGUUUCAAAAAAGGACAGUAGAGC,0
CCUUCCUCAAUGAUCUUAGCUGUAUCUUCUAGAUAACUUAU,0
AAACACUUUUAGGUGCCCCUUUCCAAACAACUCUAUCUUUU,0
CCAAGUUGGGGAGGUAAACAUGGAACUCCAAAAUUAAGCCA,0
AAUUAGUUUUCUGGACUCCUUUUAUUCAUUCAACAUUUAUU,0
GAAACUAUUGCAGUACAGUUUCCUAUUUAAUCAAAAUGACA,0
UUGGAUAAAGCUCUGGUGCCUAUAUGCCCUUCCCUGACCCU,0
GUCUCAAAAAUAAAAAUAAAUAAAUAAAUAAAUAAAGAUAU,0
AUCUGCAAAGAGAGACAAUUUUACUUCCUCUCUAUUUGAAU,0
UUCAUUCCCACUGAAGUUCAUAAUUUUCUAUAGUCAUUAUA,0
CUUUGGAUAAAACAGUAUAGUUUUAUUCUUCUGCCUCUUUC,0
ACCCAGGUUCAGUCAUGUUCUGUCUCUCAGGUCCCAGUCUG,0
ACAAUAGCAAAGACAUGGAAUCAAUCUAGGUGUUCAUCAAC,0
AAAUCCAGGCUGGAGUUCAGUGGCAAAAUCAUAGCUCACUG,0
ACCAUAUCACAACCUAAACAUCCUUCACUGGGAAAAGGGAU,0
GAUAUGUAUGUCUAGACCUCUAAAUAGUUUUGUGCAUUUCU,0
CCCGUCCCCUUCUUAAUCAAUACGGAGCCUACCCACUCCAC,0
UAUUUUCUUGUUAUUAUUCUUCCCAGGACUUCCAAGUUGGU,0
CCUCUCUUUUUUGACAGAUAUCAGUUGUCAGUAUAAGUAAA,0
GCAAUUGCUUUUGGCAUUUUUGUCAUGAAAUCCUUGUGCAU,0
UGCAGGCUUCUACCUGAAACUUAUAGGCAGUGUAUGGGUGU,0
ACUUAAUCCUCAAAACAUCCUAAUAGUGUUGGUUCUAUUGU,0
AGGGCAAGACUUUGUCAAAGUAUUCUUGAAUAAAAGUGACC,0
UAUUCUUUGGCGUGUUAAUAUCCAGUUUUUCCCAGCACCGU,0
ACAGGAUGUCUAAGGUUUCUUCCAGCUCUAAGUUUGAGGGG,0
AGCUAGUCCACUUGGCUCGCUGACUUCAGCUCUCUUUCCAC,0
AGACAAAUGUGCCCAGUGUAUAUCAAUCUUUUACAUCCAAC,0
CAAUCUGAUACUAAUCUCUCUAGGCAAUAUCUUUUUUGGGU,0
UCAAGAAUAGUGUAUUUCUAUUGUUUAUUUUGUUUUAGAUU,0
GUCCCUGAAAUUGUAUGCCUUCACUUCUGCUUUAUGCUAAA,0
AGCAGGGAUUAGAUGUUAACUCUCAGAACAGCAACUGGGCU,0
AAUUUUUCAAAAUAAAAAGGUUUUAAAAUGUAAAAUACUGG,0
GGCAUGUAUGGGUGACAACUUUAGGAAGAGCCUAGAACACA,0
AAUGUGAACUCUUGAAAUAUUAUCCUUGCUCAACUUAUUUU,0
UUGCUGGCCCUCAGUUUCCUUCUUGGUGGAAUGGGAAUAAA,0
AUUCACCCAUCCAACAAAUAUUGAGCACUUGCAAUUUAAAA,0
UUUCUCUGCUGCAAAACUCAUCGUCUCAGUGAUUGGCAUAC,0
AGAGAAGAAUCCAUUGGGAUUGAUGCAUCUUCAAAAACAUA,0
GGAGAAUUUUUUAUGCAUACUCAUUAUAUCCUCAUAUUGUC,0
GAUUUGAACUGAUAGCAUGCUUUUAUAACUCACUGAAUCUG,0
GGCUGAAGCAGGUAGAUCACUAAGGAGAUAGAGACCAUCCU,0
CAGUACUGUAUAGACUUCUUUGUUUUUUUAAGACAGUGCCU,0
UUCAGGGCUGCCACCUGAACUGUUCUAUUAACCAACCCUGG,0
CCUCCUCCCCCAGGGACCAGUGCCCAGUUAGCAGAACUAGU,0
UUUCAUGUUGUUUUUGCUGUUUCUAAAAACAGAAACCAGAG,0
UUCAGUCAAUCCAACCUGGUUAAGAACCCUUGUUGGAGAAC,0
UGUUUUUCCUGUUUUUUUCAUGGGUACAGAACCACCUUAUU,0
ACAGGCAAAAUGAUAUUGAAUAAGAAUAUAGCUCACUAUUC,0
AAACGUAUGUGUGCAUGUCUUUAUAGUAGCAUGAUUUGUAG,0
GACUUAUUUUUUCAUACUUUUUAUAGAGACAAGGUUUUGCC,0
UGAACCUGGGAGGUGGAAGUUACAAUGUGUCAAGAUCAUGU,0
CAUAAAAAGUGGUGUCAGAUUAAAUAUACAUUCACUUAAAC,0
UAAUCAUAAGAAUAAAAAUUUAUUAGAAAAGCCAUUAGGAG,0
UUUACAACCCUGGUUAUUUUUAUUUUUUUACUACUUAUAAA,0
GCUCAAUGCUUAGCUCCCACUUAUGAAUGAGAAUAUGCAGU,0
UUAAUAUAUUUAAAGUGUUGUCAGAAGAAGAAGGAGGAAAG,0
UUGUGCCUAUCCAGUUUGGUUUCAGCAAAGGAAGUAAAAUU,0
CAUGCAGUCAGCUGAGCAAGUUGCAAGAAGUUUCUCUGAGG,0
CAGGGACAGAUGACAGAAACUGAAUGAGCUGAGGCUAGAAA,0
CAUGGUUGUCUGCUGGCAGAUCACCCCCUGUGAUCAAGACA,0
AGCCACCACGCCCGGCCACUUAAAAUUUUUCUUAAAAUAAA,0
ACAUCAUUUUAAAACAAUAAUCAUAGCUACGCUUUUAUAAG,0
UUAAGGCAUUCUUAUACCUCUAACUCAAUUUCCAGCUAUAU,0
UCCCCCAAAAUUAGAUAACAUUAAUGUCAGCACUGAAUCAU,0
UUUUUGUUGUCCCACAGUUUUUGUAUAUUCUGUUCCAUUUU,0
CAGUCCACAGGUUUGCAUCCUGGACUUUAUCUAAAUAGUGC,0
CACUGAGUCCCUAAGAUGUUUGCUACAAUCCCCGGCAGUUG,0
UAAAUGUAAGUUGUGAUAAUUUCAUUUUUUAAUUUUAUUUG,0
UUCAUCUUUUCCAACAUACUUCAGAAGAAGACAAAAACAGU,0
CUAGUUUGUUCUUUUUUUUUUCUAGUCCCUUAAGUUGUAAA,0
AGACCCUAUCUCAAAAACAAUAAAAAUAGGCAUUAGGAGGC,0
AAAAGAAGUAAUAAAUCACAUUGUGCACAAAUAUUAACCUU,0
GAUGAGUGUUGACAAAUGUAUACAGUCAUAUAGCCACCACC,0
GAGGAAAGAACUUGGCCAUUUAUUGGAUGUGACAAUAACGC,0
GCAAAGACUUCAAGGGCUAAUAAAGGUUUUAUGAGAGAUAA,0
CAAAAGCAAUUAAAACAAAAUCCUAGAACCCAAUGCACCAU,0
AUAUAUGUAUAUAUAUUUUAUAUAUGUACAUAUAUAUACAU,0
GCCACCUCUAAAACUAAGGAUUUAAAAUAGAUAAUUUCUAA,0
CUUAGAGCAAAUACUAUUAUUCUGCCCGUUUUAGGAAAACA,0
UCUUUUCUAACAUGUUCAUAUUCUCUUGAUUAAUUACAUUA,0
GAUAAAUGGGUUAUUUAUUGUUUGUAUUUUAGAAGAUUUUA,0
UUUCCUCUAACUUUAAUUGGUAGAUGUUAGAAAACGUUACU,0
CAUCUUAAUAGAUAUAAAUCUAUUCAUCUUUCCAUAGAGCU,0
UGGAGUUCAAUGGUGCAAUCUCAGCUCACUGCAACCCCUGC,0
UUAGGUACUUAGGUAUGGUGUUGGGUGUUUUACACACAUUA,0
UUACAUUCAAAAUGUAGAAAUUUUUGUUUUAAUUAAUUAGU,0
CCAUCCCUUUAUUCCAGAGAUAAAUCCCACUUACAAAUGUU,0
AGUAUCUCAGAAUGUAGCUGUAUUUGGAGAUAAGGACAUUA,0
GACAUUUGUUAGCUCAGAAGUCACAUGGGAAGUUCCCAUUG,0
UAGACAAGUUAAGUUUGAGAUUCCCACAGGACAUCUAAGAA,0
CUUAUUCUUUAAUUUCAAAAUGGAAGUUUUUGAAAAGAACA,0
UGAUAAUCUUUCUGCAUGAGUUUCUCCUUUAGGUUCUGCAU,0
AAAAGGCCUAGGUGUCCACAUCUUGCACUGAGGUUUCCAGG,0
UAAAAUAUACAUAAACCAAAUCAAGUCAUCCAGAGCAACAU,0
AUGCUUGGCCCUUCCUGUCUUUUAGGCCCCAUGUCCAGCAU,0
GUUUAAGAUUUAAUACAGUUUAUUAGCCAUUUUCUUUUUUC,0
AUCCAUUUGUCAAUUUUUGCUUUUGUUCCAAUUGCUUUUGG,0
AUUGUAAAGAUUAAAGUAAAUAAAAACAUGUAUGUGAAAAU,0
AUGGAAUGUAUGCUUAUGUAUUCUUGAGCUUUAGAAAAAAA,0
UCUAAAACAGGUAAUUAUUCUGCUUUUAAAAACAUUAUUUG,0
GCCAGUAUUGUUCUUAUUGGUAUAAUCCCAAAUAUUUGCCC,0
UUUUAUUGCUGAAUAGUAAUUCAUUGUAUGAAUAUAUCACA,0
UUGUUGUUGUUUGUUAGAACUGGGCCACAUGGCUAGCUGAA,0
AUACCUAAUUUAUUGAGAGUUUUUAGCAUGAAGGGUUGCUG,0
UAUAUGAAUAAAUGAACUUCUCAUUUUCCUCACUAAUAAAA,0
AAAAUUCCUGGACUCAGUUAUUUUCCAGUUUCUAGAACAUU,0
AAGAGUUGAGAGGUUUUUUUUUUAAUCAUGAAGGGAUGUUG,0
GUCACACAGCUAUCAUUUCCUGCCUGGAUUACCGCAGUAUC,0
ACAUCAUCUAGGGAAUUUACUUAAUUACGCUUCACUCUCUA,0
CUCAUAUUUGGCUGAACUGGUAUACUGUAUGGCAGCCAAAC,0
UUUCGAAUUUUAUCUAGAGUUGGACUUGUCCAAAAGCUUUU,0
UAUAACAACAAGAGUCACCCUUCCCCAAAUUAAAUUAAAAC,0
CUUUCUGAUGUGUUCUCCUCUUGGGAGGCUGGCAGUGUAAG,0
CAGUUACAAUCUUCUGCAUUUGACUAGCUAGUUAUCCCAGC,0
GACCCUCCAGACUAUACAAUUCUCCAGCUGAAUAUUGCCAC,0
CUCUCGGGUUCAAGUGAUUCUCCUGCCUCAGCCUCCUGAGU,0
CACAACUGAGGGAUGCUCAGUGUUAAUAGGCUAGAUUCCCC,0
AUGCUUUGCUGCUUAGAAAUUUCUUCUGUCAGACACCCUAA,0
GGAGAGCGGAUCACCUGAGGUCAGGGGUUCGAGACCAGCCU,0
GAAUCUGUAUAACCAGUAAUUCCCCAAUUCUUACUUUCAAA,0
UUGAAAAUUAUUAAAAAUUAUAGUAAAAUUCAUCCAUAAUC,0
AGAAAGGGAAUUCUCCUAAGUAGGUACGAUUGACUCUUUAA,0
UUAUUCUCAGGAGAAAUAGCUUUUAAAUACACCUGGGAAAG,0
UAAUUAUAUAUUUAUAUAAUUAUAAUAUAUAAUUAUAUAUU,0
CCCCCCAAAACACACCCUCCUCAGCUGCCUAUCCUGGGACA,0
CAAAAUAACUAUCAUCUGGCUUGGUUGGAUCAAAGAAGGAC,0
AGGCGCCCCGAGACCUCAUCUUCCGGUGAGUGCCUUCAGUG,0
CAAAAACAAUACAGUUUGCUUGAUGCUGUUGUCAUUGCUAC,0
UGUAUCUAAUUGAUUAUCCUUGAGAUAACAGCUAUAUCAGU,0
GCUCUUUCAGUUAGCUCAUGUACACUUUUGACGUACCCCAU,0
ACCUUGGUUUCAAGGAAAUCUAAGACAUGAAGUUUUUAGUU,0
GAAGUGUGCUUGCAUAUCGCUUUUGCACCACUGUAAAGUGA,0
CUGCCAUGCCCAGCUAAUUCUUUAAAAAUUUUUUUGUAGAG,0
AUGUUGAUAAUUUUUAUUUUUAUUUUCAUAAAGGAUAUUGG,0
AGCAGAGAUUAUCAAGGCUUUCCAGAGGCAGAGGAGGAACC,0
GUCUAUUUCUGAAUUCUCUAUGCUGUUUCAUUGAUCUAUGU,0
GCAUUUUUUCAUGUGUCUUUUGGCUGCAUAAAUGUCUUCUU,0
AGGCCUUCCACCACCACUCAUUGCGGUGUCUCCAGACAUUG,0
ACUCCACUGCCUUAUUCCUCUGGGUCUUGCAUAUUUAUUGG,0
CAUAGAACAGCUAAUUCCCAUGAUUUCCCCAAAUUCACUCC,0
CUUACUGUCAACAUGCUCUCUUUGUGAAGAGACCUGGGAGC,0
AUCUCUGGGAAAUUAACAAAUAUUUAGAAACUAAAUAAUAU,0
ACAGUUUGCAAGAUAAAUUAUAUAGUCACCUCAUAAUUGGA,0
UAUUACAAUAUGAACCAAUAUCAAUACAUUAUUAACUGAAG,0
AUAUGAUCCAGAAAUUUUACUACUGGGUAUAUAUCCAAGUA,0
UUGGGUCUUCCUCUGAAAUUUGGUGCAUGGGUAAGAGUUAG,0
UCUUUAUUUAUUUAUUUAUUUUUAAGUAGAAGAUAUGAAGC,0
GAGUGAGACACAGGAACAAUUCUUUUAUUGUACAUUGGAGA,0
CUAUAUCCUGUGAUCUUUAUUUCCUUAGGAAGGCUCCCAUG,0
GCCUCAGCCUCCCGGGUAGCUGGGAUUACAGGUAUGCGUCA,0
UGCAGGGGCAUCUUAAAGGGUUUCUCGAUUUCUCAUAAAGG,0
AUUUUUGUUCUCUCUCCACCUGUCCGAUUUGCAUGUCCACA,0
GGUGAGUUGAACAGUCCAAUUUUCAGUGGGGUCCCACACAG,0
UGUCAAGUGUUGGAAAGUUCUCCACUGUUAACCCAGUCUAU,0
AUAGUAAGGCACAGUCCCCAUUCCCUUUGGCAUAUUUGUGG,0
UCUGUUGGAAAAAGAUGCCAUUUAGGACUUUCAUAGCUAGA,0
ACUGACACACGCCUCUGCCAUCCAUCAUUUGGGCAUCCAUU,0
CAUGCAAAAAAAUCCUUGCCUACCCCAUUCAUAAAGGUAGC,0
AGCUGGUCACCCCGUGCUGUUCUCUUUAAGCUCAGCACACG,0
CAGUGUCUUUGUCUCUACGGUCAUGCCGUGGUGUGCUCUAA,0
CAUAGGUUGGGGGAAGCGGGUACGGUUUGAAAGAGGAUACC,0
UUCCACCUUCUGCUUGAAGAUGGUAUCAGGUCUAGGAACGU,0
AAUUUCUUGUUUCUACUGCUUGUUCCUCAAUGAACAAAUGA,0
CUGGAAACCAUCAUUCUCAGUAAACUGUCGCAAGGACAAAA,0
GGUUGGAAGGGAUAAGAGGGUAAGUCUUAUCUGGAUCCUAG,0
CAGUACCUCUGCCGCUGCUGUACACUGCCACUUCAAUAAAA,0
CUGCAGCAGCCAGUGCUGUGUGGACGUGCAUCGAGCUGCCA,0
UAUUUCCUCUUUCCUCUGACUAAAUCAUUUUUUACACCUCU,0
UAAUAUUCAGUAGAGUAACCUGCUGUACAGAGCUGAGCCUA,0
AUUGUUGCCUGCCAUAUACGUGAGCCAGCUGUAAAGUGUGA,0
CUCUGUUAACAUCGUCAUGAUUUAGGAUGUACUGUCAUUAU,0
UCUCAAGAAACUAGCAAUUUUGUGAGAAACAAAAUGCCAUG,0
AGGGAGAACCCACUGAAUCUUUAGCAGUUGACCAGUAUGAC,0
CUCAUUGCUCUGUUACUCGUUGUUAUGCCCCAUGUUAAAUG,0
UUUAGCCUUGUAGUAUAGUUUGAAGUCAGGUAGCGUGAUGC,0
UCCAGGUUAAUCUCCCUAUUUUAAGAUCCUUAACUUAACCA,0
UAUAUCAUUUGUAUAUAGUAUUUUAACCAAUACUAGCUACU,0
CCUCCAGAGGCCAAACUGGCUCUGAGUAAUUCAAAUGAACU,0
CCUUAUAUCAUUUAAACCCUUACAUUUUCUUUUAGUUUUUA,0
CGUCUAGAUUAUCUGACAUAUACAUAUAUAUCUGAGCUACU,0
UGAUUGGCCAUUUGGUGGUUUAAAAUCAAUAUAUUCAGCAA,0
ACUUCCCACUUAGCAUUUCUUGUCUCCUUACAAGCCUUAUA,0
GAAGACCAAUGUCUGAACACUGAGAAUGACACGUGUUAGGG,0
UCAUGCUCAGCUAAUUUUUUUUUUUUUUGUAUUUUUGUAGA,0
UUUUGCCAUUAAAGAUUUUAUCUCGACAUUAGGUUCGGGAU,0
UAAUUUAUAUUCCUGUUAAAUUAUUUGCUAUAAUAGAACAA,0
CUACUCUCUUUCAAAUGGCUUUUCUGCAACCCUCACUGGCU,0
CAUCCCUUUGUUUUAUAAAAUGAAAUGUUUUGGAAAACGAA,0
AGAUGCUUUUAUUAUUUCCAUUACAGAUGAGAAAACUGGAG,0
CUGGACAUGACUCUGCUGCCUCUCCCAAAUCAAGGGUAACC,0
AUGUAGCUUCUCAAUAUGUAUUCACUGUCUGGACCAAUGAU,0
UGGUUGGUUAGAGACUUCUCUCUUCCAUCCUUCCUUUCUUA,0
GGCUCAUUGUUUUGCAAACUUUAUAGGAAGCGUGGUGCUGG,0
AUGUCUGGGGGGUUCCAUCAUUGCUGGCUGAUGUUGGCUGA,0
GAGAGGCUGGUCCUGUUCCUUCUACUAAGGAAUCAGACCUC,0
GGAGUUAAGAUCCACCCUUGUUAGUCUGGUUUCAAAUCCGA,0
UCUGGAAUAUCAGGACAAUAUUUGACAUGUAGCAUACAUCG,0
GAUAAUUUUUGUAUUAUUAGUGGAGAUGAAGUUUCACCAUC,0
UCUUUUUCCACCCCUUCACUUUCAGUCUAUGUGUCUUUAUA,0
AUGUUCAUGGCAAUGAUAUGUGUAACAGUUAAAAACAGAAA,0
CUUCACAUUCCUUCCCUAGAUUUCCCAGCCUUUAUCUCCUU,0
UAAGAGGCCCUACCUCUUACUGCCAUCACCAUAGGGGUUAG,0
GUCACCCAGGAUGGAGGGCGUUGGCGCAUUCUCAGCUCACU,0
CUCAAAAACCUAGGUAUCUGUCACGUCUUGCUCAAUCUUUC,0
UGUGUGUGUGUGUGUGUAUUUGAAAAACAUUUGUAAAAAAU,0
UUCAACAGGAAGUACAUUGAUACAUCCCAUGAAUGAAGAAU,0
UUGUAGGGGAGAAUGCAUGUUGACUAGGAACUGUCACACAC,0
CCCUCCCUUCCUUCCUUCCUUCUUUCCCUCUUUGUCUCUUG,0
CCCUCAACACAGAGGUCCCCUGAGACCCACAGAGAGCCCAC,0
CAACACGGUGAAACCCCAUUUCUACUAAAAUACAAAAAAUU,0
UUAGUCAAAAUUUCCUCACUUAUCCCUCCCUAAAAAAUAAA,0
UUUAUAAAGAAUUCCUAACCUCUUUUGGAGUCAAAUUCCUU,0
UGGUCUAUUCAGAGAUUCAAUUUCUUCCUGGUUUAGUCUUG,0
UGGAAAAGUAGACAGAGUAAUAUAACAAAUCCUUCAUGUAG,0
ACAGGAAUGACAAAGCCACGUCCUGCCGGGCGUCUUGCAUA,0
GCAAGUUUUAUAUUUAUGUAUGGUUGCUUUAAUUUACACGU,0
UUGAACCAACCCUUCACCAUUUCUGGCUUUCUCCCAGCAGG,0
GUUAGAAGACUAAUGAACAGUCUUAUAAAUACAUUUGUUUA,0
GUAUGUAAUUGUCAUUUAUUUGCACACAGUUUUCCAAUUUC,0
AAAAAUAAAGAACAAUUUGAUUUGUUCUUAGGUUAAUAUGC,0
GUGUCCACUACUAAUUUUAUUGUUAAUAGGAAGCCAUUCUA,0
AAGAAAUUAAUCUUCCAUCCUAGAAUGAAAGCAUCAAGAGG,0
AGGGGAAUUUAUUAAGAGGAUUGACUCACACGAUCACAAGA,0
UCAAGACAAGUAUGAGUUUCUUCCUGGGCUCAACUCUGCCU,0
UUUAUGUACAGAGGAUUCCCUAAGCAUAAGUCUGUGCUUUC,0
GGGCAAUAAUGCCAAGACAGUGAUGUUUCAUCAGCAUUAAA,0
GGUUUUCUUUUUGAUAAGUUUCAAGACUUCUGUGUAUAUUU,0
GACCUCAAACUGCUGCAAUCUAAGGGUAAGACAGUAGUAAC,0
GAAGGUGGGGGCUCCACCGAUGCUCUUCGUUUGAAGAUGCA,0
GUAAUCAUGCACUUAUUUGUUCAGUCAUCUAUACAUUCAUC,0
GGGGCUUCUGCCACCCCGCAUGGCUGAGGUGGAGCUGGGGG,0
GCAGCCAACAUCUCCUGUCUUCCUUGGCAAGAAGGCCAUUU,0
UCUGGCUUUCACUCUUGUAUUUGCAUUGUGAUUGAUUGCUU,0
UUCUCAAAGUUUCUUUUCAUUUUUCUUUUCUUUUUCUUUCU,0
UAUAUAUAUGUGUGUGUGUAUAUAUAUAUGUGUAUAUAUGU,0
GGUCUAUGAACUGAAGCUGAUCUCUGAAGUGUUUCAUGAUG,0
ACUUUACUUCCCUCCUCCUCUUAACAUCUCUCUAGCCUGAG,0
GCAGGAUCAUAAUCAAGGAAUAUCUUCACCCCCAAUUACCA,0
AAUUUUGAAACACACAAAAGUAGCAUCUGUCAUUUAUCUAA,0
GGAAGGGUAGUCCCUCUUUUUGCAUGUUUUAAGUGGUCAGC,0
UCUGACUGGAGCAGCUGACAUCUCUGUUUUGAGGGCCAAUG,0
UUCCAGCAUUUGACAUAUUGUCAUAGGCUUUCCUACGGUAC,0
CCUGACCAUCCAUUAGUUUCUCUGAAUCCUAGGCCAGGUGU,0
AGCCCUGCUAUGGGCUGAAAUGUGUUCCCCCCAAAAUCCUA,0
UGGGGAUAAUAAUAGUACUUUCCUCAUAGGCAAAAUGUUGU,0
CACAAAGGAGAUCCGCGAGGUUGUCUGCUAAACCUUCUUCU,0
AACUUUUAUCAGGAAUAGUUUAUUGCUCAGGUAUAGUUUGC,0
CAUUCAGAGGAACAUUUGGAUAAGAUUCCUAGUCCUCUAAA,0
UCUCUGAUAACGAGGCAGACUACAGAGCAUGAAAGAUGAGG,0
AAAUAGGUACACUUUUACACUGUUGGUGGGACUGUAAACUA,0
ACUUUUUGCUAGUUCAGAGAUUCCAAGAGUCUGAUGAGUUA,0
AAAAAAUUCACUCUUCAGUUUCCACAACCCUACUUCAGUUU,0
GGCUCCUGACAUUCAGCUCUUAGCUCAAAAGGGUCUUCCUU,0
GCUUGGCUGCUAUAUCAUGAUUUGGUACUGUAAAUAAGUGA,0
AUAUAUUGUAUCCUUGAAAAUUGCUAAGAGAAUAGAUAUUA,0
CAUUUCAGAAACUGUGAAAGUAAGAAGACAGUGAAAUGAAA,0
CCUUUUAAGAAGUAGAAAAAUAUAAUUUUGAUUUUAAAUUU,0
AAACUAGCUGGAUGUCUGUAUUGUGAUGGGGGUGACACAAA,0
UUUUGUUUUGUUUUGUGUUUUUUUGCUAUUGAGUUUUUUAA,0
UUGCUUAUUUUCUUUUGGGAUAUUUGCUUUUUUACUUCUUG,0
UAAGCACUGAUCUAGAGGCAUUUGGGAAGUCUAAGGUGACU,0
GUGAGCAAUUCCUAUCCCUUUUAAGGGUUUAUGAUUCUAAG,0
CGGGCGGAGUGGCUCAUGCUUGUAAUCCCAACAUUUUGGGA,0
GCUGAAUUUAUGUAGAAGAGUCACAGGCAAACUGUGGCCAG,0
UAGCAUCAGAAAGUUCCAACUUAGUGCCCAACACUGUAUCU,0
AGAACCAUCUAACAUCAAACUUUAAAAGAGUUGGCCACAGU,0
UACCCAGUCCAUAGACACAUUUUUCUCCUAUUGUCCUUUUU,0
AGAUUCCAUUUGCUCUGACGUAUUUAAGGAUGUUACUUCAG,0
GAACUAGUACGUGGCAGGGCUGGACUUAAACCCAUGCCUAA,0
UAAGUGGGAGAAAUGGAGUUUGAAACUAGUUCUGUCUGACU,0
UGAAUACAUGUUAAUAGCUUUCACGGGCUUACUUCUGAUAU,0
UUUUUAAACUUUUUUCUUCUUGUGUAAUAAUCCAGAUAAGA,0
GAAUGCUUUUGAGUGACUCCUUCUAACUUGUCACAAUGGUG,0
CAUAAACUAUACAUAUUAUUUAUAUUUUGAAUGCAAAAACA,0
GAGAUCUGCAAUAACUAAUGUGAUGAGACUUCUGUUGGUGA,0
ACUGGUCUAUGUGCCUAUUUUUAUACCACCACCACGCUGUU,0
UUAGAAAUGUGACUUAAUAGUGAUCACCACAGAGACUAUCC,0
GGAAAGACCGUAUCUUCAUUUUCGUGAGUAGAAGGAAAGAU,0
CUCGGAGAGUUAGACCCAAGUCAUAGAGGGGGGCUCAGAAU,0
AUCUUGCAUCUAGUUUUUGCUGGCCACGUGAAUGCACUUGG,0
AUUUUUUUUUUGAGACGGAGUCUCACUCUGUCGCCCAGGCU,0
UUACAGCAAUAAAUACCAGUUGCUGUAACAGCAAUCUCGGU,0
CACACUCUACUGGUACCAAUUUACUGUAUUAGUCCAUUUUC,0
CUUCCCACGCUUCCCCCAAGUCCCCAAAGUCCAUUGUAUCA,0
AACCAUGGUUUGAAGUCAGCUUUCAGGGCAUUAUGUCUUGU,0
GUACAAAUGGCAAACAGGCAUAUGAAAAGGUGCUCAACACC,0
UAUUGGUAGCUAUUAGCUACUGAUCCACUCUUAGUCAAGUA,0
ACAAAUCAGCAAACUCUUCCUCUAAAAUUACACAUUAAAGG,0
ACCAACUAGACAGUUUUGUUUUGAUAGCUCCAUUAGGUACA,0
AAUGAAACAGAUUAAAUUAAUUCUAAGAGAAUAUUUUACUU,0
GGCUGGAUCUGAAUGAAUGGUGGUUAGACAAGAAACUGAGG,0
GCUGUAUCUCCAGCAAACUUUUAGAUACAUUUCCUUAGAGU,0
AUAAAGAGUUCAUGUACAAGUGGGUUCAAAAACAGUUUUAA,0
CCAGGCUAAAUGAUACCCAUUCCCUACUAAUUUCUCCACUC,0
CCCCACUGUCUUCCCCUCCAUCCUGAGCCAUUGAAGGAGGG,0
AUUUAGGGAGGACUUGCUCUUUUUCUUUUGAAAUAGUUUCA,0
AUUCCUGGAGAAGCAACUGUUAACAACAGACAGGAUCAAAA,0
UAAUAGUAAUUAUCUUUGGUUGGUGGGAUUAUAUAUCAUUU,0
GUGUGUACUAAGGUAGGUUGUAUUUAAUCUGAGAUCUGAGU,0
AGGUUCCCACAUUUCUCCCUUUUGAUCUCUGUCUCUCUGUU,0
AUGCCAACUUUUACCACUGUUAUUCAACAUAGUACUGGAAG,0
CACCACAUUUUAUCAGAUUAUUGGAACAGGUCGGAGGAUGU,0
GACCUACAUAUUUUUAAAGUUCUAAUUAGUCUUUAUCUUUU,0
CUCCCCCUACAUAAAUGGUAUGGCCUUGGAUAUGAGCAGCU,0
UAAAAAUAUUUUUAGCUAAGUUAAGAGGAAAACACAUGAAA,0
CGCAUCUAUUGCUUUGUCAAUGUUGACUAAACCUUGCAUUC,0
CAGGCAGUCAGACCUUAUGGUUGUCUUCCCUUGUUCCCUAA,0
UAUAUUGAUAGAUGUGAUGAUAUGCUGUUUGGGUUUUGUUU,0
AGCUUCUCUGACUCAUCUCUUUGGAUCUUAUCUACUUCUAC,0
UUUUUAUUAACACAUGUUUUUCUUCUUAUUUUUCACCUUUA,0
CGCUAUUUAUUCAUGAACAUUUUGAGCAUUAACUUUUUGUU,0
CGUUAGAUUGUUUCAAAGUAUUUCAAUUAAUUCAAUAUGUU,0
UAUAAUCAACCCCAUGUGCUUAUUGCCAGCUUCGACAGUGA,0
ACAGGUAAAAGUGGUACUGCUAACUUUGCCUGGAAGAACUG,0
GCAAUCUUGGCUCAUUGCAAUCUCUGCCUCCUGGGCUCUAG,0
CUUGUCACGAAUCAGAAAAAUUAUUUUUUCAUCUACUUGGA,0
GCUGAAGAGACAGCUCCAAAUAGCCAUGCUCACAGUGGACU,0
GAUAAGAACUGAUCAAUAGUUGUGUGUUGGGGGAGACAUGG,0
UGGGGGUGGUGCAAACUCCGUCAGAUGUGAGUAUGCAGGGC,0
AUCAGGGUUUCUGAUUUAAGUAUUAUACCUCUUUCUCUCUG,0
GAACCAUAUGUUAAAGUAAUUGAAUUUUUUCAUUAAUAAUU,0
AGUUUAACUGUUUCUUCAGGUUUUCAUUUCUUUAUGAAGCC,0
CCUGUUAUAAUGCCUAAAAUUUGCUUUAAAACACUACAGUA,0
CCAAGACUGCGCCAUUGCACUCCAGCCUGGGUGACAGAGUG,0
UCUGAAAUCCUAAUGAGCAGUUUUCCAAGGUGUUUAUAGGC,0
CCUGCUGCUGUAAUCGCUGUUCAAUUUCCUGUUGGGAGUCA,0
UUGGGGGAAGCCCAGUUUGCUACCUUUCUGGACAUCCUAGG,0
GGCUUUUCAGUGGGAAUUAGUCUAUUAAAAACUAUUAACAU,0
CCUUUAGUGUGUGAAAAACUUUGUUUUGUUGGUAAAGACAA,0
UGGCAUCUUGGUUGCUUCCAUGUUUGGGCAGUUGUGAAUAA,0
ACUGGAAGAAAGGGUAUCAGUGAUGGAACAUCAAAUGAAUG,0
UCCUGCUUUUCAAACAACUCUUCUGCCUUUUGUAUGGGUAU,0
AAGCAAAAGAACUCAGAAAGUUAAACUCUUCACAAGGACCC,0
CCAGCUAAUUUUUUAAAAAAUGUAUUUUAGUAGAGAUGGGC,0
UAAUCCUAAACAAUAUGUUCUUUCAUUUUCUCAGCUUCCAU,0
CCACCAGCUCCUUUAAGCACUUCUCUGUAUUGGUUAUUCUA,0
AGCCUAGAGUAAAAGGCUAUUCUCCACAAGGUGAGGUCCUU,0
AGAAAACCAAAUACUGCAUGUUCUCAUUUAUAAGUGGGAGC,0
ACAGGGACAAUUUCACUUCCUCUUUCUUUGACAAACCUGAG,0
AGGUCUUUCCUGCCUUCAUCUCUUUCCACAUACAGUUUCCU,0
CAGGGUCCUGCUCUUGCCUGUGCUUGGCAGCCACCUCUGUC,0
GAAUGCCACAGGCCACCUACUGUGUACAAGGCACUGUGCAA,0
AAAACCUUGCAAUAGUAUCAUCUAAGAGCUUGUUAGAAAUG,0
UGUGGCAUAAAGUGCUGCAUUAUUUAUUUCCUAAUAAAAAG,0
CGUCUGAUAAGGGGAAGCUGUGACGCAGACACGCACAGUAA,0
ACCUCCUCCAUGAAGCCUUCUCCGAUUUACCCCUUGGGUCC,0
AGGAGGUCACAGCACAGGACUCUUGCUGUUAAAAUCCACCC,0
GAUCAAGUUUGAUUGUAUUCUAAAUCCAUUAAUAUUAUCAU,0
UUUUGUCUGUAUUUUAAAAAUGGAUUAGAAAAUAAUGGCCA,0
ACAGUUCCCUAAAGUCUGACUCUUUCCUUCUGGAUUUGCAG,0
AAAACUUCACUGAGAAAGAAUAGUCAGAUUUCAUAUUGAAG,0
CUUGUCACUUUGAAUUUUUGUUUCCUACUUAGUAAGAAAUA,0
GCAGACCACUCACCAGUUGCUGCUUCAUAAAUUUAUAAUCC,0
GUCAUUCACAACAACACGGGUGGAACUGGAGGACAUUAUGU,0
AUCCUAACAUAUGCAUUUGGUCAAGGUUGCAGAAGAGGACU,0
CUGCCACCAUGUGAAGAAGGUCCUUGCUUUCCUGUGGCCUU,0
AUUUGCUGCCUGCUUGAGAUUAGACCUGACAAUGUUCAAUA,0
CUGGCCAAGAUGGUGAAACCUCAUCUCUACUUAAAAAAAAA,0
UGACUUAUUGAAAAUGAAAGUACACUCUGCAGUGUGGGAGC,0
UUUAGCAUUAUUUUGGGUUUUUACAGUUUCCAAGUACAGGU,0
GAUAAAACAUAGUCUUUUUUUUAGAAAGUAUUACAAUAGGC,0
CCUUGGCAAUUUAUGUCAUUUCUAGACAUAUUUUUUUCCUU,0
GCUAAAGAACAGACAGGCCAUAUCAUGAAGCAACUUGGACA,0
ACUUUCUUGUGCCUUCAGGGUCUGUUCAAGCCCCGUCUUAU,0
AACAUUGUGAUUAUGGUUCAUAAACUCCUCUUGUCUUAAGU,0
GCAGCCUCAACCUCCCAGACUCAAGUGAACCUCUCGCCUCA,0
GAUUCAUAUGUACCACACAAUAACUAACUGUGAUUUUAGCU,0
GUGUCAUUUAGCAGACACACUUUUGAAUUGGCAUAGACAAA,0
UUGUCAUUGGUUCUUAUCCUUUCUGAGCAACAAGCACCACC,0
CUGAAUUCUUAACAGCUUAAUUAGAGCUCAUAUUUUUUAAU,0
UCAGGAGAAACAUGUCCAUAUAUACGGGAUCCUUUAAAUGG,0
CACCUCCAAGCCAAAGACAGUUUAAAGCCUAAAAGACUAGG,0
AAAGAAUUCAGUAACUUAAGUCAAACAGCUUGGAAAUGGCU,0
ACUGGAUGGCUAAUCUAGCUUCCUGAUUUUGCAAAGGAAGU,0
CCAUUACUUGCUCCUGAGUAUUCAAUGUUACCUGGGGGCAG,0
UUACUAGUCAUACUGCCCCAUCAUUGUACCCAAAGAGGACC,0
GGCUGGCUCUUAAUGGUUGUUUAAUGAAAAUAAGAACUGCU,0
UAAUGGCCUUUCCAAAAAAAUGAGUAGAGUAAGCCAGCAGA,0
AUCUAUCAUUCAUGCAUUCUUAUCACAGCAGCUAAAUUGAA,0
UGAAGCUGCCCACCUUACCUUUUUUCCCCUUCCUGACAGAG,0
CCUUGAAGGUCAACAAGUCAUGUGUGCAUUUGUAAAUUAAA,0
AGAUAAAGAAAAUGAAUUUCUACUUUCCCUUAGUUUUAAGU,0
AUAAAAACUCAAUAUAGCAUUAUUUAUUUUUCCCAGCUUAC,0
CAAACAUGGGUGUGGUCAUUUUAUGGAUGUUCCGUCUUAUC,0
GGAGCAUGUUAGGCCAUUCUUGCAUUGCUAUAAAGAAAUAC,0
UAGGGUAGGAAAGGUAAUGAUCAUUAUUAGCAUUUACCAAA,0
CAUCUACCUCCUCAUGGAGCUGAACCAAAUCAAACCACUCA,0
UUUUCCACUCUCCAAUGCUGUUGCAAUCAUAUGAAAGUAAU,0
UGUACUUAUUAAAACGGAGAUAUCUUCUCCAGUGAACUGUU,0
UGACAGCACCUACCCAAGGAUGGCAACAUAGCAACCUCACU,0
CUUUGCUACAUAAAAUACACUUAACUAACUUUCUGGAUUUA,0
UUCCUCUGUCUUGCUUUGUCUUUCAUGGUUUUAAAGAGUUC,0
ACUGCUCCCUUCAAGAAUUUUGAAAUGACAUCAACCAAAGC,0
UGUUUGGGGCUGAAUUGUGUUCCUCAAAAAAUAUAUCGAAG,0
UUUCUCUGGUAAAAUGACUGUUCAUAUCUAUUGCCCAUUUU,0
AGGGACCAAAAAGAAAUGUGUGGAGAUUGAAGAGCUUCUCA,0
AUCCAGGUAUAUUUAUAGAAUCAAUAUUUUGAGAAGACACA,0
CACAGACCUGUCUUACAGCCUGAGAAUGGGAGCUCCAGAUG,0
AUUAGACUAGAAAAAAUGUGUGCAUAAAAAUUACAUAGAAU,0
CAGUAUUUAUUCCAAGGGCUUCCGUUUGGGUGAAUGCAGCC,0
CCAAUUCUGUAGUUACUUCUUUUAUUCUUUCAGGUGUUGUU,0
CCACCAUGCCCAGCUAAUUUUUUUUUUUUUUUUUUUUUUUU,0
ACCAGAACAGAACCCAGGCCUCUGCCUCUGACAUUCUGGGC,0
UGGAAGCCGUUAUAGGGUUUUAAGCAGGAAAAUAAUAUAGC,0
GCAAGUGAUAUGUAUAUUUCUAAAUAAUUUAUUACCGAAAA,0
UCCUACUAUUAGUCUUAAUUUACAGAUGAGGAAACUGAGGC,0
UCCUAUGAAACCCAAGUAACUAUUCAUGCAUAGCAAAGCUG,0
AAUGUUAUUUUAGUAAAUUAUUCUGAGUACUUUAUGUUGAA,0
CAUUAUUCAAAGUAAUAACUUUGCUUUAUGUCAAGUGAGCU,0
GAAGCUUCCCAAGGUGAUUGUAAUGUUCUGCCACAGUCAAA,0
UACCCCACAGCUGGCAGAAGUGGACUUCCUCUCCAUGCUAA,0
GCACAUAAUCCAGUUUGGGCUAAUGGGUCAACAGGAGAUGG,0
GGGAUUACAGGCUUGAGCCAUCACACCCGGCCUAAACUCUU,0
CCCAAGGCCUGUGCACAGCCUGUGUCAGGGUGGGUUACUCC,0
UGCCUUAAGGAACUCAUUGUUUAUUAGCUUUAUGGUUCUCU,0
ACUCUUUUUUAUUUUUAUUUUUUUGAGACAGGGUCUCACUC,0
AUCAUUGAUUCUGCUUGGUUUCACUGGACUAGAGAGAGAGG,0
CAUCAAGUUAGAGGCAGACGUUUACUGAGGAUUACACUGUG,0
GAUGCUCUUCAGGAUAUUUUUCAGCCACUAAAAAUGCUGCU,0
UAAUGACUCAUGAGAGCCAAUCCAACAUCUGAAGGGAAUCU,0
UUCCAGAGUAAAAAACUUUUUUCCCUGGUGACUUUUUAUAC,0
GUGUAACUUUUGGUAUAAGGUAAUGGUAGCUGUCACGACUG,0
AAAUAUUUCAGUUAUUCUAUUACUAUUUUAAAUGUGUUUUU,0
UUUUGUUUUGUUUUUGUUUGUUUCUUGGUUAGUUGUUUUUG,0
AAGCCCUUGGUUCCUUUUAUUACGUUUCUAUGAUAAUCUAG,0
ACAUGGACGCCUGCACUGGGUGAGGACCUGCCUCGUUGUCC,0
CAGAUACCAGCCAAGAGAUGUCAGGUUUUCCCAGUCUCACC,0
GACAAUGACUAGGGAACUAGUGGACCAAAAGGCAGAACAAG,0
AAAAAUAUAUAUAUUUCACUUGAUUUAUAGGUAUAAAAUCA,0
GUUUAAUUAAUUUAACUUUCUUCAAUUGAGGUUUAAAAAUU,0
UUGAGUAUUUUUUCACAUUUUUGGUGGCCAUUUGUAUAUCU,0
AUUUCUACUUUUUUUUCCAGUUAGGCAUUCAGCACGUUAUA,0
UGGUGGAGCAUGCCUGUAAUUCCAGCUACUUGGGAGGCUGA,0
UAUACAGUGAGAGAUAGGGAUCUAGUUUUAUUCUUCUGCAU,0
UCUUGGGUUUUUUUGUUUGUUUGUUUGUUUGCUUUUGUUUU,0
GGCUAACUUUGUAUUUUUAAUAGAGACAGGGUUUCACCGUG,0
CUAGAUUUGUAACCUAACCAUCAUUAGUAUCAAGUUGAUCU,0
AAUACAGAUUUUAGAAAUGUUCUUUCAGCUGAUAUCACACU,0
GGUCUGUGCAUUUUUCUUUCUGGAGAGCCUUCAUACAAAUU,0
UGGCAUAGGGUUGUCUUGGCUAUUUGAGCUCUUUUUUUGGU,0
GAAGCAGGGAAGAUUGGUAGUUUCACCUCCAACAAAUUAUU,0
CCACACAGUUAUGGGAGGAUUCAGGGAGUCCUACCUCGCUG,0
AAAUAAACUGUUUGGAUUUUUAUUGAUAUUCCAUUAAACCU,0
AGGAAGAUCUUUGAUUAUUUUUCAUGUACAAAUCUAUUUCA,0
GUGUGGGGUGGGGGUGGGGGUGGGGGUGGGGGGCAGGGGUG,0
UAUUAAGCAAAUGCCAGGCAUUGUGUUAGGUUCUGAAGCUC,0
UCUAACCGUGUAACAUGUUUUAAUUAAAUUUUCCUAACAGU,0
CUCAUUACUUCUCAUUUUAAUCCAUUAUCAAAUCCUAUACA,0
AAAUAAGCCUUAGAAACUAUUUUAAAUUUACCACUGGUCUG,0
AACUACAGAAGGCAUCAAUAUGUUUAAUGAGAGUUCCAAAA,0
AAAAACACAUGAAAAAAUGCUCAUCAUCACUGGCCACCAGA,0
UUUGCCUUUUCGCUUUAAUCUGGAACGCUUGGGGAAAAAAA,0
GACCCUACACAUUGAAUUUCUUGGCCCUCAGUGGCAUCUGU,0
CUUCUGAUGUUCGGAUAUGUUCGGGGUUUCUUCCUUCUGGU,0
AGGCUGCCCUCCCCCCAAGCUCCAGAGACUGGGGAGUGCCC,0
CUCUGCCUUCCUGGUUCAAGUGAUUCUCCUCCCUCAGCCUC,0
GGUGGGGACACAAAGUCUAAUCAUAUCAACCCCUAAAAAGA,0
UUAACUGCUCUUUCCCCCAAUUCUUUCACUGGAUCUCCUUU,0
UAAAGCAGCUGAGGAAUUGGUUUUACAAGAUUUUAAGCUGC,0
CUGACUAAUACAGUAAUACGUGGCCAUUAUAGAAAAAUUUG,0
UGUAUAUAAUUCAUUAAAUAUUCACUUACUAUGUGCCAGAG,0
CGAUUUCUUUUUAUAUGUGAUAUACAGAUGCUGGAAAGUUA,0
AAUAAAACUAUAUCUGAAUGUAAAUUUAUAGGCUCAGAAUG,0
CGCCGGCGGCCGCGCGCUGAUUGGCCGAGCCGCCGCCUCGG,0
UAACAAACAACCCUGAAAUCUCAAUGGUUUGACACAGUCAG,0
UGAGAAUAGAUAUUGGCGUGUGGUGGUCAAAUGAGAAAAAU,0
GAUACUCACCUCUUGCCUGCUACGGUGGCAUCCCCUGAGGU,0
GAAUGGCCUUACUGUGAAAAUGCUUAUGAAUAAUGCACAGA,0
AAAUAUUGCAGUUUUUCUCCUAGAAAUCAUUUGAGGGUAUU,0
AAUUCGUGUUCACAUCAGUUUGCCUAAAGUGCCUAAGAAAU,0
CCCUAUUACAUCUCUUUCAAUAGAAUCAAUUUCCAAAAUAU,0
CUCAGAGAGAUAAAGUUAAAUUUUAUUAUUCAAAGAAUCAU,0
AUAUUCCUACAAACAAUAUCUGAAAGAGUUAAGUUAGCAAA,0
CCUCGGUGCUGGUCUCAUGAUAGUGAGUGAGUUAUCGUGAG,0
UCCUCCCCUCCUCCUUCUUUUCUCCCUCACACUCCUGUCCA,0
AAUGUGAGAUAUUAAUUUAGUUUACUGUGUGUUUUGCUCUC,0
UAUAUGUUUGGAGGGGCAGGUACAUGAUUAUACUUUUAUUU,0
GGCUGAGGUGAGAGGAUGGUUUGAGCCCAGGCAGCAGAGGU,0
AGCAUUCACUUUCACAAUGUUUAUCAACAUUACCAUCUAGG,0
AGACCAGGUGCAGUGGCUCAUUCAUGUAAUCCCAACACUAC,0
AAGAAACUGAGAUUUGGAAAUAUUAAAUAAUAUUCUGAAGG,0
CAGCCUCUCUGUCCCCUUUUUUGCCCAGGCUUAGCCUCCGA,0
UGAUUGGAAGAAUUAACUGCUAAUCACUAUAGGAAAAUAGA,0
UUUUUUUGGUACUGUUUUCCUAUCUUCUUUGUUGAUCACAU,0
AAGGUUUUGAAGGUAGAAGGUAGGGUGAAUAAGAGAAGCCA,0
UUAUAAAUAAGGCUGCAUCUUAGUUCUACUAACUAGCUGUG,0
UCUUUCUUUCUUCUUCUUUUUUUUUUUUUUUUGAGACAGAG,0
GCAAACCCCAAUGGAUAACCUGGUCAGAAUCUCUGGACAAG,0
AAACAGCAAAAACAAUGUCUUCGAAUUCUUUCACGUAACUG,0
GGAAGAUGGACAUGGUGCCUUAUUACACUCAAUCCUCUUCA,0
UCUUCUUCUUGUCUCUUGUCUAUUUUCUAAGGUGCCUCUUU,0
UGAACAGGCCCAGACCUCCUUCCCUUGAGGGCUUUAAUCCG,0
UUCUGCAGUCUCAUCUGUGUUUGAUCUUUCAUAGUAAACUC,0
CAGCCUCCAAUCCACGUUCUUGAGCGUCUCUUUCUCUCCCC,0
UAGGUGUAUUCACUGCAUUUUUGACUUAAUGAUAUUUUCAA,0
GAUGGUGCUUAAAUUUGGGCUAGACCAGUGGGUCUUGGUCA,0
GUACACUCUUACUCAUCUGUUCCAGAAGGCUACUAAUAAAG,0
AACAGCAUUCAUCAAUGUGCUGUCUUAGGUCAGGAUCAACU,0
AAGCAUCCCAUUUAGUUGUUUAUGGAAACUGCUUAGCUGAG,0
AGCAGCUAUAGAGACCCUAUUUAUUAAGUGUCUACAAUAUG,0
UAUGAAAGUUUCACUGUCUUUGUUAACCAGGAAGAAGAAUU,0
CCCAGCAGUGCAUAUUUAUCUCACCCUUUCCUAGGGAAGUA,0
AAAUCAAGUAGUGAAGGGAUUUCUAAAGUUUGAACUUUAUG,0
CUGGGAAAAAAGCCCUAUGAUCACAGUGAAUCCCACAUCAU,0
UAUUACAAGGUUACAGUUUGUCCACAAGUACUCAAAUAUAG,0
CUAGCUUCCCACUUUCUCUGUGAUUCAAAGGCCUUCGAAGG,0
UUCAUAUAUACAAAGAAUAUUCUUUCAUAAUCUGCUUUUUA,0
UGAGACUAUGCUGAGUCAGAUCUGAAGCCAGCACAGCACUU,0
GGGCCUUUUUUACUCAAGUGUUGUGGGUCCAUCCUUUUUCA,0
GGAGGCUGAGGAUAAAGUUUUAAUGAAUUAAUUUUCUAGCU,0
ACUAGGUACUUGCACCGUAGUGCGAGUAGUGCAAGACUACU,0
AGGGGAGAACAGGUCUCCUCUGUGUGUGCAGGAAGUCCCUA,0
AAAGGAGCCAGGCAAACAUAUUUGUUACAUCUAAACUUUAG,0
GCCUCGGCCUCCUAAAGUGCUGGGAUUACAGGCAUGAGUCA,0
AAUAAUUAAAUUAUUAGGAGUUCUGUAAGUAAACUCUGAAC,0
UCUCCCAUUUCUGAUCUCUCUGUGCCAGCCCAAUCUGUCUG,0
AAGAUCCCAGAGGGCAGAGAUAGCCUCACAACCAACAUUUU,0
CAUCCAGUCCCAAGGUACUUUAAGCUACUUAAAAGUUACAU,0
UCUUAUGUUGGGCAUUUCGUUGCUCAUUUCAAUCUUUCCUU,0
CAAUUUUUCAAAAAACUAUUUCAUUUAUCCAAACUCUGAGA,0
CGGGAGGUCCAAUAUCAAGAUGCUGGCAUCUUGUGAGUGUC,0
UCGAGGCACUGGUGGGAGGGUGUUAGGCAGAGGGUAGCGAC,0
CCCCAGAUGAGAAGGAGCGCUCUCCGGAGAUGCAUCGCGUC,0
AGUAUUUAGGCUUUUUUUCAUCAAAUAUGAAUACCUAGCCC,0
AGCUGACUACUUGCCUUUCUUCUGUAGAGUACUCCUCUCUG,0
AGGUCCCUUGGCUUCUGCUUUAUGGUAGUGCUGGAUUAAUG,0
GCCUUUUGCUUCCUCCCUUUUUACCUUUCGUUAGCAUUUCC,0
AUCCUCCGGCUUUGGCCUCCUGAGUGGUUGGGACCAGAAGU,0
AAUCCUUUUUAUGUUGCCCAUUUUUAUGUGAAAAUUAUUUU,0
AUGCUGUAGCAGGCAAGUUAUAACAGGCUUUGAUCUUUUUA,0
UUUCCACUGCUCAUCCAUCAUGCUGCCCUGCACAAGUCACA,0
GGCUGAGGUGUGAGAAUUGCUUGAGCCCAAGAAUUCAAGGA,0
AGGAGGCUGAGGCAGGAGAAUCGCUUGAACCCGGGAGGCGG,0
GGUCUUUGGACAGGACACACUGAGGCCAAAUUUUCAGAGUG,0
AGUGACAGAGUAAAACUCUAUCUUAAAAAACGAAAAAAGAC,0
UCUUAUACUUACAGAGACUCUGGCAGUUAUAGUUUGGAUUC,0
ACUUGCCACUUACUUAACAGUCUGUAGCUAGGAUAAAGUCU,0
UGUAUGACAAUAUGCUUAGAUACGUAAUUUUCUGCUUUUUA,0
UUUAUUGUUUAAAUAAUGUUUAAAUAUUUUUAAAUAUUUUU,0
CCAGAAGGAGAGAUUUCCAUUAUAGUCAUUUAAAAUUUUUC,0
UAUUUAACAAAAGUCACUAAUAAAUAUGAAAAGGGCACUUU,0
CUUACUAGAUUUAGAAGGUGUGAGGUUGUCAAAGAUCAAGG,0
GUAUUUGUGUGCCUUCUAGGUAGUACCAUCUAAACAUAAUG,0
CUUGUUUUUACUUUUUACCAUUCACAUUAUGAGUUGGCUUG,0
CUCUUGCUUUUCUAGUUCUUUUAAUUGUGAUGUUAGGGUGU,0
CCUAAUUUAUUGAGAGUUUUUAGCAUGAAGUGUUGUUGAAU,0
UUGUAGUGAAAUAUUUAAAUUUCUUUCUAAUUUCUUUCUGC,0
CAGAUAUUAGCAUGGCUCUGUAUGUGUGUUCAUAUCUGUAU,0
UUUCAUAAUUGUGCACUGCUUCUUCAUACUGUUUGGUGUUC,0
CAUAAUUCAUAACUCUAUACUAUCUAGUUUCUAUCUAUUCC,0
AUUUUUGGUAGAGACAGGGUUUCGCCAUGUUGGCCAGGCUG,0
UGUGGGUUUGGAAUUUUCUGUGGUGUCUUUAAUCCUCAAAG,0
AUUCAUGGAAAAAGACUGUAUAUGACCCUUGAAAAUAAAGC,0
AAUCCCCAAGCCUCACCCCCUAUAUCAAUCCCCUGCUUUGC,0
UAGUAGAAUAGAAAGGCAAUUUGUGGACUAAAAAGAUAUUA,0
CAUGGAAGAGAGCUAAGUUGUCCUACUAAGGCCGGCCUAGG,0
UAUCAUCUUGUGGAUGUCUGUCCCAGUAAAGAACUUAGACU,0
UCAACAAUUGGUUUUCUCUGUAAUAUUGUUAUAUUAAGAAU,0
AAUAAACAUAGCACCUCGGCUUCUGCUUUGUUACCUCCUUA,0
GUUCUUUUUUUUUUUUUUUUUUUUUUUUUUGAGACGGAGUU,0
AGAAAUCUACUGAUUGUAUCUUCUCUAUCACUAUUUUUACU,0
AUGGCAAAAGUGACCAAUUAUGGCUGGGUGUAGUGGCUCAU,0
CACUUUCUUAGCAUCUAUUCUCUCCUUAUCAACUUUGAGAG,0
GAGAGUAUCCUGGAUGAUCUUUAUGGGCCCAAUGUGAUCAC,0
CAGUGAAGUGUUUACUCAAAUCUCUUCCCUAUUUUAAAAAU,0
CGUUGCUGCAAAUAACAGGCUUUUAUUCCUUUUUACGUCCA,0
UGACCUUUGAUUGGUAUGCAUUGUGAAGCAGGCAUUCACUG,0
GUCAGAUUUAGUCUAGGACUUGAAGGAUAGGUAUAACUGAG,0
GUGAGCCAAGAUCGCGCCACUGCACUCCAGCCUGGGCAAAA,0
UUUAAUGGGGUUAUUUGUUUUUUUCUUGUUGAUUUGUUUAA,0
UUCCCUCCUGUUUGUGAAUAUUUCUUAGAAAAAUAGGGGAU,0
GCCUUGAAAAGACUUGUACUUUUCUCUUGGAGAAGCUAUCA,0
ACUGUCAAAGGUUUUUUUUUUUUUUAUACUUUAAGUUUUAG,0
UACUUGAGAUUGGUAAUUUAUAAAAGAGGUUUAAUACAGUU,0
UAAUAUCACACAUUAAUCAUUUGGCAAAUACCAGCUCACUG,0
UCUUCUUUGCUACUUGGAAAUUUCAGUAGUCCAGUUUCCCA,0
UCUUUUAUCCCUUCUUUUCUUCCUCAUACAACUAUUUAAUA,0
GGGACAUGAUAGCUUUUGUCUCUUUUGGAAAAUAUCAGCCC,0
UAUUUUCUAGUGAUACUUUAUGAAUCUUAAGGAUCUUUUAU,0
GUCUUGUCUGUAUGAUACCUUCUUUAUUAAGAUCACAAUGA,0
AUAUUGCAUAUGUUAUAGGCUGAAUUGUGGCCUUUCCCCAA,0
AUCUCUCUAGGAUGCAGUUUUGAAUUCUACACUUUUACUUA,0
UAUGAGGAGGAAGUUCUUCCUGAUGUCCAGCCUGCCUUCCU,0
UAAACUCCAGAUUCCACCUUUUCCCUGAGGAUAGAAGUAAU,0
CGAGCAUGGUGGCGGGCGCCUGUAGUCCCAGCUACUUGGGA,0
ACUGAGAGAUUCUUCUAAAUUUUUAUCAAUUUACAGUCCAC,0
GUUUAAUUAAAUCCCAUUUGUCAAUUUUUAUUUUUGUUACA,0
AGAGAUUCUGUGUAUGAACAUAUUGGCUAAAUUUAAAGGGG,0
CCCCUAGAUGGGAACAAGGGUACAUUUUGGAAAAGACUCAG,0
UUACCCUUGGAUUUAGUUUGUUCUUCUUUUUCUAGUUCCUU,0
UGUAAAAAAUUCAUUAAAUAUUCCAAAUAAAGUUAUCCCAU,0
UAAUGUAUUGUUGAAUUCAGUUUGCUAGUAUUUUGUUGAGG,0
AAGCAUUAAUUUUCUUCAUCUGUAAACCUGAUAAAUAAUGA,0
UUGUUUCAGGCCAGAAGCCAUUACCUUCCCGGAGAGAGAAG,0
UUGUGUUUGUUUUCCUUAUAUAAGAGUCACACUUUUCUGUU,0
UUAAUCGUGAGCUACUUGAAUGGCUACCUGCUGUUGUAGUA,0
AAAUGUUAAGAUCUGCCAAUUUUUCUAAAUUUGGAUUUUUU,0
AAGAACUGAGUUGUAAGCCAUUGUAAGUUAGAUCAAGAAAA,0
AGAGGCCAGCAGUGGUCAAAUCCAGUAGGAUCUUGUGAGCU,0
GCUCUAGAGACUUGCAGGACUUACCUCGGUGAUUUGAGGGU,0
UUCUCAACAUUUUCACUUGAUAUUCGUCAUUUUAAACUUGA,0
GUGACCCAAGCCCUCUGCCUUUCCUUUAUCCUUUCAGACCC,0
GUAUAUUAUCAUGAAAUAUUUGUGAAAUUUCUCACCAUGAA,0
AUCAUCAAUUUCAAACCUCUUGGUGUACUUUCCAUAAAAUA,0
GAUGUGGAAGUGGGGUAAGGUUUGGGGAAAGCAGGAGGAGG,0
GGGGGCUCAGCAGCCUCCUCUAGCCUCUGAUGCCUUCCCUC,0
UUGGUGCUUAAAAACAAGGGUCAGAGAUUAACUCUCUAAUU,0
UGAUUUUAUCUUUAUGUUAAUUACUCAUAUGAUUUCAGACU,0
UUUAUUUCCUUAGCUUUCCUUCCUUAUCUUCUAUCUCUCUU,0
ACAAACGACAUGGUUUAAAAUAUCAGAAAUUUAUUUUCUCA,0
UGCUGCCUCUUGUCCUUUCUUCUCCAGCCAAGUUGGGGGUG,0
AUUUUUUGAGGAGUUUCUAUUCUCUCUGAAAAUUUUGAAUU,0
UCAUGGCUGUAUCCUCAGCAUCUAGAACAACGGCUAGCACA,0
CCUGGAGAGGCUGGGCGAGGUAGGCCACCCCAGGCCAGAGG,0
GUUAAGUGAGCCUGUUGAAUUACCUUUAUUAUGGUGUGUCC,0
CCUCUCUCCCUUCUCUUCCCUCCCAGCCCUCCUCUCCUUUC,0
CAUUAAUAAACAUUUAUUUCUCUAUACAGCAUCCCAUGCAC,0
GAGACUGUUUUGCUAUUACAUAGCCCAUAAAAAGCAAUGUU,0
GUUUGUUUUAGAUCUGGAGUUAAAAACAUUUGAUUCUUACU,0
GUGGUGUUAUCUGUGCUCACUGCAAACUCUGCCUCCCAGGU,0
GCUGACACUACCACAGGGAUUUUCUUCACCUGGAAUCUGAA,0
UUUAAUGGCCCAGCAUACGGUCUAUCUUGGUGACUGUUCCA,0
AACAAUAGAAACUUAAACCUUCAAUUUUUGAAAAACUUCAG,0
UAAACUGCAAUGAGGACAGGUAGUGGGUGCUAAGAGUCCAG,0
UAGUUGACUGAUAGAAUUUCUGUGUGUGCAUUGAACCAAGG,0
UCAUGUAGGGAUGGGAUAGAUGAGACUUUGGUUAUGAAUUU,0
CUUCAUGAAUUUGUGUGUCAUCCUUACGCAGGGGCCAUGCU,0
AGACUCAUAAUACAAAUAUCUGAGAACUUUUCAUCAUUUAU,0
AUACCUAACUCUUCAAUGCCUAGGCACCAAAGAACAUCUCC,0
AAGUUCUAUGUCUUUGGACCUCAAUUUUCUAUUAAUAGGGA,0
UCUUUCUUUCUUUCUUUUUUUUUUUAGAUGAAGUAUCAAUC,0
CAUUAAUAGCAUGUAAGUCAUGCAAAAGUCUCCAUAUACCA,0
AGGUUCUUAUAAAAAAUAAUUCUUCUCUGCUUACCUUUUCC,0
UUGCCUGCUCUUUGACCUCAUCUCCCACCCCUCUCUACUUU,0
UGUCACAUUGACCAGAACAGUGGAGCUGAAGAAGCUGAGGU,0
CCCUAAUUUUGUGUCCCCAUUUUUAACUUAGGAUGAACGAG,0
UAACUUGUACUUUGAAUGAAUCUUUUACUUCAUGUGUGAUU,0
UUAAUUGUAUCUCUAUACAUUAAAAAUGAACAAUCAGAAAA,0
CAUUGGAGUGCGGAUACAGCUUUGACAUACUACUGAUUCCA,0
UAGGAAAAUCACCCUGUUCAUGAGGCCCAGAAGCAGUCACA,0
UGCCUUUCUCUUUCUCCUCCUGUUUGCAGUCUUUUCGCCUC,0
AAAUACAAAACAGUUUCAUGUGCUAAAAUACGAAGCAAAAA,0
CUGGGAGAGAUUUCUGAUACUGUAUUAGUUCAUUUUGCACU,0
UGAACCAUGCACAUUGGUGGUCUCAAUGUAAUAGGAAUAUU,0
AAAAAAAAAGCAACACAAUUUCCUACUGUGUUAAGUGUUGC,0
AUCUGGGUCAGAAAGUAAAGUUGCCCUUCUGGAGCACGGAG,0
CCUGGGUGACAGAGCAACACUCCGUCUCGGGGGAAAAAGAA,0
UAGAUAUAAAAAGUAUUAAUUAAUGAGAUAUUUUACAUUUC,0
CACUAUGCAAAAUAUCAAUGUAACAAAACUGCACUGUACCC,0
UUGCAUAACCUCACCAAGCAUGCAAGUCUAUGUUUCUUCAU,0
UCUACAGUCUCUAUCCAUUUUGAAAUAAUGUAAACUCCCAA,0
AUGGGGCUGUCUGGACCCUCUGGCAUUUUCUUCAAUUCUGC,0
CUUUUAAGCACUCCUUUUAGUUAUCCCCACCUGCCCAGUUC,0
ACUUUGGAUUAGUCAAAAAUUCUUUAGAUUUAGCAGCAAAA,0
CAAUCCCCUCCCAUUUCCAAUCCACAGGCUAACUCUUCAUA,0
AUGUAGCAUUAUUUCUCAUGUUUGUAGCUUUGCACAUGCCU,0
AUCUUGCAAAACUGAAACUCUGUACCCAUGGAAAAUAAUGU,0
UCCCAAGAAAGAGCCUGAUCUGGAAGGGGAGUUCUUCCACC,0
UCCUUUUUUUUUUUUUCUUUUUUUUGAGAUGGAGUCUCACU,0
ACUCUUCCUAUAUGAUGUUUUGAUAAGAUAUUUGACUUUUA,0
UCAUAAUGAAACAACAUGAAUUAAAUGUUUGACUAUACAUU,0
AAAAGCAGUCCCAAAAAGCUUAUUGAAUUUUAUUGGGCCAC,0
AUUAUUGUAUAUUGUUGUACUAUAACUUUUUUUGACAGGGU,0
GUUGAAUUUUGUCAAAGGCCUUUUCUGCACCUAAUGAGAUA,0
AAGAUUAAAUCACCCACGGUUUUUCUUUUAUUUUUCUGCAU,0
GGCAGUUUCCAUUAUUAUCAUUUCUGGUUUACAAACGAACA,0
UCACCUGUGUUUCUAUGACUUGGGGUUCCACCACUUCCUCC,0
ACAAAAAAAUUAACAUCCAUUUAUUGACGGUAUUAUAUUGC,0
GGUCUGCUGCCAAACAUGUUUAUCUAAGAUCAUUGUCUGCA,0
UUAGGAUUUGAUUUAUUAUUUCUGUUGUCUUAUCAGGUAAA,0
GUUCUGGCAGCGGGAAUAACUGUGCUUCUCUUUGAGCAGCG,0
CUACUAUUACAGUAUUAAAAUAUUCUGUUUGUUUAUCUUUU,0
AAAGAGGCACUAAAAUAUAAUUGCUGCCUUAUACAGGUUAU,0
UCUUAUACAAGUGUUUUUGUUGACACAUAUAUUCCUUUCUC,0
UAGCUACUGAGCACCUAAAAUGUGGCUAGUAAAAGUGAGAG,0
GGGCUGGUAAAGACUGCGGGUUGCCAAACAUAACUAGAAAC,0
AUAGUAACAUCUUACACAGUUCCACGGAGGUCUCUCAAGUG,0
AAAAUGUUUUUCUCUCUCUCUUUCUCUUUUUCUGUGUUCCU,0
UAAAUACAGACUAGAGAGGAUUAUGUACUUUUCAAAUUGGA,0
ACAAGCUAUAGAGCUUGUCUUUUACCUUCAGUGCCAAUUUA,0
AGGUAUUUUCUUUCAGACUUUAUGGUGAAAAUUAUUAGUCU,0
GAGCCACAUGACACAGCUAGUAAAUCUUUGAGUCCUGACUC,0
CUUUUGACUACAUUGGCAGCUCGAGGAUGGUCUACGAUAUG,0
AGCCUCCCGAGUAGCUGGGAUUACAGGCGCCCGCCACUACA,0
CCGCACCUAGAAUUAGUAUCUGGUAUGUCAUAGGCACCCAA,0
UGCAUAAACUUAUUUAGUGCUCACAAUAAUCCUAUGAGACA,0
CAAUCCAUGUAUGUGUAUUUUGUUUUCCUACAGAUUUGAAG,0
UAUUUACCUGCUUUAUAUAUUAAUUUUCUAGUGCUGCUUUU,0
GAAUGAAGGCGUUGGACUGGUCGAUCUCAAAGGUGCUUUCA,0
AACUAAUUUUUUUGUAUUUUUAGUAGAGAUGGGGUUUCACC,0
UUUGUGCUCUCUUCAAUUUUUUCAUCAGUAUUUAAUAGUUU,0
AAAAGUUAGAAACAAUGCCCUAAAUGCUCGCAAAGAGUUGU,0
CAUCUUGCUCAGGAGUCAAUUCUGAUAUCCACAAGACUCCA,0
UGUUUUUUUUUUUUUGCUGUUUUGUCCUGUGUCAGUUUUCU,0
GAAGAAUAUAAGAUGAUUUCUUUUUUUUUUUUUUUUUUUUU,0
CUUUGGGAGGCCGAGGCUGGUGGAUCACGAGGUCAGGAGUU,0
GCAGCCUAAGUCAGGACAGCUCCACAGCAGCCCCUACCCAU,0
UUGGGGGUUUUGUUUUUAUCUCUGAUUUUUAAAGAGACUGA,0
UGGCAAGAGUAAAGGUUAUCUGGCAAAACCAAACAAAUUGG,0
CCAACAUGGUGAAACCCCCGUCUCUACUAAAAAAAAAUACA,0
AAAUGAUCAGCCUAUCUCUCUGAUGGCCAUUCAUAAAAGAA,0
GGAUACUUGAAUUCUCUCUUUAUCCCUGAAGCUUCAUAAGU,0
GUUUUGCUUUGUUUUGUUAUUGAUUUAUCUGAUACAAGUAU,0
CUUUUUUUUUUUCACUGUAAUAAAGUCACACCUACUUUCAA,0
GUAAUCAAUCAAAUGUGUUGUAUUUGUCUUACUUCCAUAUU,0
UGGCCAACAUGGCAAAACCCUGUCUGUAGUAAAAAUGCAAA,0
CAUUUUUAGGCUGGGCACACUGGCUCACACCUGUAAUCCCA,0
GGGAGUGUGUACAGUAAGAGUUAAAGUGAAUCUAUGGGGAC,0
CCUGUUGGUUUACCUUCACCUCAGAACUACAAGAAUAUUAC,0
UAAGAGAAAUAUGACAUAGUUGACUCCGUCUUUCUUCUAAC,0
UUAGAAUAUAAUAAGGCCUUUUUUGGUGGAGGAGGGGCAUU,0
AUCCAUAGCACAGUAAUCUGUUUAAUCAUCUCUUACAAAAU,0
UUUUUUUUUUUGAGACAGAGUCUCGCUCUGUUGCCCAGGCU,0
CACUCAUGCACACACGCACAUAUAUUCUCUAUCUCCCCAUC,0
GGUGACCACAGAAUUCAUCCUCCGACUGGGAUGCUUGGGAG,0
UGAGUCAACCACUUUAAAAAUAUUAAUUCCCACUUGCUUCA,0
GAAGCCAUUCUUGGUUUUAUUUUUGAUGCAUGGGGAAAUUU,0
UAAAUACUCUGUGUGUAUUUUUUAUUUUGCAUGAAAUAUGU,0
ACAGAAGGCAGGCAGCCUGCUAUGUCAGGCUUUUAUUAUGU,0
AUUUGCUCAAUGUCACAUGCUAGUAAGAGGGCAGUCAAGAC,0
GUGGGGUUUUUUGGUUGUUGUUGUUUUGUUUUGUUUUGUUU,0
AAAAGUAAUGGCAAAAACCAUGAUUACUUUUGCACCAACCU,0
CAUCGGAUCUCAAGUGUGUGUGUCCUAUGGGCUAUUCUAUA,0
AGAACGACAGCAGUAAAGGGUCUUUAGGAAGAGGAGGUGGA,0
CCUUCAGGAGAAAAUGGAAAUCUGGAGUAUUAUAUGAAUUU,0
UUUUCAAAUUUUAUUUUUGUUAUUGUUUAAUCUUUGUAACU,0
CCCGGCUAAUUUUUUAAAAUUUUUGUAGAGACGGUGUUUUG,0
GCCAAUGUAAAUCCUAAAUUUGGGUUUACUAAGUUAAAAUG,0
GCUUCCUCUUUUCUCUUCCCUUCCACAUUUGAUUCAGGUAU,0
UUUACAGAGAAUCAUUGCAGUUUGCUGUAAGAGACAGGGCU,0
AAGAUCAAUGAGUCAGCAGGUUUGCUUUCUCCAGAGGCCUC,0
AUUAAUUCUGUUAUUAAUUCUCAACUUUCCCUUUUCAAAUU,0
CGGGUUCCCAUAAUUUGCACUUGCAAAAAUUCUUUGAAAAG,0
UAUGAGGUUAUAGUUUGUCCUUUCAUGGAUUUUAAAAAAAA,0
GUUUAGGAAUUUUUUCUAAAUUGCAAAGUUGUCAACGAUUU,0
UAAGUACAUUGAGAAAACUUUACUACUAGAUGUUCAAGAUG,0
ACCUCUGCCCACAAAGGUCCUCUUGCCAGCAGUUGGCUCCA,0
ACUAAUCUAACCUCUAUUAAUAAGACUUUAACUCAGAAAGA,0
UUUCCUUUUGCAUGCCUUCCUGCACUAGAAAAGGUUUUAUU,0
UCCAGGAAGAGGUUCCCACCUGGAACCAAAAAAAAACCUCA,0
AUAUCACCCUUUAAAGAAAGUCUGGGCCGUGAUUUCCAACA,0
GCACUGACGGGUUAAAUCACUUGCCCAAGUUCAGGAAGACA,0
CUCACCCGGGACUGCCUGGGUUCCCCCAGCACCGCCACCUC,0
AUUUUUUCUCCUCUAAAAGUUUUAUUGUUUUUCUUUCACAU,0
GGAUGCAACAAGAGAGAUGUUGGGUUGAUGAUUUUUAUAGA,0
ACUCCUGCUAAUAUGCAGUGUGAAAAAGACAGAAGAAGUGG,0
AGAGGUGGCUCUAGGCCUAAUCCCUCUACCACUUAACUGGU,0
AAGUUUGACUGACAUAAAAGUAAAAUGUAGGCUGGGCGCAG,0
AGUCUCAUUGUAGAUAAUAAUUGCCUUAAUCUUUGCAUAUU,0
AUAGUACCUGAUAGGCAGCCUUGAACCCACACCCCCUUCCC,0
GGGUGUCUUGCUUCCUCUGAUUCCCAGGGGAUAUCUGGCAA,0
CAAAACACAAAUUGUUCUAUUAUAAAGACACAUGCACGUGU,0
AGAAUCUAAGAGAACCUUAGUAAUUAUCUGUUCACCUCCUU,0
ACAAUGGGAUUUUCUAAAUAUACAAUCAUGUCAUUUGCAAA,0
UGAGAAUUGCUUGUAGUAAUUUAGGAUGGAGGUUAGAAAUA,0
GGGUGUUCUUAGAAUUACUAUUGCAGGAGAUUUUGAUAGGU,0
GUAGUACCCUCUAUCUGUGCUUUCAAGUUCCAUGGUUUCAA,0
GAUUUUGGACUGAAGUAUAAUCCAACUAUUCCGAAAUCUGA,0
AUUUGUCAGUGUAGAUAAGCUCAGUACACCUAACAGGUAGA,0
CAGCUUGAUGAGCCCCGGUGUGUCCCAGGUACACCCCUGCA,0
GAGUGGCCCCGCCGCCGUCCUGAACUUUCUCGGGAGGGGAA,0
UAAUGCUGCUUAAUAGAACUUUCUGUGAUGAUUGAGAUGUA,0
UUAUAUAUAUAUAUAUUUGGUCAAUAGUUGGGGAAAACUGA,0
UAACAUCAAGGAUGCUGCCCUGCCCAGGACCAACACCCAGC,0
AGCAUCCAUAAGCUAUUUUUUUGUUCCUGCUUAUCAAAUCU,0
UGAUAUAUGUAAAUCAGAUAUUAUGAUCACUUAAUUUAUAA,0
UGUUUAGGAAUCCUAGUGAUUUUUGUGCACUGAUUUGGAUA,0
GCCAUAUGAGAUUCCCUACGUGCUGGGGGGGAGAUAACUGC,0
UGGACAAUUGGCCCAGCCACUCUGUGACUCCACACAGCCUA,0
AGGACACAAGUUAAUGUACAUAUAUUAUCUUAUUUAAUUCU,0
UAGGAACAGGCUUGUACAAGUUUGGAGAUUUGACUCCCACU,0
ACUCUACCACACCCCCUUUCUGGGGGACUCUCAAAUUCGGC,0
UUCUGCAAUAAACAUGGGGGUGCAGGUAACCCUUUGGUAUA,0
GGCAGAAGGAGAAAAAGAUCUGGAGGGAGGGGGCGAGAGCC,0
CACAUUUGUCUUUGUUUAUAUGUUGCAAUUAAAAGGCUAUU,0
CAAAUGCUUUAUUUAUUAUUUUAAUUCUUUCUUCUUUGUUU,0
UCUUGGGCUGGACUUGGUCCUGGCACCUCUACCUCACAGCC,0
ACAAUAGGGACAGCAAGCAGUAUGAGCUUUAUUCACAUCUC,0
UAGUUCUGGAUGGGGAUUCCUAUGAGAAAGCAGUGAAAACA,0
UUAAUCCUGAAUUUAUAGAAUCGUUACACAUCUAGAGGAAU,0
UGACUAAGAAAAGCUUGGAGUCUAAUGCAAGUUCAGGAAUA,0
CAUAAAAAUAAAAAUAAAAAUCUGAACAGAUGCAGUGGCUC,0
AGCUGAGUGACCUGUUCAUAUUUUUGCUUUAGAAAGAUUAC,0
UCUCACUCUGUCACCCAGGCUGGAGUACAGUAGUGUAAUCU,0
CCACGUACUCUGAGGUCCCUUCCAGAGCAGGCAUUCUAUGA,0
GAAGUGCAAGAUAAUAUAUGUAAUCUUAUUGGUAUUAUUUG,0
GUGGAUGAUAUGAUUCUAUAUUUAGAAAACCCCAUCAUCUC,0
UUACUGGGUCUCUUUUUUUUUUUUUUUUUUUUUUUUUGAGA,0
ACCAGUUGGUCCAGCCUCAUUGCCCACUGUAUGUACUUUCU,0
CCAGCCGUUUCCAUACGUGUUCUGAAAUCUAGGUGGUGGUU,0
GAGAUAGAGGAAAGGGUUGGUCAGGUGAAGUGGCACACACC,0
UAGGGGUUCAGGACCACAUAUGGGCUCUGUUACAUAUUCUU,0
AAGGUUGAUUUUCAUUUUUAUUUUUUUGACAGGGUAUUGCU,0
GCUACAUGUCCCUGACUUUUUGACCAUCCACACUCACAUCU,0
GCAUCUCCAAAAAGUGCUGUUAUCAGGGAUAACAGCACUUA,0
CUGGGAUCCUGGGCAUUUUGUAAAUCUCUGUGCUAGCAGGA,0
AAAUGUAUAAAGAUAUAAUUUGUGUUAAUAGCAGCAUAAAG,0
ACCAGGGUUUGUGUCUUGUUUCGUUUGCUGCUGUAUAAAAA,0
CCCACCAUGUCUUUCAUUCAUGUCCCUCUUUUAUGUUGACU,0
CCAUUUUCUCAUUUUGUUCUUGCCUCCUUAAAAUUCUUCAA,0
CUAAAUUAUUUACCAUGAACUUUUUGGUAACUAAAGAAACC,0
ACAAAGUUACUUGACCUUUUUCAGUUUCAGAUUUCUCACCU,0
CUGAAAAAGCCACAGAAAUUUGUAUAGUUAAAAAAAUAUAU,0
GUGACUUUGGUUCCCUGUAUUUGCUCCAUAGACUCAUGCUU,0
AACAUUAAUUGGGUUCUUACUAUAUCAUGAUAUGUAUUUUC,0
UACUGUGGUAAUUAAAUUUCUUUCUUUCUAUUUUUUUUAAG,0
GAAAAAUGCUCAUAAAACCCUAGUCACUCUAAGACCUUACU,0
GAGAUUGAGACCAUCCUGGCUAACACGGUGAAACCCUGUCU,0
GGUCCACAAGAGGUCCUUGCUUUUAUGGCUUGGCCUUACCU,0
UGUGGGGCCCACACCCACCUUUCCUGGCCACACGGUCCCCA,0
AGAUACUUUAUAGAUUUGCCUUACAAGAAUGGAAGGGAGGG,0
AUUAGCAAGAUCCCUGGUGGUAGUCUGUUACAUAAUGUUAG,0
AGUUUGGGUUGAGUUAAAAGUCUACAGUUGAGGUAGUAAGG,0
AUUACAUGUUUAGUUCAUUGUGCAUAUAGCUAUUCUUAUUU,0
UGAAAUCACCCCCAGGCCAUUCUUCUUAUGACACCUAUGUG,0
GUGAUCUGCCCGCCUUGGCCUCUCAAAGUGCUGGGAUUACA,0
UGUGAAAAGAAAACGAAGUUUUUUUGCAUGUGAAACCUAAA,0
CAUGUUGGCCACGUUGGUCUUGAACUCCUGACCUCAAGCAA,0
GCGACAUAAUGAAACCAUAUUGUGUAGGUCGGGGUACCGGA,0
ACUUGAAAAAAAUAUGCUACUUUCAUCUGGCUUCUGUGGUU,0
AUAAAUAUAGCUGUUUAAGGUUUCUGAUUUAACUGCUUAUC,0
GAGUAUUUGUGUACUUUUGAUGUUAACUAACUAUAAUGUUU,0
AGGUUUGCCUUUCUGCCUCCUCACCCCCCCACCCCCCAGGC,0
UUUCAUCCCCUUAAGCACGUUUAUAAGCAAUUCCCUUCAUU,0
GGAGAAUUUCACCAAGUUUUUUUGUAGCAGUUUCAUAGUUU,0
CUAAAUUGACUUAGCAGGGCUCUUUGCUAAAACUGGAUUUU,0
UAGAUGAUAACACUUAAUUUUAAUGUAGGUGUUCAAGGAAU,0
CCACCAUGCCUGGCUAAUUUUAGUAUUUUUAGUAGUGACAG,0
GUGGUUGGGAGUCAAACCUGUCGAUAUCUCUGAGGUAUACC,0
AGUAAUAUAACUAAACUUAAUGAGGCAGAAGAAAGGGGAGA,0
ACCCGAAGUUUCGAUCUGCCUUCUGUAGAUUGUGGUUACAA,0
CAUUUAUUAAUGCGUUCAAUUAUUUAUUUAUAUUAUUGUGG,0
UUUUUGUUUUUAAUUCUGUUUAUAUGGUGUAUCACAUGUAU,0
GUCUUCCAAUAAGAGAUAAUUGGUCACAUUUUCAGGUGCAU,0
AAAAUCCCUGCCAGGUCAUCUGGAGCUGAGAAAGUCACAGA,0
AGGGCCCCAGUGCUGUGUCCUUGGCCUCCUCUUCUCUCUCC,0
AAGUUGGCCAUCCUUGAUCUUGGAACCCUCAGCAUCCAGAA,0
CAUUGCCACUCCUUUAUAGGUUAUCCUGGAACCAACUGUCU,0
UGUACUUAAAGAUGUAGAAUUAUAACAGAUUUUUUAAAGGU,0
AUCAAAGAUAGACAAUGCUUUUGUUACUCUGCAUUUUACCA,0
ACUUGACUGCUUACCAUUCUUUAAACAGACUACUAGCUAAC,0
AUUGAAAAAGAAUAGCAAGCUUUUUCAGAGAUAUGACAAAC,0
GGUUAUUUACGCACACUGGCUCAUGUAUUUCUUUCCUCAAA,0
CCAGGAACCAUGCCAAGUACUUGGAAUACGAAGGAAGUCAU,0
CAAGCACAGAGAUAAAUUUAUAUAUAUACAUUUAUAGUUCA,0
AAGAGAAAACUUCAGGCCAAUAUCCCUGAUGAACAUCAAUG,0
GCUGUGUACUUUUUUUUUUUUUUUUUUUUGAGACGGAGUCU,0
UUAACAAAGCAGAACUCAGAUACCAUGAUAUCCCAUUUCAA,0
AUAUAUUCUAAGCAACAUGAUUUAGAGUGCAUGCUCUUACC,0
CCCAGUCUUUUUAGGAAAUUUCUUUCUGUACAGUCAUAAGU,0
GAUUUCUUUCACUGUCAUACUUUUUCUAUGUCAAGUUUUUC,0
UCGUUUCUGAAACAGGUAAUUUUCCCACUGCUGUUUUGUUU,0
UUUGUGUUUCAUUGUUUGAUUUUUUUGUCUUUUUAAAAAUU,0
AAUAGACAAAAAUACAAGAUUUUUAGGAGAAAAUGUAGGAC,0
CAAAACUCUAUCUCAAAAAUUAAAAAAAAAAUUAAAAACAA,0
UCUACUUUUUGAUUUGAGAAUCAUGAGAAUAUUCUGUAAUA,0
ACCUAGAACAAUACCUACUAUGUGUACUUAAUUCAUGGUUU,0
UUACCGAUAACCACAUUUUAUAUGUUUUUGUUGCAUUUAAG,0
GCGAUUUGAUUUAAAUGAGUUAGAGUCCGUGAAUUAGUAUG,0
UUUUUAUUUUUUUUUGAGACUGAGUCUUGCUCUGUUGCCCU,0
UCACUUAACCUUUCUAUUUCUAAAAAUUAAUCCUACUUUAG,0
UUGAGUGCAGAAGUUCAAGAUUAGCCUGGACAACAUGGUGA,0
GACUGAAAUCGUCAAACACCUGUAACUCAUGUAUAAAAGAA,0
CAACAAAUGCAUUAAUAAAUUACAUGCAAUAAGCAGAACCA,0
GAUGAAAGCCUUGUUUCAUUUUAAUUAAUUAAUUUAGAGAC,0
AGCGAGACCAUUUGGAGAAAUAAUAGAGAUCACUUCCACUU,0
CAACCCUCAGUCUCCGGUGAUGGGAAUGUGCUUCUCUUCCU,0
AGCAUGUGUCAAAGAUAUGGUUAUGAGAAAGACAAAACUUU,0
AGGAGUGGUGAGAAAGGGCAUCCUUGUCUUGUGCCAGUUGU,0
CUCUAAGAGCUCUUUCAGCUUUGAGGUUCUCAGGUUCUAAG,0
GUAAACUGGAAUUAGACCCUUGAUACUCCGUGCUUCCCCAU,0
ACAGUGGCUCAUGCCUAUAAUCCCAGCACUUUGGGAGACCA,0
GAAAAAACCAAAAGGAGGUCUCCCAACCCCCAAAUUUUAAU,0
GGCAAUUCCCCUGAAGGCUUUACACCCCUUGGGGAUAGUCU,0
CCUCUUAAGUCCUGAUGCCAUUCUAGCACACCCCAAAGACA,0
UCUCCCUCCCUCUCUCUCCCUCCCCACCCUCAGAAUCCAAC,0
CUCUUAACGAGCAUGCUGCCUUCAAGCAUCUGUUUAACAAA,0
ACAUUAAGGUUGUUUUCAUAUCUUAGUUAUUGUGAGUAAUG,0
CACAUUAGGCAGGUUGCUGUUAUUCAUUCACUUGUUCAUUC,0
AUAACUGUGUUACUCUUAUUUAUUAAUGCUAUAAUCUAUGU,0
UCUUGGCUCACUGCAACCUCUGCAUCCUGGGUUCAAGUGAG,0
AUCUCUCAAACCCACUCUUCUUCUUUUUUAUUUAUUUAUUU,0
UUUCUGAUUCAUUCCUGUCCUGCCUUAUUUGUCAGAUAUUU,0
AAAAAAAGGGCUGGGCAUGGUGGCUCCUGACUGUAAUCCUA,0
CUCUGUGGCCCAGACUGGACUCAAACUCCUGGGCUCAAGAA,0
UGAUGUACAUUGUACUGGCAUACUUGCUUAUCCUAAACCUC,0
GACCUUGAAUCAACAGCCUCUGAACACAGGAGACCCCACAG,0
UCUCUUGCGACAUUAUAUUUUUUAUUCUUUAUUAGGAAAAG,0
GGCCCCUCCCAUCACAGGACUGGAGGCCUAGGAGGGAAAAA,0
AUUUAAGUCUUUAAUCAAUUUUGAGUUAAUUUUUGUAUAUG,0
ACCCCAUGAUAAUAAAUCAAUCCUCCGUGUUCCUCUCACCA,0
AGUCAACACCUAUGUACCUUUCACCUAUGGUCACUCAUUGU,0
AAGGCUCCAUUUGUUCUCCUUUUCCAUCAAAGAUAAAAUUU,0
GCUUAGUCAAACAUCAAAGAUUUUGAGUGCUUAAUGAGGCU,0
GUAUAUUUAUAACCUGAAUGUGUCUAAGAUAUACAUUGUCA,0
GUGUUCCAAUUAACCAGUUGUAAAGUUGAAAAACCAUAAGU,0
CCCCUUAUUUCUUGGAAACAUGUAUUCCUCUGAGAAUAAAG,0
UCUUAGAUGUAUUUUUGCUAUUGUUUUAUUAUUAUUUAAUA,0
UUGAAGCGGAGAGCUAGCCUUUACCAGAUACUGAAUCUGCC,0
CAUUGGCCAGGCUCAGUGGCUCACGUGUGUAAUCCCAGGAC,0
GAUGGGGUUGUUUGUUUUUUUCUUGUAAAUUUGUUUGAGUU,0
AUGAUAAUGUGGUGUAGCACUUUGCAGUAAUCAUUUCUUUC,0
AUUUAAAACUUGAGUAAAAUUACAGGUACCGUCUGGGUCCU,0
UUUUAUUUUUGGUAUCCAAUUCCAACACAGGAUCUGGCAAC,0
UCUCUUAGGUCCUCAUUCUGUCCCCAUCUUGAUCAGUUCCU,0
AAAAUGCAGGUGGGAAAAAUUUUUACAUUUGUCUCCCGGGU,0
CAGUAGAUUCUGAGCCCAGAUUCAUUAAAGCUAAGGAAUUA,0
UAAAAAUGUAACCAGGGAUAUGGAGACUAGGCAGUGUCAGU,0
AGUAAACCACCCAUAGCUAAUGGAUUGGUUUACUCCUGUUA,0
CUCGUUUUUAUGUGCAGUUAUGUCCUCUACUGCCAUAGUCC,0
UUAAGAGUAAAAAGAAUUUCUACUAAAAACCUACAGCAAAU,0
AGAAUUAAAACUGAUGUAUAUCCUCAGGGACUUGCUAUCUU,0
GCAACUGCAUACACAGCCCUUUCUUAUCUUCCCUUUCCAGA,0
AUUCGAUUAUCAGAAAAGAUUUCAAUGACCAAUGAAUAAAA,0
UGACCACUCUAGACACAAGCUGCUCAUUCAGUUGGUACUCU,0
UCUAACCCAGUGGGGGAGCGUCUGUGCUUGUUGCCUCUGAC,0
GAGAGUUCUUACUUUGAGAUUCUUGUUCUCCCUUACCUACU,0
AAGGUUUAAACGAGAUAAUGUAGGUAAAGUGCUUGGCACAG,0
AAGUCUUUAUGAUCUGUAUCUCGUGCUGACCUCCUAUCUCA,0
UCUCAGUAAGCCAAACUCAUUGCCUUAACUCAGGCCCUCAC,0
AGCCUAGCUUCAUGGAAGUAUCCUUCCCAACCACUGUGCUU,0
UCUUUCCCUUCCUUCCUUCCUUCCUUCCUUCCUUCCUUCCU,0
GAAUGAAAGGUGCAAAGGAAUAGUAAAGAAAGCAUAUUUGA,0
GCCUCCUGGGUUCAAGCAAUUCUCCUGCCUCAGCCUCCUGA,0
GGGCUGAAAAAAUGUUUUCUUCCCCUAUCAAAUUUAGAAUA,0
AUUCUAGGAGACCCAAAAUUUCACUGUGGUCCUGCAGUUAA,0
AUAUGACAGAUAGCAGGCCCUGAAAUUAAUCAAAGUAUUUU,0
CUUUUCUUUCUUUUUUUUUCUUUUUGAGACAGGGUCUUGCU,0
GGUCACCAUUAUGCUUUGCUUUCAAACACUGGGUCUGUUUU,0
AUGGAGGUAACUGCUUAAUCUGCGGGUUGGGUGCAUGGAGG,0
ACACUUAAUAUCUCAGAACCUCUGUUUCUUAAUCUGUAAAA,0
UUUGUUUUUAUUGCAUUUGCUUUUGGGUUCUUGGUCAUGAA,0
AGCACCCAAAUAGUCUACAUUUUAAUACCCCCAGAUGAUCU,0
UUCCAACUCAGCCUCCUGAGUAGCUGGGACUACAGCUGCUU,0
CUUGUCAAAAUUCCUUUACUUCUCCUACCUUUAAUUUUUGU,0
UAUUUUUGCUGUGUAGAGAAUGAUAGGUUAAAAGUUUUCUU,0
CUUUGGGAGGCCGAGGUGGGUGGACCACGAGGUCAGGAGUU,0
AUCCUGAGUGCAUGCAUUAAUGUCAUUAGUGUGUGAUUUCU,0
AAAUUUAGGGUUUUAUUUGUUCUCAGGUAUCAUUUUUACUA,0
ACAUGGUAGGCAGGGGACACUGCUGUAUAAAGAUAAAGAAA,0
UGAUGACACAAUCAGAAGUGUCAGAUGACAGGCACUUAUGC,0
UGCAAGCCUCAUCUGUGCUCUCCUAUGGUUUCCUGUUUGGC,0
UAUAUAUCAACCCCAUUCUCUCUCUAUUAUAUAUAUAUAUA,0
UAGGUGCCUGUAGUCCCAGCUACUCCGGAGGCUGAGGGGAG,0
AGGGAUGAAAGACUUGAAGCUUUGACAAAUUAAGUGUUUUG,0
CUUCCCUUUAUAUGAUUUAAUUUAAUGUAUCUGAAAGGUUU,0
UCUUCAUUUUCCCUUACAAAUGGCUUUUUGCAAUAUCCUGU,0
CCUGCCACCUCCCACGCAGCUUCAGUGUGACCCUUGGGUUC,0
CUCUUCUCAGUCUCCUUUGCUGGAUCCUCCUUAUUUCCAGC,0
AUUAAUCAUUUUACUAAUUUUACUAUAUUAAAAUUAACUUU,0
UGCGAUAGUUUCUCAGACUUUCUUGUUUUUAAUGACCUUGA,0
ACCAAUCAGCACCCUGUGUUUAGCUCAAGGUUUGUGAAUGC,0
CCAUCCUUUUACUGUCUAUCUCCAUGACUUCAAUUGUUUUG,0
AAAACAGGGAACAAAAUACCUUCCACAACCUUGAUCCAUAG,0
UCUCGCUCUGUCACCCAGGUUGGAGUGCAGUGGCAUGAUCU,0
UCGCUCCAAAGAGAAGUCUUUCAUAACUAGUAUUAGAUUUU,0
AGUAAAUUUGCUUUCUUAUCUCAGGGUAGGAAAAUAACAGU,0
AAAGAAUGAUUUGUGCUGUAUUACUAGUAACAAUUGUCCAU,0
GUCAAGGCUGCAGUGAGCCGUGAUCAUGCCACUGCACUCCU,0
UGUGCAAGUACACUCUAUAAUGUUGGUACAACUAUGAAAUC,0
AGAGUCCUGAGAACGUUUGUUCAUUCACCAAUUCAAUAAAC,0
AAAGCACAUAGUAGUAAAUAUAAAAUGAAAAUAUUGGUAAC,0
GUGAGCUGAGAUUAUGUCACUGCACUCCAGCCAGGUCGAGA,0
CUAAAUUAAUUGAGCUAUCAUUCCCAUUCUUCCAACAACAA,0
UGCAACCAUAUCAAUAAAUUUGUAAAUACAAAUGAACUAAA,0
UUUUUUUUUGAGACAGAGUUUCGCUCGUCACCCAGGCUGGA,0
GUUGCCUUACAGUUGCUUACUGUGAGUAUUCAAGCUCUUAC,0
UGGAGUAGGUUGAACUAUAGUUGUUUGUCCAAAAUAAUUUA,0
ACCAAUAUUUAUUGAGUGGAUAUGAUAUGCCAUAUGUUGUG,0
GGAGGGAGUGUGUUUUGAAUUUCAAUUUAAAAAAAUAUUUC,0
UGUUCUUUCCCUGAAAUCAGUUUUGGGUACAUGCUGCUAAA,0
AAUAGGCCAGGCGCAGUGGCUCACACCUGUAAUCCCAGCAC,0
GCACAUCAAAAGAAACUGACUUACUGAAGACGGAAAUAGAG,0
CUCUGAUUAGAUGCAAUUCUUUUUUAAAAUAACUUCUUCCA,0
AUGCCACCACGCCCUGCUAAUUUUUGUAUUUUUAGUAGAGA,0
UUCUCCCUCAGCCUCCUGAGUAGCUGAGAUAACAGGCAUGU,0
CUGCACUCCAGCCUGAGCAAUAGAGUGAGAUUCUGUCGCAA,0
GGUGCUCACACCUGUAAUCUUAGCACUUUGGGAGGUCAAGU,0
CAUUCCCAGUCUUGCAUAGGUCCCUGUGGAGAGUGCGAAUC,0
CUGAGAGCUCUCGGAACAUGUUUUAGAAACAUAAAUUCACA,0
UCUCAGUUGAGAGACUCACCUUAUCUGAGGAUGAACCAGUG,0
GAGGCCACUAUUCUGAUUUCUGUCACCAGAGAUUAGUUUGG,0
AGAGACAAAGGUAGAAAAUGUAUUCAAAGGGUAAUAACAGA,0
GGCACUUUAGAAGACAGCCUUGUAGCUCUUCAAACAGUUAA,0
AGCUAAGGCAAUGCUAUCUCUUACCAAGUUUAUCUUGUUUC,0
GGGCCAUGUUAAUUCAUCUCUGUAUCUCUCAUAGUGCUUGA,0
CUUCUACAUAUGUAUAAGAUUUUCUCCAGGAUUUAUACCUA,0
ACGGCUGAAAACUUUCCAAAUCUGAUAAAGGGUAUAAACCU,0
ACAUGUAGUACCGCGGGUGUUUGGAGGAGAAAGGAUCACAA,0
GGUCUCCACCUCUUCCCCAGUGGCCACCUGGAUCUGGGUUA,0
AUACCAGCCUUGGUAUUUACUUUCCUCUAAAAUGGUUUGCA,0
GGGGAGGCUUUAUGUGUAAAUAAAUGUAAUGGAAAAGUAUA,0
UGUCUCUCUUAUUUUUCAUUUAUGUGUUCAGAAAAUAUUUC,0
AUAUAUGCACAUUACACAUAUAUUUGCAUAGUUAUAGGAUC,0
CUUAUUGCUUUGUGACCCCCUUGGGCUUACUCCUGGUUGCU,0
CAUGCCACUGCACUGCAGCCUGGGUGACAAAGCAAGACCUU,0
UCAUCAGGGUUUUCAUUCUAUGAAUAAUUGAAGGCAAUCAC,0
AUUAUUACAUGCCCAGUGUGUCAAACAGAAGUUAAUCUAGA,0
AUCCCUUGUAAUCACAUUGAUCAGGGAACUGUGCUCUACUG,0
CAUAUUAUACAUUCUGCCUGUACAAUAAAUUAAAUGUCUUU,0
UCAGCUCUAACAUAACUAAUUAGUGCAUUGCUUAUAAAAAU,0
GUUUGGAAGUUUCUCCUUUGUUCUUUCCUGCUGCCUUGUGA,0
UUUCUCCAUGUUGGCCAGGCUGGUCUCGAACUCCUGACUGC,0
GGGGAAGCACCUGGGAGAAAUUGGCAGCCUGAGGGUUACAA,0
UGCCAUGUCAGACCAGAGUCUGAGGUGCAGACCACACUACA,0
CAGGGUUCCCUAGGGAGGGCUGCCAGAGGAACUGGGAAAGG,0
AUCUUAAUAAAUAUCUUUAUUAAGAUAUUUUUUGUACGAGU,0
AAACAAGAAAUAACAUGCUUUGUUUAAAGGUGAUAAGUACG,0
CUCUUGAAUAAUAAUUUCCCUUUUAUAGAUUUUUACAGUUC,0
GGCACUUCAGUGUCUCACCUUCUAAAAUACCUAGUUUAUGG,0
UCUUAUUGUAAAUCACAAUGUCGAACUUACUAUUGGGGGAA,0
CUUUGGUUUCUGUGGGAAUGUGACUUGAAUUAACUCUUGGG,0
GCAUACACCUACUCAUCAACUUCACCAAAGUAUGUACCAUA,0
UUUAAGAACAAUGGCACAAAUACACAACUAAUCAAUUUAUU,0
CUGGGGAAGGAGAGUGGACUUUGGCUCACUCUGCCAUGAGA,0
UUAAUCUAACAACUUAAUGAUAAAAUGAAUCCUGCCAAUGA,0
ACGCACGGAUCCAAGAAAGUUAAAUUCCCUGGAAAGACCUG,0
ACCAAAGUAGGAUUCAUCCCUGGGAUGCAAGGUUGGUUCAA,0
UGGUUCUCCCAGCAUGGUGUUUGAGCUCUGAGAAUGGACAG,0
UGUAUCUAUCUUUCUCUACCUUAAAAGGAUGUAAGCUCCAU,0
GUCUCUGGCAACUUUCAGCUUGCAACUUUCCCAGACCCAGC,0
UAGUAUUCUGUGAUGGUAGUUUGUAUUUCUGUAGGAUCGGU,0
AUCGGGAUUGCCAGUGGAAUUUCUCCUAGCUUAACACAAAA,0
AUGUCACUAGGCUCUUUCCAUUUUAUAGACAUGUUGAUGGC,0
AUUAUCUCAAUACAACACAAUCUUUGUUUUCUUGGGCAAUU,0
CAGCGGUGGCCAUCUUAGUGUCAGAGGCUAUCAAGAUAAUA,0
AUUUUGCCUUAAUUUUCAAUUAUUUCAAAAGAGCAGGCACA,0
CGCUGACUCUCUGGCCUCCUUCCCUUGCAGGACAUGGCUGG,0
UUUUCUGAUCAACUAAGAAUUGAUAAAUGAGGCUCAAUUAA,0
CAAAAUCCUCCAAUGAGCAUUUCCUUUGAAUGUCAUGUUGG,0
UCCAUUGCUCACCUCUCUCCUUCCUGUUCUCUCUCGGGCAA,0
CCAUCAACUGCCUUAGGUACUAUCUUUGAUUACUAGCCCUG,0
GCUGUGGUAGGCAGUCCCCCUUUUAAUCUUUAAAUAUAGUU,0
UGAGGCAACAGGUGCAGGCAUGGAGACCAGAGCAAGCACAG,0
UAUAAAAAUGUGUCAUAAGAUAAUAAAAAAGAGAAAUCCCA,0
AUCUCUGUUAGUUGUUAGUUUUAAUGUUUUCUUUACAUUUC,0
AAUAUCUCUCAAUUUAUUUUUUUAUUGUUCCUAAAACAUUU,0
CUGGGCCACCGUGGGCUGGAUGCAGGCCCUGGAGGGCUUGG,0
AGGUCAGGAGAUCGAGACGAUCCUGGCCAACAUGGCGAAAC,0
UGAAUAAAAAGACUGCUUUCUUUGUUUCAUUGUUUCUGCUU,0
AUCCAUUUGGGCUCAGUUUUUGCUGUUUGUACCUUUCCUAA,0
UUCCACUAGUUUUAAAUAAUUUCAAUUGUUACAUAAUUUUC,0
GUGGUUUCAAACUCCUGGUCUCAAUCGAUUGAUCCCCCCGC,0
UGGGGACUCCACCGAUGCUCUUCAUAUGAAGAUCCACGGUC,0
AAGCUCAAUUUUGCUGAGAAUUUUUGGAGAGAGCUUCUAUU,0
CUGUAAGCCUUCCAGGCAGCUGAGAAUGAGUCUAAGGGCCA,0
UACAUGGUAAGGGGUCUGUAUUAUGUUGUCUUCUUUCAAAA,0
UGGCUCCCAAAUCUAAGUUCUGGCCCAGACUCCUUUCCCCA,0
UCCUAGAUGGAGAAGCCAACUUGUGACUAAAUAAGCUCAAA,0
CCUCCAUCAUCUCUCUCUUCUCACUAUCUCAGCUCCUGAGG,0
UUUCAUCUAAUUCCAUUUUUUCCACAAACUUUUUGGAGUCC,0
AUUCCCUAUUUAAUAAAUGGUGUUGGAAAAACUUGCUAGCC,0
GCCCAGGCUGUAGUGCAAUGUCGCAGUCUCUGCUCACUGCA,0
UGACACACUUUCAGGUAAAUUUAUUUAAAUUAUAACAUCCU,0
ACAGCCCCAGCUAGAUUUCAUGGCUAACAUAAGGAACUGUU,0
UUGGCAUGAUAAUGACAUAAUUGAAAUUUCACGAUUGUAGC,0
AUAAAACCCAGGGCCAGUUUUAAACACUUCACUGUGGCUAU,0
AUCUGGUCAUUUCUUUGCGAUCUUAUAUUUUGUAAGACUCC,0
CAACAUAGCGAGACCUUCUCUCUGCAAAAAAAUUUAAAAUA,0
CAUCAUCUUGAAUUUCAUUCUUUUUUUUUUUUUUUUUUGAG,0
CAUACAUUCAUAUUUACUUUUAAACAUCUGCAAGUAUAUCU,0
ACAACUUCUGGGCUCUGGAGUAAUUUCUCAGCAUUGAGGGU,0
UGAGCUCUCUUUAAUACAUUUAACAACCUUCAUGAUGUUUU,0
UAGAAAAAGAGAGAAUCCUCUCUAACUCAUUUUAUGAGGCC,0
AGCUGCUUCUAAGCAUGGAUUCAAACUAUCCCUGAAUGGAU,0
CUCUGCGAUACUGUAACCUUUCAGUUAUCCUGGGCUCAAGU,0
CUGGGCUCAAGCUAUCCUCCUGCCUCAGCCUUCCAAAUAGC,0
UCUCUUGCUUUUCAUUCUCUUCUCUUCUCCCAUCUCUCUAC,0
GACCAGGUCAAGUACUGCAUUGCCCACCUGACCCCACAACA,0
GGUUGCAUAAGGGGAUUUUUUUCUAGUUUUUACUGUGAAAA,0
CAUAUAGUGAAGUAAGGGUUUAAGUAGAGGGCACAGAAAGA,0
UUGUCCUCUGUGGAUGAAUAUUUGUGUAUACUCAAGUAACA,0
CUCAAAUGAAUAUUAUUAAGUGGAAGAAGCCAAUCUAAAAA,0
AGCGAUCCACCUGCCUUGGCUUCCCAAAGCUUUGGGAUUAC,0
AAAAAAAGUGAGUGUCAUGAUGUUUUUGCUUCUCUGCAAAG,0
AACCAAAAAAAACCUCAGCUUUCUCUUUAGUGACUAUAGAC,0
CAGUUAAGUAGAAUGACUGCUGACAGGGGAUGAAGUAGAGU,0
CUGAGGGACAUACCCAGAACUGUAUCCAUAAGCAUUCCAUC,0
AAAAGGGAGUAAGUCCUUGUUGCUUUCACACCAAUGGAUUA,0
ACGUACACCCACACCCGGCUUCACAUGAGCUCCCCAAUGGC,0
GUUAGUCUCAGCUGCUGCCUUUGCUCUCACUGUGUAGGCAC,0
AAAGAAGAGUUUGGAGUUGGUUCAACCCAGCAGCAUCUCCC,0
AUAAAGCUUUGUUUUCUUCUUUCAGGAGAAAUUCCUCUUAU,0
UUGAAUGUGGUUGCUCUUGCUUUUCUAGUUCCUUUAAUUGU,0
UUUUUUAAUGUGCUAGUUUUUAUAUUAAAAUAUUUUAUAAA,0
CGGGCGAUGCCAACACUUUGUGCUGGUUCCCGCCAAGGGGU,0
ACGAGAAGAGUAUCGUAUUGUGUUUCCUUUUCUUCGUGUUU,0
CUUCCUAUUCUAGUCUUUAUUUAUCUAUAUUUAUGUUUUAU,0
AUUGGUCUAUAUAUCUGUUUUGGUACCAGUACCAUGGUGUU,0
CAGCAUCUUGUAAAGUUGUUUAGAAAGGAAUUCCUACCUGU,0
UUUGAGACGGAGUUUCUCUCUGUUGCCCAGGCUGGAGUGCA,0
AAUUUACUCCAGCCAGUCUUUGAUGUAAAUAGAUACCCCUG,0
GGAUCAGUGGUGAUAUCCCCUUUAUCAUUUCUUAUUGUGUC,0
AGACAGUACAAAGAAGAAACUACAGGCCAAUAUCCUUUAUG,0
ACAUGGAAUCUUCCCUGCCUUUCCAUGUUGAUUAGAAGUCG,0
AAACAAAAAUAACUCUGGGUUGUUGCAAUGUUUUGAAGUGA,0
AUUGGGUUAAAUACCUAAUGUAGAUGAUGGGUUGAUGGGUG,0
GCUAUGGUUAAAAGUCAGCUUAGUUAAAAGCAGAUAUUCAA,0
UAGUAUGCACAUAGGGAUAUUGUUAUGUGCCUAGGUUUCAG,0
ACAGUACCAGAACUAGCAGCUUUGUAGUCCAAGGACUGGUA,0
CUAUCAUGAAGUAAAUUAACUAUCAUGAAGUGAAUAUCCAU,0
UAUUUACUUCAUCGACCCAUUUUGAGUCAGUUUUUAUAUUC,0
CCAAAAUUGACACCCUAACAUCACAAUUAAAAGAACUAGAA,0
UUCAUCCAAUCUGCUGGGACUGGGACUGGAUGGAGCCUACU,0
UGUGAACUUUAUGUUAUGAUUUCCACUUUACAGAUAAGGAA,0
GAGGAUGUGGAAGAAAGAGAUCCCUCAUACACUGUUUGUGG,0
GGCCAAGCAAAAGGAAGACUUGAGAUGUGCAAGGCAGGGGA,0
GAUUAUAAAUAAAACAAGAAUAUGUGGCAGAGACUAUAUGU,0
GGUUCUAGAUCCUUGAGGAAUCGCCACAAUUUCUUCCACAA,0
GCCAUCAGUUGUUUUUUGUUUGUUUUAUUAUAUUGAGAAGU,0
GAGAUGGAGUCUGGCUCUGUUACCUGGGCUGGAGAGCAGUG,0
UGGCAGCCUCUAAGAAGCUCUGUUACUAUCAGGAAGGCAGA,0
GUUCUAAAGCAGGGUGCCUGUGCCCCCUUUGCUAAUUCUCU,0
GGCAAGUGCCCUGCAAGGCCUCUAGGGGUAUGUGCGUAUGU,0
UUGGUUUCUUAGAGAAACUAUACCUUACAGAAAGUUGGUUU,0
UCUUGCUUCUCUAGUUCUUUUAAUUUUGAUGUUAGGUGUCA,0
GAAACAAUCACUCUCUGAUGUGUUUGCUGUAUUGGUGGACU,0
CUCCCUAGAGUGAGAAAACCUCUUACACGCCAACCAGCUUC,0
CGCAUGCCUGUAAUCCCAGCUACUUGGGAGGCUGAGGCAGG,0
GUGAUGAUGGAGGUGGUGAUUGUGUGUUGGUGGUGGUGGUG,0
GAAAGAGAAAUACGAUAAAUUGGAAAGAAGAAACUUUUCAG,0
ACGCCCGGCUAAUUUUUGUAUUUUUGGUAGAGACAGGGUUC,0
UGGCCCACUACAACCUCCGUUUCCUGGGUUUAAGCAAUUCU,0
CCUACAACCCUGUGAGCCCGUGCCAGAACAUUCUGCGGGUG,0
CCUCUGCUUUUUAUUUAUUUUUUUGAGACAGAGUCUCACUC,0
AUUGUGUACUUGAGGUUUGCUAAGAGAAUAGAUCUUAAGUG,0
AUUCAGCCUAUCUCCCACCCUUCCUGUGCUGUGAUGAGGGA,0
AAUUAAUACUUCCAAUAUAUUGUUUUCAUUAUGUAAUUUUU,0
UGAUCCUUUGUAACAUUGUUUUAGUCUAUAUUUCAUUUAGU,0
AUAAAUGAGGAAAAAAAGCCUCUGGCUUUUGGCAAGAGCAC,0
UUUUUUUUACUUUUUGAACUUUUUUUGUUAAAAACCAAAGC,0
GCUGUGGGUCCAGGUGACUCUCCUGUGCACAAGUUUUCCAU,0
AAUAGUAGUGAAAAUCUUUUUUUAUUCAUAAACUGAGCUAU,0
GGUACAUUUCUACAUUUUUAUUUCUAAGGAGUUCUUCUGCU,0
UGUUGUUGUUGUUGUUGUUGUUGUUGUUGUUGUUGCUGUUG,0
AGAAUUAAGGAGGGUUAAGUUCUUCAAUCCCAAAGACCUGU,0
GAAAUCAGAACACAAAUCAGUAAUGGUUGCCAGAAAAAAUG,0
AUAUCAAUAAAUGAUUCGGCUCAGAAAGUAUUAAAUAUGCA,0
GUAACAUUUAUGUUUACCAAUUCACUUUAAUAAAUAUGGAG,0
UCUCGGCCGAAUAAGUAUUUUUUGAUUAAGGUAUGCACAUU,0
ACUGAUAUGGUCUGGCUGUGUCCCCACCCAUAUUUUAUCUU,0
AGUACAUACCAUUAUUUGUAUCACUGAUUACACCCAAAAAA,0
AGAGCAGAAUCAGUGGGAGAUAAACUCUGGCUUUCAGCUUC,0
AAUAAGAACAGGUUCGCUCUUGAUUUGUCCAGGUAAAAAGA,0
UAAGAGUCUGGCUGAAGGCAUCAGCAGACAUAUAUCAUCUC,0
UUAAUAUAUGUUAAAAAUUGUAUAAGAUUUCUAAAAUUCUA,0
UUGAUUUUCCACCCUAAAUUUCUACCAGAUCAUUCCUAACC,0
UGGAAUGCAAUGGCGACUGUUCAGCUCACUGCAACCUCCAC,0
AAGUGUGAUGUUAACAUCGUUCUUGAACCAUUGUUGGCCAA,0
GAGAUUAGUGGAUUGUGCAGUGGGAAGAGCCUUCCUCAUUG,0
UACCAAGAUUGAUUAAUUUCUCAACCUUACUGAGCCUUGUU,0
GUUUCAUUCAGCAAAUGUAAUUGCAUCGCAGGCACAUCUCA,0
AUAUCUCACCUCUAUCUCAUUUUGCCAAAUCAUCUAUGUUG,0
GCAGGUUUGUUACAUAUGUAUACAUGUGACGUGUUGGUGUG,0
CCUCCAAGACCAUCUGCAUCUCCUUUAAAACUUUUCUGUCU,0
UUUAUCUCUAAUAUGAGUGUUUAUUACAGUAAAAUUUCUUU,0
UCACAGAUCUCUGAUGGGACUUUCUUCAGGUAUCAGCAUUG,0
AUGAGAUACUCCCUUCCUCGUGCCUCAGUUUCCUCAUCUGU,0
UAUUUUACUUUAUUUACAAUUUUAAAAUCUUUGUUUGAGAG,0
GCCAGAGGGCUGGACGAGGCUGGCUCCCAAUCCAGAAUCCC,0
GGAUCUCCUAUCAGGAUGGCUCACUCGCAUGGCCAUGGGCA,0
AAUGUAGGCAUUGCUGAUAUUACAAGAACUUCAUAUUAAUA,0
CAUUGUUGACCAAAUCGUGGUUACACAGCACAUGACUAAUU,0
CCCCCAUUCCUGGCCCCCACUAAAGCUUGCUCUGCCCCCAG,0
AGACAACAUGCAACCCCUUUUCCAAACAACUCAGUCCAAAA,0
UCAUAAGGUCUAAAUGCCACUUAAGUUUAGGGAAAGAGAUU,0
CCCAAUCUCCACUUAUCUCAUGGAACUUUAAUGUGUAAUAC,0
AGUAAAAUGUAAAAUCUGUAUACAUUUUUAAGAUAAAACAA,0
UUUUGAACGGAAUUUGGAAAUUCUUCUGACCCUGUCCUGCU,0
AUUAAUAAUGUUAUACUGGCUUUCCCUUUCCUUCAGGCACU,0
UCAUGGGGAUGGAGAGGGAAUUAAAAGAAAAAUUUCCAUUU,0
UAGUUACUUCCUAGAUACAAUGGGGAUACAGGCAUUGGGUA,0
UGUGUCUUCAUGACUGAGAGUUGCAGUUGAUAGCAGACCUU,0
GGUUGAUCUUAUACUUUUCCUGAUAUAACACUGGAAUUAGC,0
UAUAUGUGGGAAUUUAUUUCUGCUCUCUGUAAUCUGUUCAA,0
GGGAAAUUAAUACCUAACAUUUCUCUCCUUUUGCCCUUUGU,0
UUGUUCAUUCCUUUUUAUACUGUUUUCUCUAAUCUUACCUU,0
GAUGUUUUGGUUUUUAAAAAUUUUCCCAUUCUCAUAACCAC,0
CAUAGGCUUAAAUAUUUAAUUUAAAUUUCCUGGAAAAACCA,0
UCUAUUUUCAAUUUUAUCUCUUUAAUUUUUAAUAGAGUUAG,0
CGACACCAUACUUAGCAAAUUUUUUUUUUUUUUUUUUUGAG,0
AUCUUCUUCCCUCACCACAGUUCUAACUACAGCUUUCUUUU,0
CUCUAUUAAAAAUACAAAAAUCAGCCAGGCGUGGUGGCGCA,0
UUUAUACUCAUUAAUCAACCUCUCUUCAUCUGCUCCUACUC,0
UCUGAUCUCCAGAGGUUUCAUUUGACUGCUUUUUCUGCCUC,0
UUGUCCCCAAGUGAUUCAGUUUAUACCAGUGUGAUGAUAAA,0
UUAAGUUGAAGUCUUUGACUUUGAAGAGCCAUACAGUUUUC,0
CACAGAGUGAGUGUCAUCUGUGUCCCUGAUGCGGCCUCAGG,0
UGAAGGCACUUUGUUAUUGUUUAGUCUCAGAGAAAUAUUGA,0
UAUUUGUACAGCAUGUACAAUGUUUAUGCUUCACAGGGUGA,0
UCUUUGACUCCUUUCUUCUGUGAGCCUCUUCUGCUUUUCUU,0
ACCUCACUGAGUCUGAACAAUACUUGAGAAACAUUUAUUGA,0
CUAACCUCAGCCUUUGGGUUUCCUGACCAAAAAUCUUUUCU,0
CUGCCCAAAGACAGGUGGUGUUCUGGGCAGAGGGUUAUGUG,0
CAGGCACAGAAAAACAAACAUGACGUGUUCUCACUUAUUUG,0
AUAUAAUAAAGGUGGCAUCAUAUAAUAUAUGUCAAAUAUCU,0
CCCAACCCAAGUCUCUAGGAUCAGAGUGAGUGAGAGAGAUG,0
AGGGGAAAGCAAGGCUGUAUUAUAUGCAACAUCAAAUUUUU,0
GUAUAUGGCUUUUAUUAUGUUGAGGUAUGUUCCUUUUAUAC,0
AAGGUGAGAGCAAUAGCAUUUCUUCUUUUAGAAUAGCAAUG,0
UUACUUAAAUCAUCAGUAGGUUCUCAGAAACUGGGACUUUA,0
UUGUGGCAGCUUAGUCAUGUUACUGUGUAUAUAACGCUUAG,0
AAAAAGAAAUGAUACAUACAUACCCUAUUUUAUUUUAACCU,0
AUGGAAAUUGCUCCAAGCACUAAGGAAAGCGGGACCGUGCC,0
CCUGAGGGAAUCUCCUGGUCUGCGGUUUGCAAAGACCACGG,0
GUUGCUUGUCAUAGCCAAAUUCGUUUCACUGAUUUCUAAAA,0
UUACUUUCCUCACAGUUGUCUGACAGCCACAAGUCUCCUUU,0
AACUGGCCCCUCCCAAAUCUUAUGUCUUCACAUUUCAAAAC,0
AAACCAAAAUUUCUGCAGGCUGGGUUGGCCCUCACACCAUA,0
ACUGUGAAUGUGAAUAAAUGUGAAUGAGUGUGAUUGAAUGA,0
AAAUAUAAAUAAAUUUCCUCUUUAUUAAAAUUUUCAGUAAG,0
UUAGUUCCAUUUCUGUUUUCUCAUGACAGCUCCAGGCACUG,0
GUCCUAGCUACUCAGGAGGCUGAGGUGGGAGGAUUGCUUGA,0
CGAUAAGGAUUGUAGCAGUGUAAGUGGUGGGAAAUCGUUGG,0
CUGGCACAAAUAUUAACAGCUGACAUUUGCUGAGUGCUAAC,0
UUAAAUGCCAGAGAUUUCAAUGGAAAUAAAGCCCCCAUCUU,0
GAUAUGUUAUUUCCUACCCCUCUUCCCCUUGCCUGGUCAUG,0
GCCCAGAUCCAUCAGAAGAAUCAUUAUGGUAGCUAUAGUCU,0
ACUCCUCAUGUCGAUUAUUUUUAAGAAUGAUGAAAAAAGAA,0
AGCUUAGGAACAUUUUGUUCUACAUAAGUAAAUGUUCUACU,0
AGGUUCAAGUUCCCUUCUAAUUGCAGAACCUUAGGAAAAUA,0
CUACCAACGGUUCCCAAAGGUCUAAUUUGUCUAUAUCCUCA,0
AAAUCAAAGUGUUGGCCGCCUGGGCUCUUGGCUGGAGGCUC,0
GGUGAAAUCUAUAAUAGAAAUUUGUUUUAACAACUUCCCCA,0
CAAUAUUCCAUAGGAUUCCUUAAUGAUGCUAAAUGCUCCUG,0
CAGUGGCAGCUGUUGCUGGUUGGACGUGAGAUUUGUAUGCU,0
CCAUAAAUAAUUGGAGUAUCUCAAAGUAUCUCCCACCAAAU,0
GCAUUUUCUUCCUUAAAAUCUUUUUUUGGUGUUUGUUGUUU,0
GCAGAUAUGCAUUUGCUUUGUUUGCAGGGUCCUGCACCCUC,0
AUUACAUAUUAUUGAAUUUAUUAUUCAUUAGUUGAGAAAAU,0
AAAAUGGGGAUAAUAAUGAGUGUGAAGUGUGAAGAUUUAUU,0
AAAUUCAUGACAGCAGUGAAUGUGGACAUUUUAGCUCAUGA,0
UGCCUUUCACGUGUUACUAAUAGUAUUUCUCAGUUUGUAUU,0
UAAAUCAGUUUUAUUGCUAGUAUGAAGCUUAAAAUCCAAAA,0
AUAGGUAGACUGUCCUACAUUGAUGUUAUAGUUGUCAGCUU,0
GAUUCAGUGGCUCCCCCAUCUGUUGGAAACCUGCCCACUUG,0
AACAGGGUAAUUUUUGUAUUUUUUGUAGAGAUGGGUUUUCA,0
CUCAAAAAUAAUACAAAGACUGAAAAAUACAAUUAAUUAAA,0
AUAACAGAGACAGAAAUUUAUUGUGAUUCCUUUCCUUCAGU,0
ACUGACAGGGCAAGUGCUAGUAGUCUCAUCUGGACAUUCCU,0
AUACUUUUUUGGGCAUUCAUUAUACAUGGUGUUCUCUGAAC,0
UACCAAAAUGAUUAUUUCAUUUUUAAUGUGGUUUAGCUUGG,0
UGUGGGGGGGUGGUUUAGACUCUGAAGUCAUGGGGCUGAUA,0
UUUGAUCACAGCCAUGGAGAUGCUAUGGGACUUUGAAGGGA,0
UAUUUGCCAGGCAUGGUGACUCAGGCCUGUAGUCCCAGCUA,0
UUUUACCAAUAAUGUAUACUUAAAUUAUUAUUCUAUUCUAA,0
UUUUGUAUUUUUAGCAGCAAUGGAAUUUUGCCAUGUUGGGC,0
CCCCCCCCAAAAAAAAAAAGUAAUGUAUUUUUAUUGUAAAG,0
CCUUGACCAUUUGUGUGCAGUUAAGAUUUAUGGAAUAAUAG,0
UCGAUACUCUUCUGAUAGAUUAGGGUUCAGCUAUCUUCUAG,0
AGCAGGAGAGCGAGAGGGAGUGGAGACAGUCUGAACUCUUC,0
UUAUCCAAUCUCUGAAGAGUUCCAAACUUUUCAUGGCCUUC,0
UUUAUACUUCUUUUUCUAGAUUUUCCAAAUUUGUUGGUAUA,0
AUGUAAGUAUGGUAUGUAAGUAAAACUGUUAAAAACAUUAA,0
UUCGUUUUGACAGUCUCCAAUACUGGUUCUUCACAAUACCC,0
CUGGUCUCGAACUCCUGAUCUCAAGCAAUCCACCCCCCCUC,0
AUUAAUUUGUGAUUUGUAUUUCUGAUUUGUGCUAUAGAAGA,0
GUGAGCCACUGUGCCUGGCCUAGCCCAUUUAUAUUUAAGGU,0
UGGCUGUCAAGGGACACUAGUAUGUCCUGUUGGUGACAGGC,0
GAGACUUCAUCUCUUAACUUUAGAAAUACAAAAAUCUUCAU,0
AUAUAAGUUUACUGGUGACAUUCCCUUAAAUAAGUGAAGGC,0
ACCUGAUCUCUAAUGCCACCUGCUGUUGCAGUUCUGUAAGA,0
AAUGGAAACUUCAGGCAAACUGUGGUCUAAGAGUGAAGUAA,0
AUUGUUUCCUGAAAUACAAUUCACUCCUCCAAUACAAUACU,0
UCCUCCUGCAAAUUUUUCCUUUUCCGUCUUUCUUCCUUUAA,0
GCAGUACUGGAACCCAGGGCUCAGGUCCGAACUUCAGGCUC,0
UACCAUGCUCUGGUCAGGCAUGGUGGCUCAUGCCUAUAAUU,0
UUGCAUAUACAGCCCUUUCAUGUAACAUACAUGCAUGCACC,0
UGGCAUGUGCCCCCAGGUUUUGCUUGUAUUUGGAGCUCCAU,0
CCCUCCCCUUUUAGAAUCCCUAAUAAAAACUUGCUGGUUUU,0
UCAGCCUCCAAAGCUAGAAUUACAGGCAUGAACCACCGUGC,0
CAAGAACUUAUUGAUGACAUUAAGGACUUGCUAUAUUCUGC,0
GAGCCACCGUUCCCGGCGAUUUUCUUUUCUUUAAGACUAAU,0
CUUAGAUAAUAUUAUGUUGUUUUACAUUUUUGUAUGAUUUU,0
UAUGUUUUACUUUUUUUUUUUUUUUUGAGAUGGAGUCUCGC,0
CUUCUAGGUUUUGGACUCUCUAAUUCUUCUGCUGAACCCAG,0
UUCAAUCUCAUUACUUGUUAUUGAUCUCUUCAGGUUUUGGA,0
AAGUUUUUAAAAAUUCAUUAUGAUAAAUAUACAUGUGAAGU,0
AACUGAGGAAGGAACAAUUUUAUGAGGGACAUGUUAAGAUA,0
UCCUCACUCCAAAGUCAUUAUCAUUGCUCAAAAUGCCUUUG,0
CCUGGUGGUGACAAAAUCUCUCAGCAUUUGCUUCUCUGUAA,0
CCAGUCCUAUAUACUUGGAGUAAACCCUACUGUGUUGUAUU,0
CUUAAGUGGUUGCUCGAUCCUUUUUUUAGUUUUUAUAUUGA,0
AAACGAGAAAAGAGAGGGGCUGGCUGUGAAGGGCCGUAGAG,0
UCCAAUAUCACACAGUAAAUUUCACCACUUUUUUUAAGCAG,0
AUAUUACAUUGGUUAUGUUCUGAUAAAAUCAUCAUCUUAGG,0
UCCUUCUUUUUACAUACCAUUAUUGGCAUAAUAUUUUCUGU,0
GGCUUAGGCUACCAAUGCGGUCCAGCACCAGGCGCCAGACC,0
AUGCAUUCAUGGAGUUCAUGUCAUUUCUCCAGGGUUGAGUG,0
CCCCUCUACCUGGAGUGCCUUCUUUUCCUUUUCUUCCACAA,0
UAUUUAUUGAUCACCUAACUUUAUUAAUGCAAGGACUGACC,0
AUGUUGAAAAUGCUGCUGAGUACAUUUCAAGUAAAAAAUAG,0
CACACUCCACCAUACCUGGCUAAUUACUAUUAUUUUAUUUU,0
UGAAAAAGAGUGAGAUCAUGUCUUUUACAAGAACAUGGAUG,0
AAUUUUUCUGUAAAUAAUGAUAAAUGUAGUGAAUUUGUCAA,0
AGGGUCUCAAACUCAUGGGUUCAAGCAAUCCUCCCACCUCA,0
ACAAAAUUAGCUAGGUGUGGUGGCGCAUUCCUGUAAUCCCA,0
AGUAUACCCAUUACUCUUGCUAGGUUGGCCAGGCUGAUCUU,0
AGAUGGAGGCUGCAGUGAGCUAUGAUCAUGCUGUGAUCACA,0
UUUAAACUAUUUUAGAAAGUUUCAGUGAGAAAGGAGGAAUU,0
CUCCCAUCCAUGCACUGUUCUUGGAGGGAAAUGCAAUGUUG,0
AUAUAUUUUGCCUAUAUUUUUGUUGUUUUAUAGUAUACAAA,0
CCUCGCUCUUCAGCAGCUGCUGGCGCCUCUCUUCCUCCGGC,0
UCUACCACUUGAACUAAAGGUGUAUAUUCUAAAAAAUAACC,0
CAUCGGCUCCUCCCUUAUAUUUAAUAAGCGAGCAGCUGGUU,0
AGUGGCUUUGUGCAGGUUGCUGUCAAUUUUUUUAGAGGGAC,0
AGAAACCACACCAUUCACUUUAGUACUUAUGCUCAGAAUAU,0
CCUUCCUUCCUUCCUUCCCUUCCUUCCUUCUUUCCUUUCUU,0
AGGAGUAGCAGGGCCACUGAUGCCAGCGGGAAGGCCAGGCA,0
GCCUCCCGGGUUCAAGUGAUUCUCCCGUCUCAGCCUCCCGA,0
GACAUCACGUGCGUCCAGCGUGUAAGUGACCUCACACCUGC,0
AUUUAGCAAAUAGGCUGGAAUAUAGUAUUGUUACUGGGGGU,0
UAAUUAUUUAAAAAAAUUUAUAAAGUAUUUCAAAGGCACAA,0
CACCAGGCACAGUGCUAGGGUUUUCACAUGCUUUCUUUAUC,0
GCUAGAGUGCAAUGGCACCAUCUUGGCUCACUGCAACCUCU,0
AUCAAUUAUUGGUUGCCACCUUUCAGAGGAUGGAGAAGAUA,0
UUGCUAAGAGAGCUUGCACCUGUCCCUUGAUAAGUGGGACU,0
CUAGAGGGUAUAUAUAUUUUUAUUUAUAUGUAUAUUUAUCA,0
GCUUUAUGUCACCCUGGUUCUGCGCACACUCUAAAAACUGU,0
GGUUUCUGCUUGUGGGUUUCUACUUCGGUAAGUUGUCAUUC,0
UCAUGCACAAGCAGUCGGACUCUCCAGGGGUCUGGAUCUCU,0
GUACUAAUGCAUUUCUAUUUUUCUUCCUCUCAAGAUGAAAG,0
GAAGCAAGUUGUGAGGGUUUUCCUAGAAACCAGAUGGAAUG,0
CAACAGAGAUGGUGGCCCCCUCAGCCACGAACCUGUGGGAA,0
UCCUUGCUCCACUCUGCCUUUCCACGUGGAAGCACGUGUCC,0
ACUGAGACUUUGGAGUAAUUUGUUGCCACAGCAUAACUUAG,0
ACCACCACACCUGGCUAAUUUUUUGUAUUUUUAGUAGCGAU,0
AUUGUUUCCAGACUUUUUAAUGAUCGCCAUUCUAACUGGCG,0
UUCAUUUAUUCAUUCAUUCAUCUGUGCAACAGGUAUUUUUG,0
AACCAUAUUCAUUUAUUAAUUCACUGUGCAUGUUUCUUUAA,0
GCAACUUUUGAAGCCACUAGUAGCUUCCAGUAGGACACUGG,0
GCUAUACACCAUACCCAAGCUCAGCUGGGUCCCCAGCCCUA,0
UCACCAUAUUGGUCAGCUGGUCUUGAACUCCUGACCUCGUG,0
UGAAGCUGGACAUGUAGGAAUUACCAUCAAUGAUUUAUUGG,0
UCCGCCGCUUCCCAAGGGCAUGGGAUGGAGCAGCUGCAACC,0
CACGUGCCACCACGCCUGGCUAAUCUUUGUAUUUUCAAUAG,0
ACAUCUAUUAUGCAUCAAUGUAAAAAAAAAAUAGUGUUCUU,0
UCCCUAGCCAGUCUGUCUUCUUCUUUUCAGCUUUCAGUUUU,0
UUCUGUAAAUAUAGAACAUAUUCUCUCUCUAUAUAAAGCUA,0
AUCAUUUUAGUUCAUAUGUUUAGAUCUUUGAUCCAUUUCAA,0
UUUGUAUGUCCAUAAAAUGUUUACAAAAUUCAGUACAUAUU,0
UUUAAGUUGCUUUCAGACCUUUUCCUUUAGGUAAUGAGGAA,0
AUUAUGAGCAUUCCAAGAAAUAGCUUGUGAUCAAAUAGUAC,0
AUUUAGGAUCUGUCAAUUGCUUACUAAGUGUAUUAAUAAAU,0
UAUUGGUCUAAAAUUCUCUUUUUUUCAUUGUGUCUCUGCCA,0
UGGUUUUUUUGUUUUUGUUUUUGUUUUUGUUUUUCUGGUCC,0
CUGGUAGGACAAAUCUCCCAUGAGUUCAGCAAGAAGACUUG,0
AUGGCGUGAUCUUGGCUCACUGCAGCCUCCGCCUCCCGGGU,0
AAGGGAAUUUGUUUUCUUUGUUUUAGUCUGAGCUGUUCGGG,0
AUUAGCCAGAUGUGGUGGUUUGCACCUGUAGUCCGAACUUC,0
GUCGUUUUUGAUGAGCUUGAUAGUUUGAGGAAUGCUGGUCA,0
AAGCAUCACGAAGAAGGUUCUGAGAAUGCUUCUGUUUACAU,0
AACACCAGGAAAAUCAUAACUGACAAAAGACAAUCAGUACA,0
AUGAGAGUUGCUCCACAUCCUCACUGGCAUUUGGUGCUGUC,0
AGCCUGCAGCCUGUCUGACCUGCCCCCCAGGGAGCUGGAGC,0
GGUGGGCGGGGUUACAUUUGUUUUGUGCUGAGGAUGCCUGU,0
UGCUUUCUGUUAGUUUUCCUUCUAACAGUCAGGCCCCUCUU,0
AGUAAAUCUUCCCUGAUCCAUAGUUAAGUGAAUAAUAAUAG,0
GAGGCUAGGGUAGGAGAAUUUCUUGAGCCCAGGAAAUUGAG,0
ACAGGAAAACUAUCAAGUGAUUAAAUAAGCACAAUAUCACU,0
UUUUUAAAUAUGGUCAGAGUUCUGUUUUAAAAUACGGUCUG,0
CACUGUAAAUUUCACAGGAUUUGAUGAUGUCAGUAACUGAA,0
GACCAUCCCGGCUAAAACGGUGAAACCCCGUCUCUACUAAA,0
UACAAAAAAUUAGCUGGGCGUGGUGGCACGUGCCUGUAGUC,0
AUAAAGCUACUUUAAAAGUCUCCAGCUGCGACAUCCUACAA,0
UUCAGAGCCGAAAUCAAGUGUGGAAAAUGUUAAUCUAGAAG,0
UCUGAAUCCUAGGAUUUGUUUUGUUUUGAGACAGAGUAUUG,0
AAAAAAAAAAAAAGAAAAUAUAUAUAUAUAUAUUCCACACA,0
GGGCAUUCAAAAUGGUAUGUUGGUUUCCUGGGGCUGCUGUA,0
AAAGGGAGAGGCACAAUGGCUCAUGCCUAUAAUGCUAGCAC,0
CAGUCUAAUUCCAGAACAUUUUCAUCAACCCUAAAAGAAAC,0
UUUGCGUUUUAAUGAUAAACUUGAUUUAUUCAAUUCUAUUC,0
GGGUGUAACAGUUCCAAGAAUAUUUUAUAAUGUAAAUGGUU,0
UUAGUAUGUGCUAGGGAGUAUUCUAAACACUUCCUAUAUAG,0
UAAGAUAACCUGACUUUAACUGUAGACUGCAUGUGAUCAAU,0
AAAUCUUUGUGAUCUGGGGUUUGAUGGAAUUGUUCUUAAAC,0
UUUUAUAAUUCUGAGUUUGCUUUUUCUUAUUCCCUAGACAG,0
GGACAGUAGGCGGGGUGCAGUGUCUCACGCCUGUGAGCACU,0
AAUAAAGAAAAUGUAGGAACUCCUAGUAAACCCAAAGAAGA,0
CAGCAGCAUCAGCGAGGACCUGGAGUGCUACUCCAGCACGG,0
AUUGGAAUUUUUAUUGCUAUUUUAAUGCUUCUUAAGUCUUA,0
CUCCAGCCUGGGUAAUAGAGUGAGACUCUGUCUCAAAAAAG,0
AUUCUAAGUUAUUCGACUUGUGCUACAAGUUCUUGUUGGAG,0
GGAGGAGCAUGUGUGCAGUGUGCCCGGCUCCGGCACCCCGA,0
AAACAUUUUUACUUGUCACAUCUGUAAACAAGGUUGCCACA,0
GGGACCACCUUUCUGAGGAGUCUUCCUGGGCCACUGCUAGC,0
CUGAAGCUCCCAUGCUACCUUAUAGAAUCCAUCAUUUAAGA,0
UUUAAAAAAUGAGCACAGCCUUCAAGAAGUUUGGGAUUAUG,0
UCUUAAUCCCAGAUUCUUCUUAUAAGGAUGUCAGUCAUAUU,0
CUUCGCCAAGGCUGGCGCAGUCGGUUUUGACCUGUAGCAGA,0
UCCCUUUCCCUCAUGUUUCAUUUUCUCUUGGCUAAAGAGUU,0
UUUCUGUCCUUAUCUUGAGAUUCUUUCCUACCCUCACCCUG,0
UCUUAUUCAUCUUUCAAAGCUGACCUCAAAUGCCACAUCUU,0
UACUCAUUAUUAUCAACUUCUUUCUCUUCAUUCCCUUUUCU,0
CCACAGUCUCUGUUUCUUCGUCUAUUAACAGAGAUAUAAAU,0
AUUGAUCUUGUGACAGUCUGUUUCAAGCUAAAGGCCCCAAG,0
UACAUUAAUUACUAUAUUUCUAGAAGCUUUUGUUUGUGUCA,0
GAAAUUGCCCAUAGUCAUACUGCUAGUAAGUUCUGUAGCCU,0
AUCCCAUCUUAGAAAUAUGUUCCUCUGUAUUUUCUCUUUCU,0
UAGAGGGAGGUCUGGAAGAUUUCAAUCAGGCACAGAUAUGG,0
GUCAGUCGUUGUUGUUAUUGUUUUCUUUUUAAUAGAUGUUU,0
AAAACAAACUAUCUACUCUUUCUGUUCUAUUGUUAUUGCUC,0
AUGAGGUCUCACUGCAUUGCUGAGGCUGGUCUCAAACUCCU,0
AUCAUUUUAUUGCAGCCUUUUCCAGCCACCAUGCCCCAUAA,0
AUUUGGGAGGCUGAGGCAGGUGGAUUGCUUGAGCCCAGAAG,0
CAGGGCAGAAUAAUAAUAUCUUCUUUUUUUGAGAAAGGGUC,0
CAUUUCCAUCAUGGUAAAUAUUUCUAGAAAUUACCCACAUA,0
CUGUGAUUUUCUAAAACUGAUCCAAGUUCAGGAGAUAGAUU,0
AUAACAUUUACUCAUGAUCCUAUUUCUUCAGAUUUGGAGCC,0
CCCGCCCUUUUUUUUUUUUUUGAGACGGAGUUUCACUCUUG,0
UUCCUGGAGGUAAGUGGCUGUGGAAAUCAAGGAAACUGAAA,0
CCCGCUUCAGCCUCCCAAAGUGCUGGGAUUACAGGCGUGAG,0
AUGUAUGAUUGAAUUACUACUGACCAUAGUCACCCUGUUGU,0
ACUUCGCCAUGUUGUGUGUUUUAUGGUUGCCUUAAGAUGAC,0
GGUUAUAUUUUAGGGAAUAAUAUUAACAUAUGUUCCAAAAC,0
AUACAGAAAAAGAAAAACACUUUUAAGAAUGGCAAUUAAUG,0
GGCAGAGGCAUGCUCUGAACUCAAGUCUGUUUUUUUGUGUG,0
UGUAAUAAUGCUUUUGUUCAUUAAAAUGAUUAACCUCUUGC,0
CAGCUGCAGGUCUGUUGGAGUUUGUUAGAGGUCCACUCCAA,0
UUUUACCUAUUUUUCUGUAAUGUUUUUAAAGCUUUAUUCUA,0
AUGCGAGGAAGGGGAGGUGGUUCUGACUGAGGAAGGCCAGG,0
AUUCUCUUUAUAGGUGGCUUUAUAGGUGAGGCGAUUCUUUU,0
GAACUCCUGGCCUCAAGCAAUCCUCCCACCUUAGCCUCCCA,0
CUCAAAUUCCUGUGCUCAAGUGAUUCUCCCGCUUUGGCCUC,0
UUUUGAUAUGUCAUUUAAAUUUUUAGUAGGUUCCCUUUUAU,0
CAGCUGGCUUGAAUUUCCCCUCAAAAAAAAAUGGGUUUUUC,0
CUUUUCUUUUCUUUUUCUUUUUCUUUUUUUUUUUGUGAUGG,0
ACAUAUCCUAUAACAGUACCUUGCAUAUAAUAAGUCUUGAU,0
UCUGCCUAGUCUUUCAUUCAUUCACUCAUUGGAUAGUCUUC,0
UCUGUGUGAGUCUCAGUCUCUAUUGUCCAUGGAGACCCAUC,0
CCAGCCGCUCAACAUCCUCUUAGCCCACAGGCUCCACAGAA,0
CCUUGUAAUGGGAUUCCUGCUGUGUAUCAAGUGCUUCUGCG,0
AUAGAGGAAAGCCAGAGAGAUAAACUUUAGCUGGAUGCACC,0
CUGGGCUUUUUAUUUAUUUAUUUGUUUGCUUUAGCAUAUUU,0
AUAUCUAUUUCACAUUAAACUUUGGUCAUUGCAUAUUUUGG,0
AGGUUUUUUAUGAAAAUUAGUGGAAUCCCUAAGAUACUUAC,0
AUCUGUAUAUAUGUAUCAUGUAAACAUGAUUUCCUACUGGC,0
GCAUGCCAGUCAGUGUCUUAUAAUAUGAUAAUGUGGUCUCA,0
GAAUACCUAGGAUUUGGAAAUACAGGUGGUUUGUUUGUUUC,0
AUGGUGCUGAUGAAGCCAGGUGGCUGUCCUGGCUCCUCCCA,0
AAAAGAAAGUGCUGGUGACUUAGUUUUCUUCCAAUUAGCAG,0
CUUUUUCACCAUUUGGGGGAUGAGAUGGGGGUAUAUAGGUU,0
AUGUAUUAAUAAAAAUGUUUUUAAAGUUAUGAUUUUAUUUU,0
UGUUCAUAUUAUUUCUAUUGUGUCAUUAAAUAAAAGGAGAA,0
AGGUAACAGAAUCCCAAUUUUAAGCCAAAAGAAAAAAUUAU,0
AAAGGAUGUUAAAAGUAUCCUCCGUAAUGAUAGAGUAAAUA,0
GGAUCUGUCAUGACUGAUCUUCAGGAGGUAGUGAAGAAGGA,0
UCUGAAGGUGUUACUAUCACUCCAUCCCAGGUAGAUAUUUC,0
GGCUUUGUUUUUUUUGUUGCUUUUUUUGUUUUUGUUUUUUG,0
AGAGAAAGUCUUAUGUUUCGUGUGUGGGGGUGUGUGUGUGU,0
UUGCCGAAAGAAAUUAAAUUUUUUAAAUUUCUAAAUAAUUG,0
UAAUGUUUUCCUCUCCGGAAUGGGGUCUUGACAUUUCUCAC,0
AUGCAAUUCAUAGAGCAUUUUUUCACUACAGUAUUUCAUGU,0
GGAUUAUUUGCACUGUAGCUUUUGAUGUAAGCCAUCAUUGU,0
UCCCUCCUUUCCUUCUCUUCUCCCCACCUUCUGUCCUUAUU,0
UUCUCUAACAUCUUAGAAAAUCUUUGAUGAGUUGGUCUGAC,0
GAUGGGGUGGGGGCUAUUUCUCUUUCCUUUUUGGUAAACAA,0
UGCACCCAAACACACUCUCCUCCAUGGAACAUGGUGUUAUU,0
AUAGGCAUAAAUCCUGAAAUUGAGUUGUUUUUUGUUUUGUU,0
UACUCCUCGUUGUUUCUGUAUGAUUUGAAGAUGAAUGUUUU,0
UUCAUUAGAGAAGUUCCCAAUUAAUGUUUCUUUCUCAGUCU,0
UUAGGCUAAUUUUUGUAUUUUCAGUAGGGACAGGGUUUCAC,0
GGCCUGUGCCGAUCUGAUUAUCGGGGUCAUUUCAAUGAAUC,0
CAUUUUCUGUGUUUGAUACAUGGGGACACAGAGACUCACAA,0
AAGAGGAGACUACUAGAAGCUGGGCGCAGUGGCUCACACCU,0
UUGUAUUUUUUUUUUUUUAGUAGAGAUGGGGUUUCUACACA,0
AUAAACACAAUUUUACAAUAUGAUCCAGCAAAUUUUGAUCU,0
UAGCCAUUCCAGCUUUAUUAUUAUAUUUUCACAGUAUGUUU,0
UGUCAGGAUCGGGGAAGCAUUCAGGGUAUUGGAGCCAUGGA,0
UAUUAGUCUUAACUUUUUUUUUUUGGUGGAGUCAUUAGAGU,0
CAUCCCCUCUAUCUUCAUGGUAACUUCUAGAACAGGCCCUC,0
UGAUAAAAAAGUCGUUAGUCUCUGUGUUUUAUGUCUAUUAG,0
CACAGCAGCCAAUUCCAGGCUGUGGCCUCAAUGGCUCCAUC,0
CAACAAAUUUAGAAGUAUUUUCAGUCUGCUACAGUAAGUAA,0
AGAACUUAGAAUUCUGCUUAUCACAAAGGCCCAAACUUUAA,0
AACAACUGCACCAACAGGGCUGGAAAGCCCUUCCAGCAUGC,0
GAUAAGACUUUCCUCAUCUCUCUAAAAAACAAAAACCUUAA,0
AAAUCACCAAAAGCAAAUGUUUAAAAAGAAAAGGAAUAGAU,0
UAACAUAUUUCUCUAAGAUAUCCUUAUUAGUUUUAGAGGAA,0
CACUGCGAUCAAGUUGGCUUUAUCCCUGGGGUGCAAAGUUG,0
CACCUGUAAUUGGGAUGAACUGCCACAGCUUAUUCUUUACU,0
UUUCUCCUUUAGGUACUAUGUAGGGAUGAAUAAAGGAAUGA,0
UCUCCAGAGCACUCGUCCUCUCUUUGGAGGGGUUAUUAGGU,0
GUAAUGACUACUGGUCUGGAUGACCUGUGAUGAGACCAGAU,0
AUGCCUCCAGCUUUGUUCUUUUGGCUUAGGAUUGACUUGGC,0
AUCUUCAAUCACUGAUAUCUUUUCUUCCACUUGAUCAAAUU,0
ACAGAACUACUGAUAAGGGUUUAUGUUCAGCUGUGCACAUA,0
UUUUUCAAAGGAUUUUCAACUAUGAAUUCAAUGUCUUUAAU,0
UUAUCCCUCCAAAUCUUUUAUAAAUCAACACUUGUAUUGUA,0
AGGUGGAAUAUUAUGGAAAUUGUCCUCCCUGCUUUGUGGCC,0
CAAGAAUUACAUGAAGUAGCUGCAGUGUGCCAGAUACUGUA,0
CGGUAAAAUCACAGCAGCGCUCCUGUCUGGCGCGGCAGGCG,0
CCUACUCUGUUGUUGUCAAUUCAUGUAAGAAAAUUAAAUAA,0
UGAGAAGAGGUGGCUCUUUCUUUUCUUUGUGAAACAGGCUG,0
UCUCCCCAGAGAGGAUCUGUUUACAUUUCAGAGCAGCAAGA,0
CUUCCUCCUCCUCCUCCUCCUCCUCCUCUUCCUCCUCCUGC,0
CCGUGUUGGUCAUGCUGGUCUCGAACUCCCGACCUCAGGUG,0
UAAUAUAUCCAGAGAAACACUGACCCUCCCUGGGGAACAUU,0
AGGUUUUUGUUUUGUUUGCAUUUUUGUUUGUUUGUUUGGAG,0
CUAAGAAAUAUGAGAUUCACUUGAAUUGCUCUUUUAUAGGC,0
AUUAAUCAACAUUUGGCCAAUCUUAUUUUAUCAAAUCCUCU,0
AAAAAGGUAUUUGUUGGUGGUAUUAAAGAAGACACUGAAGA,0
UUUAUGAAUAAUUUUAAAGCUAGCUUAUUUAAGAUUUUACU,0
CCAGAUUUUUGCUAGUUUAAUUUUCUCUAUUAUUUGCAUAU,0
UUAACGAAGAUAUUUAGGACUUGAACUCAGUUCUGGGCCAA,0
UCUCCCCAGAAAACCAUUCUUUUCCUUUCUAUCCCUGUGAU,0
AUGACUAAGCAGUAGCAGCCUUUUGUAUUCAGUUUAACCCA,0
AGCUCCUUUCUGCAAGCAGGUCACCCUGACAUCUCUGCUUC,0
CUGAUUUACUUUCUCUGGGGUCUAUACCCAGCAGUGGGACU,0
CUAAUUUAACUUAUUCAAAAUAUUAAAACAAAACAAAUUGU,0
GCCAUGGCACCCAGCCUGCAUAGGAUCAUUUUGAUUCUCCU,0
AUUUAUAGAUCCAGUGCUAUUCCCAUCAAACUACACUGACA,0
UUUUAGCUGGGGUCAGAUGAUAUCUCAUUGCAGUUUUGAUU,0
UUAUUGACACCAGAGCAUUAUGCUAUUAGACCCGUCAUGAG,0
AAAACUGAUGCAAAGAAGGAUACAACAUAACAGAAUCUCUA,0
GUCCAUAUGGUAACCUUUUCUUCAGGUUCAUUAAUAAGGAC,0
UUAUUAUCAUAAAAAUCUGUUAUUUUAAAAAAUUAUGUUAU,0
CCUGUCAGGGGGUGGGGGAGUAGGGAAGGGAUAGCAUUAGG,0
UUGGCUAGCAACUUAGAACUUUUUAAAAGAGGCAAAGGUAG,0
GCCUCCCAAAGUGCUGGGAUUACAGGCGUGAGUCACCGCGC,0
CCCAGCUUCUCUUGUUUAGUUAACUACUUAUAACAUGGAAA,0
CGCCUCGGCCUCCCCACUCAUCCAAUGUUGGGUUUCUUCAG,0
AUGGGGUUGAGGACCAAAUGUCUAUUUUACAAUGUCACAAU,0
UUUAUGAAUAUUACACAGCUUGCAAGCAAAUGAGAAUCUUU,0
CUGUGCUUUUCCAAUGGUCUUAGCAAAUGGCACACCAGGAG,0
AGGGGUGGGGUGGGGAGAGAUAACUGGCAGCAGUGUGAAAG,0
CUCCUCACCCGUCCUUGCCCUUGCGGGCUCUGUGUGUCUGA,0
UAUUACCUGGAGCUCUAAUCUGAUUGUCUGCCCACCCCUGA,0
CACAGACACACAUAGGAAUAUGUACACACAUCACACACAUA,0
CGUAGAUCCUGAUUUCGUGGUUGAAAAGGCAACUUCUAAAA,0
GGUUAGGUCCACUCCUUCUCUUGGCUCCCACCAAGGGUCUC,0
GAAAGUAAAAAGGAUUAACAUAGUGUUUUCUAAUCAGUCAU,0
AUAUGUAACUAUAAUGUUGUUCAGUCUGGAAAAUGAGGAAA,0
UUUGUUUUUGUUUUUGUUUUUUUUCAUGCCUUUAUAUUGCU,0
ACACAGAGUCAUGCUCCACAUAACAAUGUUUCAGUCAACAA,0
UUAUGACUGCACCAUUGCACUCCAGCCUGGGUGACACAGCG,0
CUGAGAUUGCGCAUCUGAGAUUAGGUGAUACAUUUAAUUGA,0
GUUAAUAUCCAUACUCACAUUUAAUUAGAUACUAGCUUUUA,0
GGCUGACAUCAUGUUAACUCUAAAUAUAUAUUAUUUAACUU,0
UUUGAAACAAUAAAAAUAAAUUUUUUUCUUUAUAAAUUACU,0
CUAGGAACCCACUUCUGGUGUGAUAAAAUUCUAAUUCAGUC,0
AGAACUAAAACUGAAUGGACUGAACUAAAACUAAAUAAAAC,0
CUGGCCCCAAAUUAUGGAUCUGUACUUGGGGUACAUUUUCU,0
CAGUAACAGGACAAGAGCUGUCUCUCAAAAGGAGAGUAGUU,0
UUUACCUGAGAAGGUGAUGUUGAAUCCUUCAUAUGACAUGG,0
AAGCACUCCUCUUUGGCUCCUGUGCUACCUCCGUGGCCCAA,0
AUAUAUGUAGGAUAGCCUGGUAUCCCUGUCCCUCCUUGGCU,0
AGAUCACCUGAGGUCGGGAGUUCGAGACCAGACUGGCCAAA,0
CUCUAUAUAAACAUAUUUUCUUAGCUCUUACAAAUUAUUUU,0
CCUUGUUAGAAUACUGCAAAUCUGAAUGGAACGUGCCGAAC,0
GUGAGCCACUGCACCCGACCUAGGAAAUACUUUAUUACAUC,0
UACUUCAGUCAAUGAAUUCUUCUGUUCCAGAGUUUGUAUUU,0
AAAAUACAAAAAAAUUACCCUGGCGUGGUGGCACAUGCCUG,0
GUAGGUUAAAUAUGUGUUAAUCUGGAAUUGCAUACCUAGCU,0
UCUCUACUCUUUUUGAGCAAUCUACUCUAUUUUUAUAAUAG,0
GAGAUGAGAUUUCACCAUGUUGCCCAGGCUGGUCUCAAACU,0
UAUAAUAUAUAUAAUAUAUAUAUUGGUGGCUCAUGCCUGUA,0
CACAUGUGUGGCAUAAAUCCUGCUUUCUAGAAAUGCGUAUU,0
UAUAUUGACAUGUAAACAUUUUUAUAUAUUUAAGUAGUUAC,0
GGGUAAGAAAUUUUAAAUAUUUACUUAUUUCUGUUCAACAG,0
GCCUAAACAAACUUUAUGUGUUCCUAGAAUUGUUUCUGGAA,0
GGGGUGUGUAGGAAUGACAUUCCCUUCCCCUGACCACCACC,0
CAAGGUCUGGACCCCCUGAAUAACCUCUUUCUUGCAUUUCA,0
UUCAAAGGGAAUGCUUCCAGUUUUUGCCCAUUCAGUAUGAC,0
UUAUUUAUCACUAUCCCACGUCUAUGAAUGAGGAAACCAAG,0
AAAUUGUGAAUAUGUUACCUUACAUAGCAAAAGGGACUUUG,0
GGCGACAUAGCGAGACCCCAUCAGGAAGACGGACGGAUGGA,0
AGUGUUCAAAGUAUUACAGUUCCUGGAUUUCCUGCCGUGUA,0
AGAACUAUGAGCAACAGCGUUUAUCACUGUCUUUACCUUGG,0
GAUUUCUCUGGAAGAAAAUUUUAGUGGGAGACAGGAAGACA,0
UACCUGUCACAGAAUGCUGAUUGAAAUAAUCUUUCACUUGC,0
UAUUAUAAUGAAGCAAGGGGUAAAGAUCAGUCAUUCUUCUG,0
GCUGCUACUUCAUUAAAGUAUAUUUCCUCUAAUUUUUUAAG,0
AACAGAAUACAAACAAGCCCUAGAUAUAUGAUAUUUAAACU,0
CUCUCUCCUACCUCUUCCAUUAGAAGAUGAUGAUGGCCCUC,0
CUUCUUGCAAGAAAUAAUGGUGCUAGACUGGAGUGGUAGUC,0
CAGGAGAUCAGAUUCAAACCUUGCGCUGGGCUACAAGCCCU,0
UGUUUCCAUGAUAUGGCGUGUCUUGAAUGCCAAGGGGAGAC,0
AGGGUGGGUUCCCAGGCCUGUUGCUGAAGGCUGACCUUAGU,0
GGGGAGUAGGUUAGAUGCCCUCCCUGAGCUCUCAGGGUGGA,0
CUUAGUGCUCUGGGCCUCAGUUUCUUCAUCUGUAUAAUUAC,0
GCUGUGACUCAAGGCACUCAUAUAAGGAGGCAAUUAUCUCA,0
CCUAGCCAUUCCAGAAGGAUUUGAGGCCUUUGCAGUCUCUC,0
GGCCUCCCAAAGUGCUGGGAUUAUGGAUGUGAGCCACUGCG,0
AACAAAUGCUCAGAGGUCGCUGGCUUGCCAACAGUCACCCA,0
UCUCUAACCCCCUACUUAGUUAAGGAGAACCCUGCCUCAUU,0
UGCUCUCAGAACCACAAAGAUGCUAGUGUUCCCAGCAAGAA,0
UGCCUACCUAUACAUUUAUCUAUCCAUCCACUUAUCUUCUA,0
CCCUAUUUCCUUGUCAGCAAUGGUUAAUUUACAACGCUAAA,0
AACUAGAUUUUUUUUUUCUUUGAGGCGGAGCCUCAGUCUGU,0
UCUUCCCUUCUUCUUCGCUCUCUGAUGAGUCCAGAAACCAG,0
UCAUAUUUCACAUCCCCAUUUGUCAUUAUAAAAUUUAACAA,0
ACACUAACUCCCAUUUCCUGUCCUCUAGCCUCCUGGAAGCC,0
GGAAGUUGAAGUCCCUGGCUUUGCAAAUUUGUAACCACGGA,0
UGUGUAAGGAAAGUGUUGUCUUUUGCUUCUGUCUAGUUAAU,0
AUUCACUAAAAAAGAAUAGGUUAAUAUGAAUAAGGAAUAAA,0
UGUGUGUGUGUGUGUGUGUGUGUGUGUGUGUGUGUUGUUUA,0
CCUCCAUGAAGGCAUUUCUCUCCCCUCCGCAACCCCCUGCG,0
UCUUAGCACAAAUUUUUUUUUAACUUGGCAUAGAAUUCAGA,0
AAUGCAAAUACAGCCAGCCCUUCACUCACCUUCCCAUCUCU,0
AAUAUUAAGAUCAUUUGGUAUUGAUUUUGAUGAAGCUUUUA,0
GACAUUCUUUUACUUGUCUGUUUUUGUUUAAGUUGUUCAGG,0
AUAACACCUUCAAUGACUGCUAAUUUCCGAUCCCAAUGAAC,0
UUGCGCCUCAGAUUUUUCCUUUAACAUCUUUUUUUUUUUUG,0
GUCUUCUUUUGAGAAGCAUCUGUUCAUAUCCUUUGCCCACU,0
AACUAAGUUAGAAAACACUCUUCAGGAUAUUAUCCAGGAGA,0
UAUUGUUAUUGAGUUCUGGUUUCAUUCCCUCAUGAUUGGAA,0
CCUGGCAUAAACAAGUUUUAUUUUAUGGUUCUUAAAGAAAG,0
UUUGUAUGUUUCCCUGACACUUUGCUUAUAGUAUGAAUGGU,0
AGUGUGCAGACAUCAGGACGUUUAUAAAUAUCCCUUGAAUU,0
UAAAAAAAUGCAAAAAUUCUUUCCCUACUGGAAUGCCUCUG,0
UUUAGGAACUGUUAACAUCAUUUCUAGGGAACAGAACCAGC,0
UGCUAAAUAGUGAGACUCUGUGUCUACCAAAAAAAAGAGAC,0
GGCUAGAGACUUCAUAUAUAUAUAUAUAUAUAUAUAUUGCC,0
UACAAUUACAAUUUCUAUCCUCCAUUGCAAAUGGGAUCCCA,0
UGCUAAUUUCUAAUGAAAUUUAAGCCCGAAAUAUCUCUGUU,0
UUUUCUGGCAGAGGCUCUUGUGUUUUCUCAUUUUCCGUUCC,0
UUUAUCUUGCAUUAUAUACUUUUUAUAAUUAUAUAAAUUUU,0
GUGUGGACUAGCACUGUGUGUGUGUGUGUGUCUGUGUGUGU,0
UACGUCUGUGUAUCUACUUCUCUCUAUUUCUAGCACCACCA,0
AAUCAGUAUAUAAUCACACAUCUGGCCAUUUCUUCUUCCAU,0
AAGCUUGUUGUUGAUCAGACUCCGUUUCGCUCAUACAUAUU,0
AACAUUUUUGGUAAUUCAUAUGCAGGUUUUUAUCAUUUUGU,0
GGGCCAUACAAACAUUUUCGUGUGUGUACUGCUGUGUAACA,0
GAUUUGUUGUCUCAGCUUCUUAAUAUGGGUCUUACAGAUGC,0
CCAUGGUGGUUUGCUGUACCUAUCAACCCAUCAUCUAGGUU,0
AAUUAUGAAUAAAUACAUGUUUUUAUUGUACCACAAUGCCU,0
AAAGCUUCACAAAGAAUAUGUCACCCAGACACCGAGUUGAG,0
UUUCACUGUGUUGCCCAGGCUGGUCGUGAACUCCUGAGCUC,0
UCUUAUUGCUUUUACAGUCUUCAUGUGUAUUCUGCAGUUUC,0
CACCGCAAUGGGCAUAUUUAUUUAUUAAUUUAUUUCACAAU,0
AGUGUCUGCUUUCAUGAAUCUUUGCUUUUAUUUUUGCUGGA,0
UCAUAAUUUUAUUCAGCUUAUAUAUUUUUGCAUGAAUAUAA,0
GUGCUGCUGGGAUCUCCACCUGGAGCUCCCAUUAGCACCUU,0
UAUUUGCUUACCCUGCCACAUAUAUAUUAGGAUAACAUCAA,0
AAGUGAUCACAUUUUGAAUAUAUUUUGAGAGUAAGAUUCAA,0
GUAGAGACAGGGUUCCUCCAUGUUGGUCCGGCUGGUCUCAA,0
AUACAUAAACCAGUAACAGCUGUUUAUUAUAAUUAUCAAGU,0
UGACUCCAAAAGAUGAUAACUAUCCCAGCCUUUGCUAUAAA,0
UGGUUGCAGAAUGCGAAGUCUGUGGUUUAUCAUUGUAAUCA,0
CUUGGAUUAUAGUGGUUUAUUUUCCUGUUUAUGUCUGCCAA,0
CUUCAUAAAAAGUUUUAACAUUAGUUUAAAGUUCUCCAAUU,0
ACAUGGGCUGAAUGUGGGUUUCUCCAAAGACACUUUGCCUU,0
AUCAUGUUACAACAUUGAAAUACAUUGAUUUAUUAAAAAAU,0
UAGUAAAUAUUAGUAACUCAUCUCUAUUCAAAAUAAAUGCU,0
GCAGUGGUUUGUAGUUCUCCUUGAAGAGAUCCUUCACAUCC,0
GAUUGGUAGAGAAGUACUAAUGUAUAGAUUACUAGUCAUUU,0
UUCACUGCAAACCACAACCUUGUGAUUCUCUCUAUAUAAAU,0
UCCCUAUGAUAAGAGCCACUUGUCUUGAUGAUAAGGCAAAU,0
CCUCCCAGAGCCCUUGCUCUUUAGGGUCCCUCUGCCUGGGA,0
CACCCUGGUCUUUGGAAUAAUUGUCUUCCGUGAAACUAGUC,0
UUGAGUAAAUGUUCCAUAAUUUACCUAGCUAUUCUACUGUA,0
GACAGCUGACCGUAAUAUACUGUUACUCCUACAUUGGUCAU,0
CCUCUCAAUAUAUUAUAGUGUAAAUCUGAUCAACAUAUAUA,0
UAAACUGUUUCCACAGCAGUUGUACUGCUUUACUAUCCCAU,0
AUAAGUCUGUCUUUGAUAAGUCCUGAGAACAGAAAUCAUAU,0
UUGAACGUACACUGCCUGACUCUGGAGUCCAUGCUUUAAAG,0
GUAGUUCUGAAUUCUUUUUUUCUUUUUUUUUUAGGAAAAUA,0
CACACACACACACACACACAUAUAUCCUGUAUAUGUGUAUA,0
AUCUACCCACCCAUCAAAUAUCUGUCUAGCCCCUUCUCAGU,0
GUUUAAUAAUUUUAUUAAUUUUCUCAAGGAUCUAACAUCAG,0
CCGAGAUCGGGCCACUGCACUCCAGCCUGGGCCACAGAGCA,0
AGGAAAAGGAAGAUACCACUUGAAGAAGUCAGGUUUCAUCU,0
UGUUCAAGGCCUAGCAUAUCUCAGUCACCUCCAGCCCCCAA,0
AUGCCUGGCACAAAGAGGUCUCAUAGAAGUAUUAGUUUUGC,0
AACUCAGAAAGCUGAAGCAAUCUUUUUGACUUUUGAUUGGA,0
AGGUGAGUGCUCCGGGUGCUUGCCAAGGUCUGUCCCCCUUG,0
AAGCAUGAGAAACUAAUUCUUGGGGAGCUUUUUUCCAUGUU,0
AUCCUAGGCCCAAUGCCAAAUGUGUUGUUUCUCUUAGAGAU,0
GCACAACCUUCUGUUCUUUAUUCAAGCUGCGCACUUUGAUC,0
CUGUCCACCAACUUUCUACCUCUGUUCCUCUUUAUUUUUUU,0
AUACAAGGCAACAAUUUUCUUAAUAAUUAUAAAUGUAAGUG,0
CAAAGAUCUGAUAUCUAGAAUCUACAAGGAACUCAAACAAA,0
GGCUCAGGAUAGGAAGGGAGUGAAAGGAACAUUUAAAGUUA,0
AAUAUUGGUUUUUGUUGGCUUAGAAAUAUAUGUCCUUAUUA,0
AUGAUACUCAAAAACAUACGUACUUUCAAUAAUGUAGCUGG,0
CACAUCUCAGUAUUUUCCAUUUAAUAUAUCAUGAAUCAUUA,0
UACUUUCUUUGUGUUUAGUUUGCUGUUCUUUUUCUGGCUUG,0
UGAGUAGUUGCAACAGAGACUGUAUUGCUCACAAAGUCUAA,0
UCCAAACUUCUUCUGUGUUUUGGGUCUUGUUUUGUUGUUAA,0
GAUUUGAAAUGCUGCCUCCAUUGUGUACCAAUCUCCAAUGU,0
CAACCCCAGUCCCUCGGCAGUUCCAGAGACCGGCUCCUCAC,0
AUUCUUGAUAGGUAAAAAUAUGAUCAGGCUGGACGUGGUGG,0
UUCCACAGCUGAUGCUUCACUCAUCCUAAGCCCCGAAAGCU,0
AAGCUUCAAGAUGAUCUCCUUUGACUCUAUGUCUCAUAUUU,0
UAGAAGCUGACUCUGGCUGAUUAAAGAGAGGAGGAGUUUAU,0
AAACAGUGUUGUAGAUAAACUGCACUUUGGUUACAGGCCAU,0
GCUUAUCACUUGAGUUCAGGUUCUAGCUCUCUCACCAACUA,0
GUUCCUGCUCAAAUUCAGUCUUCCUAAACCCUUUUUAUUCC,0
ACCAUUUCAUUUUUGCACUUUCCCUCCCAGCCCUUGUCUGU,0
UCUUGGUUCCUGACUACACAUAAGAUCCCUAAAGUGAAAGA,0
GAAAAGACAUAUCUUUCUUCUCCCAGAACAUCGGGCACAAG,0
UACAAAAAAUCCUGUUGAUUUGAUUUUGAGAGGGGACAGCC,0
AGUCUUUAAAUGCUGGGAUAUAUAAAGACAUGUGAUUGUCU,0
ACCUUUGGUUUUUCAGCGUUUCCUAUUUUACUACUGUGAGG,0
CCGUUAUCCAAGGGCUGAUAUGCUCAAUCCCUGCACCAGCC,0
UGUUUUUUUCUGAUAGCAAAUAUAAAAGUAAAAGUUUGGUU,0
CUAAGCCCUAUGCUAUGCACUAAAAACUGCAGAGAAAAUCA,0
UUCCUACAUUUUAUAUUUGAUGAGGGCAAGGCCUCCAUAUU,0
GUCUGCUACCAUGAGUGGGGUCACCACGUGCCUGCGCUUCC,0
GUAAUGGAUCUUUUUUAUGUUACAUUGUAGGAAAAGACAAA,0
AGCAGUGGAUUGAAUUCUUAUAGCUUUGUAGAUAAUCUAUC,0
AGGAGGCUGAAGCAGGAGAAUCACUUGAGGCCAGAAGGCAG,0
AUUCACACUUCCCAAAGUCCUGUCCUUGGCCCUCUUCCUAC,0
UAAUUAAACAGAACAAAAAAUCAUUACAUGAUUAGUUGGUU,0
AUUAUUUUAUCUUCUUGGCUUCCACAACACCAUUUCCCUAG,0
AAUUAUUUUGGCAAGAAAUCUAUGCCCUGGAAUACAUUAUA,0
UCCUGCCUCAGCCUCUUCAGUAGAAAUUUUUUUUUAAUUUU,0
GGCCCUUCCAGGCAUGUUUAUUCUACAACCUUCUUUCAUCA,0
UCUUUGUAUGGAUGUACUUUUGUUGAUUAAGUAUUAAUAGU,0
CCAAAUUAAUUAUUCCCUUAUGGGUAAACAAUUGUCCCAGU,0
GGCAGGACCUUUCUUCCCUCUCUGCAGCUCCGGCACUGGCU,0
GUUUCUAAUGGUUAUUUCUAUUUCUGAGGGAUCAGUAGUAA,0
AAAUUUUCAAUAUAUAUUUUUGUUCAUUCCUGGACUAUCCA,0
GUGCUCUGCUCUAAUACAUUUAUAACUCUUUGUCCGCACUU,0
AAAAACCCCACCUGAAGGUUUCCAGUUCUGCCAGCAGUCUC,0
CGAGUGCAUGUUCGCUUGGCUUUGCAAAACGCAGCCACCCU,0
UUUUGCCACAUUGGCCAGGCUGGUCUUGAACUCCUGGCCUC,0
GAACUCCCAACCUCAAGUGAUCCACCCACCUCGACUUCCCC,0
GACCAGCCUGGCCAACAUGGUGAAACCUCACCUCUACUAAA,0
UGAAAUUAUAGUACUGUUACUGCUGUUACUGUAUGGGAAUC,0
GAGAAAGAUACAACCAAUGCUAUGGACUUUGACUGAAGGUG,0
AGAAUAGUCUUUUGGUUAUCUCACAGAAAAAUCAACAAUAG,0
UUUUUUUUUUUGUAAAUGGAUUUAUGUCACUGAUUUUCAAA,0
CUGAGUCUCUGUUAUAGGACUUAGAGAAAUUUUCUUAUACU,0
CCCUUUAAAAAUAAUGUCUCUUUUAAAAAUAAAGGAGACAC,0
CAUCAUUGUCACCUCCAAAGUUUCCAUGACAUUAAACAAAA,0
CUGGGGGUGAUCUGUCUUUUUCUCUUUGGGGAGGCUCAGGG,0
AGCCACUCUACUCCUAAGUAUUUACACAAGAGAAAUGAAAA,0
CAUGAACUCAUCAUUUUUUAUGGCUGCAUAGUAUUCCAUGU,0
AAGAUACAUUUUUUUUCUUUUUUUUUUAAAAGAGGUGCUUA,0
UCCAUGUAAAAGUCAUUUUCUUACCACUCAGAUGGUUUCUC,0
CUGGACCCACUUCUUUUUAGUAAUUCUUAAAAUUAUGGUUU,0
GUUUCCUCCACUCACAUCCUUCCCACCCUAGACCAUAUCCA,0
AUCACCCUUAACUUACUAACUUUGUCAAUAUUUUAUUGAAU,0
UCCUUUGAAUUCUCUUGUUUUUCCUAGUUUUUUGGCUCACC,0
CUGAAACAUGUUCUCCUACAUGCCCCAGACUGACUCUCCAG,0
UAAUGAGCAGAUGUUGCUAAUCUCACAUUUCCACAAGCUAA,0
CUAUUUCUGGACUAGUCCUGUCAUUCCAGAUGAGCAAGCAU,0
GGUCGUUAUGCUAAGAGAAAUAAGUCAGGCACAGAAAGACA,0
ACAUCAAGGACAAAAUUGUCUCUUGAGUGUUCUUCAUAGGA,0
GAACACCACCUGUCCACCCCUGGGUCUCCCGUGCCCAGCCC,0
GGAAGAGCGCCUUAUAAAACUCUCAGAUCUUGUGAGAACUC,0
CAAAAAGUGUGUUUCAAAACUGCUCCACCCAAAGGAAUGUU,0
CCAGGUGAUUCUUAUAUGUAUAUUGGUUUAAGGUACCUAUG,0
CUACUUUCAAUUAUUAAACUUCUCAUCUCUAGAUAUUUUAU,0
UAUAUAAUAUAGAAUAUAUAUUUAUAUUCCAUUAUAUAUAU,0
AUCGUUAUGUGUGAAUUUGAUCCUGUCAUUAUGAUGUUAGC,0
GAUAUUCUACUUCUAUCUUGUCCUUGAGUAGCAGGAUUCUC,0
UGUGUGUUAUUACUUUAUCCUCCAGCGCUGUGUGAGAAACU,0
AGAUAUUUUAUAACCCUCCUUUGAGUAGUUACUGCUUCACU,0
GAGCCCCACACUUUCUCUCAUCCUUUGCCCCUCUCCUCUUU,0
AACUGAUUUUCAGACUAUGCUAAUAAUGAUGGAAAAAGGGG,0
ACUCACCCUUCACUGCUUCCUUGCCCUUUAAUCGGUCAACA,0
GAGCCUCAGACCCUUCUCCCUUCCAUUUACCACCAAGUCUC,0
CCAUAUCCAGCUAAUCUUUUUGUAUUUUUAGUAGAGAUGGG,0
AUAUUUUCUGUUUAGGAUAUUUUUGUCAGGCUACCAGCAUA,0
AUGGCCCUGUCCUUCCACUGUCUAGGAAGCUGCUCUUCCUU,0
UAAGUGACUUUGUGACUUUUUGUUAUCUGAGAGAAACAAGA,0
CUACGAAAGCAAUCACAGGAUUACAUUAAGACAUAUGAUCA,0
GAUGAGUAGGUUGCAAAAAUUUUCUCCCAUGUUGUAGGUUG,0
CAUCGUGUUCGUGGCCUCGGUGGCCGUCAUCGCCGCGGGUA,0
UUAUAUGCAGUGUUUGAUGCUUACCAACGAUACAAAUAAAU,0
AAUAUUUGCUCACUUUUCUCUGUUGUAAUUUUCUCAUAUGA,0
AUGCAUUUGGGGAAAUAGUCUCUUCAAUCAAUGGUGCUGAG,0
AGCAAGACAAUGAGGGGGCUUAGGAGCAGGAGCAUGGUACA,0
GUUUAGGCCUAUUUUCUGUCUUUGUAUAGGAGUUUACAGUU,0
AUUUUACUUAGUUUUUUGUGUGCAUAUGUUUAUUUUUUUGC,0
CCGGUAUCCAUCAUUAUCCGUAUUCCUCUGUGGCCCUGUGU,0
AUCUUUGCAUGAUACAUUCAUCCCUAAAAUUUUGUAUAUUA,0
UACGAUCAGUGAAGGAAGGAUGUCUAAAAAAGUUUGGGAAA,0
CUACUGAACUGAAAUAGAUUUGCAUAAGAGUUAUCACUAUC,0
ACUCUCAUUUCUGUCCCAUAUCCAAGGCUGAAGCAAGGGUA,0
CAAAAUUAUUCUAAAAUUUGUACAGAAAGGCAAAAUAACUA,0
AGUGUACCAAUUUGUAGAUUUGUUCUCUUUAAAUAAUCCCA,0
UUAGAAUACUUACAACUGCAUGUAGAUGAAAAGGCUGUUUU,0
GGAGGUGUGCAUGAUGGUCCUUGUAAGCUGGUACAAGCCAU,0
AGCUGCCAGUCUUUUGGUUGUACAACAAGAGGGCCUGGACA,0
CCAGCCAUCAGUUAUCUCGUUAACAUAAACUCAGGUAUGGU,0
CUGGGCUGUUUCCGUUUUUCUCACUCCUCUUAAUAUAACUC,0
AUAUUUGUUCAUUUAUUAUCUCUCUCCCCCACUAGAAAGUA,0
AUGUAUAUAUAUUAUCCCAUUUAAUUUUUGCAGACCUCGUA,0
UUAUUAGAAAAACGUUAGCUUUAAUAUCAUAGAUAAUAGAC,0
UGCAGAGAAAGAUGUCAGCCUAUAAUUAUGUGGUACUGGGA,0
UAUAAAUCUAUGUAAAUGAGUCUGCAUUAUAUAAAGAUGUA,0
GGAAGAGUCAAAAAGUGGAUUAUAUACCUGGAGCCUCCAGA,0
ACAGAGAGAUAAGCCAUAUGUUAAGCUUCUUUUCUUCCUGG,0
GGCCGGAUGUGGUGGCUCACUCCUGUAAUCCCAGCACUUUG,0
AAAUAUGCAUUAAACAAUUAUUAUUGUGCCUGAUAUUGUAU,0
UAAGCCCAGUGAGCUCAUCCUCUAGAGCAGGGGUGUCCAAU,0
GAAAGAGUGGAUUACUGUUGUGUAAAGGUUAAGAUAACCAG,0
CCACAAUCUUUACUAAAAUUUUCCAAAGAAGCCUGGGUUGA,0
UUAUAAAAUAUUUAAAAGGCUUCUGGGUUUAUAAAAUUUGG,0
ACAUUUAUAAGCAGAAAGAGUUUAGCAAAGCUUGACAGAGG,0
AUAAAUAUAAAAUUAUACAUUCAAAUAAUUAUUUCUUGAAA,0
UGGUAGAGCUGGGAUUCAACUUCAGGUUAGCCUGACUCCAA,0
GCCAACUGAAAGUGGCUGUCUGUGACCCAAGCGGGCUGCAG,0
CUCUAUUCUCCUCUUUCCCCUACCUUUACCAACUUCUAGUA,0
CAAACAAACAGCACAUUUGGUGUUUUGUCUUAUUGCCUAUU,0
UAUCCAUGAGCAGAUCAGAGUACAAAGGCUUAUUGUGGGAC,0
UUGACAUGGCUGAUGUAUGUUUCAGGAUGAUCUGAGUACCC,0
CAAUUUAACAUGACGUACUUUCAGUAAACUGAUGCUGGCUU,0
UUACUGCUCUUUUCUCUUAAUGGCCUUGCUCUUAUAUCACC,0
UGGGAACUGACAUGUUUCACUCAGUCAUCCAAAUGUAUUUA,0
UAUACACACAUUAUGCACAAUGCCCAAUAUGAGCCUGGAAU,0
CCCAGAGAACACAUUGUGAAUGGCACUGCUUAGGAUUGUGC,0
CUUUUUUUUUUUUUUUUUUUUUUGAGAUAGGGUCUCACUCU,0
GAGGUGUCUCCCUAUGUUGCUCAGGCUGUCCUCAAAUUCCU,0
GUCCCAUGUAUUUCAGAGGCUGAGGUGGGAGGAUCACGUGA,0
UUGUUUGAUGGUUUUACAACUGGGAAAUUGACCCUUUCAGC,0
AGCCCAACAUGCAUUAGCAAUUUUUCCUAAUGCUCUCCCAC,0
UCAUUCUUUUUAUGGCUGAAUGAUAUUCCAUUGUGUGUGUG,0
AUACAUAUUUUUCUGUGUCAUAUAAAAUUGCAAUUUUGUGU,0
AGUUCCCUCUCAUAUCUACUUAAUGACAAAAUGUACCAUUG,0
UUUGUUUUAAAGAGAUGGAGUCUCUGUCCCCCAGGCUGGAG,0
UGAUAGUCAGAAAUAUUAGUUUUACUCUUUGAUUGUUUAAU,0
AGGGAACUGCCAUUUAGUAAUUACUUUAAGAAGUCCACAUG,0
AAGUCAGACAGGUAAGGGGUUGGGGACGCACAUCAUGGAGG,0
GGUAUGCUGGGGGCCUGCUCUACUCCCUAGUCAUCUCAGAU,0
CCAAAGUGUUUAUACUAUUGUACAUUCCAACCAUUAAUGUA,0
CACUUGAUACUAUAAAAGUCUGCCAAUUUCUUGAGAAAAGA,0
GAAAAUCUGCAAAUGAAACUUAAGGAAACAAGGAGCUGGCC,0
AGUCUCCCAAGUAGCUGGGAUUACAGACACGUGCCACCAUG,0
AACUGCCUGGGUUCUACAAAUGUUGCACUGGGAAAUCUGCC,0
UUUCCACUUCAUGUAUUCAGUGUUAAAACAAGCACAAAGAA,0
ACCUGCUGGGAGAUGGCAAAUCCGAUGACAACCUCAUCCUC,0
UGGGCAAAGCAUUCAAUAGUUCACCAUUUUGUAUGAUGUAG,0
CCAUGAAUACAAAGGAAAGAUGAUGAAAUAAUAAAUAAUUA,0
UCAGCCUCCUGAGUAGCUGGUAAACAUCCCAGACUCUCAAU,0
GUGAGCCAAGAUCGUGCCACUGUACUCCAGCCUGGUUGACA,0
AUAUAAAAAUACAUAGGCAUUGAAAAAUGGCUUAGAGAAAA,0
UGGUGAUCGUUCUUCUCUCAUCUCAGGGAGAGUAGAAGGGA,0
GAACAGGACAGGUGGGAAGAUGUAUGCAAGAGCCACAUAGA,0
GCUAAUUUUUGUAUUUUUAGUAGAGACGGGGUUUCACCAUA,0
GAGUAAAGUCAAUUUGCCAGUUCUGGACGGGGGCCCGAGCU,0
CUGACUAUGCUUUUAAAAGUUGUCUUAAAAGGAAAUGGAAU,0
UGGAUAUUGUCAUGCAUCGAUGCCAGAAGACUAAUGCAUCC,0
CCUUUUCCCCACUCCCUGCUUGCCUGGAAUGUUAGUGUGAU,0
UUUUUUUUUGAGAUGAAGUAUCGUUCUUGUUGCCCAGGCUG,0
GGGUUUCUAAACCAAAUAAGUACAUUUGCAAGGGUAAUAGU,0
GGGUACAUGAGAUAUUUUGCUACAGGCAUACAAUGCAUAAU,0
AUGCUGUGUGAGGAUGUGGAUGCUUUGCACUGCCAGCUGUU,0
ACAAGGUGGGGUUUUGCCCAUGGAUGAUGCAAGGCAGGAGA,0
GCCAGUACUGAGGAAGAGGGUGGGCUUAGAGAGUCAAUCAA,0
AUGCCUGCCUUUACUUUAAUUUCUUAAUCCCAUCAUCUUCA,0
GUCUAGAUUUUAUGUGAAGAUAUAGCCUUUUCGAACGAAGG,0
AAGUGGGCCUCCUUGUCUUUUUUCAGUUCUCAGGGGGAGUG,0
UACCUGUCUCAAAACAACCUUCCUUUUUGGAUUUUUUAAAG,0
GAGCAAAUAUGCUUCACUCUUAACAAACACUUACUUCACAA,0
GGCACAGCCUAGUAAAUCUGUGAGAAGAGGGCCACCGUCCU,0
CACAUAUACUUAUGUACAUAUACACAGUCAUAUACUCACUC,0
GCUCCCCACCCUAUCCUGUGUAGUCCUGGGUCCCCAGGUGC,0
GUUUCAUGUCGAAACUGAGUUGUUGUAACUUCCCUAAUGAA,0
ACAUGAUGAAACCUUGUCUCUACUAAAAAUACAAAAUUUUG,0
GCACCAAUCAGUGCUCUGUGUCUAGCUAAAAGUUUAUAAAC,0
AGAUAACCACUGAUGCAGAAUUCAUUGGCUAGCACAUUGGC,0
GCAGUUCUCCUUCCUCAGCCUCCUGAGUAGCUGGAAUUACA,0
AGUGUGUGUGUGUGUGUGUGUGUGUAUACACCUCCAUAUAU,0
AAGCUCCUCCCCAACAUCCCUCAGGCCCAGAGCCAGCCCUU,0
AGGAGUUCAUUUUAUUCUUAUAGCUAUUACGUGCUGAAUUU,0
AUUAAAUUUAAAGCACUGCGUGUGAUAUGAGAAAAUUACUG,0
ACCUCCCACCAGCACUACCCUUCCCAUUUUACAGAAGAGAG,0
GUCUACACAGGCUCUGGCCUUUUCCUCCUCCUCUGAACUUA,0
UUCCAUUCUUGAAAUGUCAUUACUCUUCUUAAUGUCAGUCA,0
UGAGAUGGAGUCUGACUCUGUCGCCCAGGCUGGAGUGCAAU,0
CAGGCAUUUAUUUCAAUGUAUUUUUUUUAAAAUUGACAAUA,0
AAGCGUGCAUUGGCCGGUAAUCGGACGCGGGCCUCCCGCGU,0
UUGUAUUUUUAGUGGAGACGUGGUUUCUCCAUGUUGGUCAG,0
AGGGAGGUCAGAGGAAUUUUUUAAAAUGGAUUGUGUGUUUG,0
AUUUAUGUACUUAUAUAUAGUUAUAUCUAUUCUAUAUAAUC,0
ACUACAGGCACAUGCCACCAUGCCUGGCUAAUUUUUUGUAU,0
UCAAGAGAUAUAUUGUACCAUAUGGUGACUAUAGUUAAUAA,0
CAAAUAAACAAAUCAGAUUAUGCAAAACUAAAAAGGUUCUG,0
AUGAAUUUGAGUGAGAUAAUUUUAUUAGAAGAGGAAACUAA,0
CUUUAUUUAUUUAUUCAUACUAUUUAAAUUAUGCCUGAUAU,0
GUAAAUAAGAAUAAAUGAAGUAAUUUUAUUAAAACUUACUA,0
CCACCACGCCCAGCUAAUUUUUGUAUUUUUAGUAGAUCAGG,0
UAAUCCUAUCCAAAACAGAUUGAAAACCCUGUCCCAAACUU,0
AAAUCGGAAAGCAGUCUUAAUCCAUAUAUCAGGUUUGAAAA,0
UAACUUGAAUUUACAUCCCAUUAUAUUAAAUCUUCAUGUCC,0
AUUUGAACAUUUGGUCACUUUGUGGUAUCCUACAUGUCAUA,0
CAUGCAUUCCGUCUGCAGAGUGACGGGUAAGUGAUUCCGCA,0
CACUCUUGACUGUGGCAUUUUAAAAUUAUACAGCUUUAUGC,0
AGAUGUCUGCAAAGGAAAAGUCCGCCAGGCUCUGGGCCCAU,0
UACCCCCUGCCAGUAUUUAUUGGCCAUUUGUAUUUGUGUUU,0
AAAAACCCUGCCGUAAAUAAUAAAAUAAAAAAUAUGCAAAU,0
CCUGACCAGAGAUGGAUUAGUCAUAAUCCUUUCCCUGAAAU,0
GUUCAUGAAUUAUAACACAUUUGGAAAUUUGAUAAAUUUCA,0
CCGUGGGAAAUGGAGCACAGUCGACAGGCAGGAUGGAGAGU,0
ACAUCUGAAUGUAGUUUUCAUGUUUAAUUUGUCUGGUUAUU,0
CAAUAUCUAUUCUUUCUUCAUCCUAUGAGUAAUUGAAUCAC,0
UAUGAGCCACUAUUCCUGGCUCACAGAAAAUCUUAGAAGGG,0
AUCACACAUAGUUAUUUUUUUUUCUGUCUGAGUUCACUGAU,0
CACACACACACACACGCAUAUAUAUGGUAUAUCCAUACAAU,0
AGACUUGCACCAAGCAGAAAUCAUGGCCCGUGGAACACAGU,0
UGGCUCCCUCAUGCAUGGCUUAGCACCAUCCUCUUGGUGAU,0
ACAUAAAUAUCAAUUAAGUAUGGGUUGGAAAGUAUGCAACC,0
AUGUUCCCCAAGGUGGUGGCUAAAUACAUACAGAGAAAGAG,0
ACUUAUUCUUAGUCAUAUUCUAUGCUCAAGUUGAAAUGGCA,0
UUCCAUUUGUUUGUGUCCUCUUUCAUUUCGCCGAGCAGUGG,0
AUCUAUCUCGUGUUGGAUAGUCACGUAAUAGAAUUAAUAUU,0
UAAAUUUUAAAUUUUAUAAAUUUAGCAACAUAUACAAAGAA,0
UGAUAUGGUUUCACUCUGUGUCCCCACCCAAAUCUGAUCUU,0
GCUCCUUCCAUUUAAUAUCCUGUUUCUUUUUUACCCUUCAG,0
UAUAGGAAAGUCUAAAAUCUUUAUUGAAAGUUUCAGGGCAA,0
GUGUUAAAGUCUCCCACUAUUAUUGUGUGGGAGUCUAAGUC,0
CUAUGAUCACACCACAACACUCCAGCCUGGGUGACAGAGCA,0
UUAUACAAUCUUUAAAUCUUUUGUAAAAUCAUAUAUAUAUA,0
AGGGAAGUGAGUGCACCAGAUCAUGGUGACAUGCCAAUCCA,0
CUUAUUAAAAUUAUAAUAGAUUUAAAUACAAACAGCUCAUC,0
AAUCAGAGGUACUUUCAGUUUUCCAUUUGCCACUCAGAAAA,0
ACAAGAGGCUGGGAAGGAGAUAGGGGAGAAGGAAGAAAAGA,0
CUGAUGCAGUCAGCCCUUCUUCCAAAACAGGUACUGGCGAC,0
CAACUUUUAAUUAGAGUCAAUGAAUGGGGAGUAAAUACACA,0
CCUCUAUUUUUCUUCCUUUUUUAUGCUAAGCCAGAAGUUCU,0
UGGAUGAAAAAAAUGUAAGGUAUGCUCAUCUAAACUAUAGA,0
AUCUUUAUCAGUUUUAAUGUUUGAUUAAUAAAUUUAUCAAA,0
AAACACUGGGGUCUCAUGGAUAUAAAGAUGGCAACAAUAGA,0
CUUCCCCUGGCCUCCAGGAGUCUGAGACUUACUCUUCCAUG,0
CAUCUGCUGUUUCUUGACUUUUUAAUGAUCGCCAUUCUAAC,0
GCUGGAGUGCAGUGGCUUGAUCAUAAUUCACUGCAAUCUUG,0
AGUUGGCUUCAUCCCUGGGAUGCAAGGCUGGUUCAACAUAU,0
CUAGUAUUUUGAGAUGAUUCUUCCCAUUUUCUCCACAAAAC,0
UGGUUUAAAAAUACCUUUUUUGGGCACAGAAUAAAAUAUUC,0
UAAAAUUUGCAUUUUGAGUUUGAGUAUGUCUAAUUCUCUUU,0
UCCCACGAAAAUUAAAAGAAUAAUAACGGGAUAAUCCAAGA,0
ACAUGAUGUGGUCUACAAUGUUCUCCACAGCAUCUCCAAGU,0
ACCUACCCUCCUCCAACCUGUGCGAAGUUCACAGUGCUUAC,0
UGGUUCAUGAAAUUGGGAAUUAGCCCAGUUGUAUAUAGAUG,0
GAGAUGAGGUUUCACUAUGUUGGUCAGACUGGUUUCAAACU,0
GGACUAAUACAAGAGCCCUUUAGGCUGACACCUUAAAUGUG,0
UGUGGGUCCGUGUGUGUGUGUACAUUUGUGUGUGGGUCUGU,0
AUUCCAAAUAUAUUUUAGUAUCAGCAUGUCAAUUUCUACAA,0
GGCGGAUCACGAGAUCAGAGUUCGAGACCAGCCUGACCAAC,0
CUACUGCUCUAUCAAAAUUAUCCAUGCAGGUCAUAAAUUCG,0
GAACAUUUACUAAAAAGGGCUUGCAACUGUGACUCCUUCCU,0
UUUCCAUUUGUUCGUGUACUUUCUUAUUUCCUUGAGCAGUG,0
UACCAUGGUGUUGCUUUUUUUGGUUGUCCUAGAAUGAUUCA,0
AAAAAAAAAAAAAAGAAGUUUUAUGCCACAUCAGUAAUAAG,0
AAAAGAAUGUGCAUUAACACUUUGAGAGGCCAAGGCGGGUG,0
AGACACGUAAUGAUCAGAAAUAAAAGAAUGUUAAAGGCAGC,0
CAUGUUGUUUAGGCUGGUUUUGAAUUCCUGGGCUCAGGCUA,0
AGAGGCUCCUUACUAAAUAUUUUCCACAAGUACCCCGUCUC,0
UGAAACUGUAUUGGUGUCACUUUCCUGCAGUUACCUUAAAA,0
UGCCUAGUAUGUGCUAGUAUUUUGCAUAUUUACAACUUAUU,0
ACAUUCCUACCAGCAGUGUAUAAGCAUUUGCUUUUCUCUGC,0
UAUAUAUAUAUAUAUAUAGUUUUUUGUUUUUUUUUUUUUUG,0
GCGUGAUUAGGAGAGCUUCGUCUGGAUUCAAAACUUGGCUU,0
GUCACAGAGCUGGUGAGAGGUGGUGUGGUCCUCACACCUGG,0
UCCUAGGGGUUGGGAGGGGAUGAUCUGUGAAAGUGUUGGAG,0
UCAUAUUGCUACUCCAACUUUCUAUUGAUUAGUGUUAACAU,0
AAAGCAAAAAAGAACACAGUUGAAGGGUUUAUUUAAUAUGA,0
UGGACCUCUCCUAAGAAACAUUUAUUUAUUUUCUUAAGACU,0
CCCAUUCUCCAUAUCUUCACUUAGACUUCAGUUCCUUUGAG,0
AUAUUUUAAAAUGCUAGCCAUGACCCACUGAAUUGAUCUUA,0
ACCCCCCUUUCCCUCAUCCAUCCAUUUAUUUUUAUUAAUAU,0
CUACUUUCUGCCCUUCCCCAUUUGCCAGAACUCAAGUCACC,0
UUGAGUAAUAUGAAUGUGUGUCCCUUUUAUAUGUUCAGGAA,0
GUUUUCAACGGUUCCAAGUUUAUUUAGAUAUUUUUUAAAUG,0
GCCUCCAGGGUUCAAGUGAUUCUCCUGCCUCAACCUCCCAA,0
ACAACCUGGCACAGGCACACUGCAGGCACAGCUGGACAUUC,0
CUGGGCAGUACCACAAAUCAUUUCCUACUUUUCACAAUAAU,0
CUUCCCUGGAUCCAUGUGUCUGUCACUUACCAUCCUCUACU,0
UUUUCAGUACAGCAAAUUCUUUUCUAUGCAUCUUCCAGUUG,0
CAUGACCCAGCCAUUCUAAGUAUUUAGUCAAGAUAAAUAAA,0
GUGAUGAAGUAUAACCCAAAUGUCCUUCCCGUUCAGUGCAC,0
UACACAGUGCACACUGCAAUUUAUUGGCUCCCGAGGGAGAC,0
UGCUCCCCAGCUCUCUGUCCUCCAGGUUCCUGAAAAAGUAA,0
AUAAGACUGAAGAUAUAUCUUGGAGAUGGCAAGACUAUUGC,0
UGUUCCCCUCCCUGUGCCUAUGUGUUCUCAUUGUUCAGCUC,0
GGCAUAGGAGAGGAAGUCACUCUUCCUGUCUGCCUGGCUGG,0
AUUCUUUAUGACUUUUUAGAUAAGUAAAUAUAUAGAAAAUA,0
AAGUCACACAUUCAGUGGAAUCUAAGUGAGGCAUGCAGCAG,0
CUAUUAAUUAUUGCCUCAAUUUCAGAGCCUGUUAUUGGUCU,0
UCUUUCUCCAACUGUUGACUUAUGUAUAUGUGAGCUAUAGC,0
CCCAGGCUGGUCUCAAACUCUUGGGCCCAAGCGAUUCUCCC,0
UUCUAACUAUAGGCACUAUGUUUAGAGUAGAUCUCUAGAGC,0
ACUUGAGAGUCUGCUAGAUGUGCAUUCCUUAAGGCCCGCCA,0
CUAUGCUGUAUAAAUCUUGGUUUAAAUUGACUGUCAUAGGC,0
UCAUUUCUGGGUCUGCUUCUUUUUAUUUUGCUCCUCACUGU,0
GGCUGAAACAUUAUGAACACUCAGUAAAUGUGAGCUCUUUA,0
CACAGAAUCUGGAACAAAGUUGUGCCAAUCAAUGUUAGUGA,0
UUUUCAUUACUUGGGAGUGUUCCAGAGAUGUUUGUUUUUUG,0
UUCAACGUGGCAUGGCACAAUUCUUGCUAAAGGUAGUUAGG,0
AAAUAUACUAUGUCUGAAAUUUAUGGAACAGAAAACCAAAU,0
UAUAAUAAGUUUCUGUGGUCUUAGAUAUGAAACUUUAAGCU,0
UAAUACCUGCUUGUGAAGCUUCAAACAGUCAAAGGAUGUAG,0
CUAGUGCUUUUAGUGUCAAAUCUCAGAAUUUAUUGCCAAGU,0
AAAUAUGAGAUGUGUUAAAAUUUGUACAAAGUACUGUGGCA,0
UGUCCCAAGAGAAGAGGGGAUGGGAGGAUGGCAUGGUUCAG,0
UGACAAGGAUAAUGACAUGGUAUUACAGUAAAGAAUGAUGU,0
AAAGAGUGAUGGUGGUAUUUUGAUGGGAAUUGCAUUGAAUU,0
UGUAUCUCCCUUAGUUUCAGUAAUCCUCCUUCUAUCUAGAU,0
CACUCCCUACCCCCUUCCCUUUUCAGAGGCUGCAGUUUUAC,0
UAAAAUUUUUUUUCAAAAUCUAUUUUUUUAGCUCUUUUAUU,0
AUUUUAAAAUAGAGUUAUUAUGCAGAGACAGGCUCACAAAA,0
GGAAAGCUUCUAGAAUCUCUUCUAAAAUGCAUCACAAUAUU,0
ACUACAAGCAAGAGUUUGUUUUGUUCUGUUUUGUCUCUGGA,0
UACUUUGAAAGCCAUCAUGCUUCCCUCCAGCACUUUGAUGG,0
GCCUAUGUCCUGAAUGGUAUUGCCUAGGUUGUCUUCUAGGG,0
UGCACUGUGGAGACUGGAAUUUGGGUAGAAGGGGCCACUGC,0
CUCAUUAUCAUCUUCUAAAGUUACCAGCAGGUAGGUAAUAU,0
GCCUAUGUCCUGAAUGGUAAUGCCUAGGUUUUCUUCUAGGG,0
CUCUGGGCAACUGUUUCCUCUGCUAUGAAAUAAGGAGAUUC,0
GAGAAAUGCAAUCAGAUAUUUCUCAGAGGACCUGUGCCCAG,0
AUGCUCUACUGUAUUCCUUGUAGGAACAUACCAAAUUUGUU,0
AAGCCACAUUCAAAUUCUUAUUAAUAAUUGUGUCUCUGCUG,0
UUGAUUAUUUCUAUUGGUUUUAAUAAACAUUUUUGACAGAA,0
ACAGAACAUCUAAGGACUUUUGUAGUGGGACAACUACAGAA,0
CUCACAGGAUAAUUCUUACCUGUAUUUCAGUUCCUCUUGUU,0
CAUAUUUGGUAAAAAUAUUUUUCAAAAAUAAAGGCAACAAU,0
ACGCCUAGCUAAUUUUUGUAUUUUUAGUAGAGACGGGGUUU,0
GAGUCACCAUGCAUCUGUAGUCCCAGCUAUUUGGGUGGCUG,0
CUAAAUGUAAAGUGGUACAGUAGAAAUACUUGAUUAAUGAA,0
AGAUAAGGUGCUUACUUGAAUUAAAAACAUUCAAAUGAAGA,0
UACUUUACAGAAUUGCUUUUUCUAGAUCAAUUUUCAUUAGA,0
CCCAAAUUCGUAUGUUGAAGUCCUCACCCCCAGUACCCCAG,0
UUCUGAUUCUGGGCAAUGACUUAACCUCUCCAAGCCUCAGU,0
GCCCCUGCUUACGUCCUGAAUUAUAUUGCCAUAGUGUCUUC,0
UCUCAGUGUGUGGCUUAUGUUUGAAAACUAACACUUCAUUC,0
AACCAAGUUGGAAAACACUCUUCAGGAUAUUAUACAGGAGA,0
GGUUGAUACUAUCUCUGAAGUAACUUAUCCAGGGCACUGAG,0
UGAUGCAUGCUCAUAAUUUCUCACACUUCUGCUAACUUGGU,0
UCUCAAGUCACCAAAUGUCGUACAAGUGAUCUUUAAUUUCC,0
CCUAGGAUCAAAAAAAGAAUUCUACAGAAUAAACCAGAAAA,0
CCUUAGCUACGCGAAGGACUUGCAGAGGAGUCUUGCUGAUA,0
ACAUGUCUCAUUACUUUGAAUCUUAUUCUCAUUACUGUAGG,0
GAAAUAUCUUGAAAGUGACUUUCAAGGGGUUAAGCAAAUAC,0
GAGAACAAACAGCAAACAAAUAAAAAUUAGAAGCAAAACAA,0
UUUACCUUGUGACCUGGUAUUAGGCAAAGGCAUUACUUCUU,0
GAACGCCCAUCGUGCCCUCAUUUUGGAUUGUGAAUAUUAUU,0
ACAGGUGCUCAUUUGGAAGCUGGCGCCUCCAAACCCAACCC,0
UAGGACCUUAACCAAAAAUGUGACCAAAAAUAUAUUUUGCA,0
GAAGAGCCUGGGGCUUCACUUGAUCUGUAAUGUUUUAUAUU,0
AUGCAUAUAUUUACUGCUACUUUUCUUACCAGAAAUUUUAC,0
GAAGUCCCUGGUUUCCCUUGUAGCCCUUCAGCUCUCAGCCC,0
ACAUAUAAAUAAAUCUGAUGUUCAAAACUAUUUUAUUGGUU,0
AUAAACAGAAUUAGGGUUUGUUUUGCCAUAUUUUGGUUUUU,0
UCAAGGUAAUUCGAGGUCCUUAUCAGAGCUGUGAAAUGAUG,0
CCUUCUUUUCACCCUGUGGGUGGCUCAGCCUCCCCUCUGUA,0
AAAAAAAAAGUCAAAAAAAUUCAAAAAAGGGGAUGAUACUA,0
GCAAAGAAUAAUGGGGAUUUUUUUGCACCCCAAUCCUGGCU,0
UAUAUCAUCAUUUCAAUGGAUGCAGAAGAGCAUUUGAGAAA,0
UUUUAAUUCCCUACCACUCUUACUCCUCCUUUCUCUAGAGC,0
AGGUAUGUUGAGUAUACUUUUGUAAAUAGAAUUUGAGUCAU,0
CUGUUUUGGAGAAUAUAUCUUAAUUUGCAUUUUUCUGAAAU,0
GGGAGAGUAAAGUGAGAAGGUCUAUUACAAAUAAUGAAUAC,0
GGCUGAGGCAGGAGAAUCACUUGAACCUGGGAGGGAAGAGG,0
AAUCUUAUAUUGAAUUGUAAUCCGCAGUGUUGGAGCUGGGA,0
CAAGGUUUAUGGAAUCGUAGUAAAAACGAUGAGAAAUAAAG,0
CAGGGGCAGCAGCUCACUGGUGGGCGUGGCAGAUGAGGCAG,0
UGGGUGUACUAUCUAAGAAAUAAUCACCAAAUCCAAUGUCA,0
CCUACUCCUGGAGUUUAUUCUGAUCUUGUGCCUGAAGCUUU,0
UCCAUAGCGCCCCGGUGGUGUCACCUUGGGUAGAUUACUGA,0
UGGUUUUCUCUUGCCUGUGUUCUAAAUCUCAACACCUGGCU,0
UUUAUGACAACCCAUGUUCUUUUAGUAAGACAGAGAGAUAU,0
AAUUUCAUCUAAGUCAUGAAUUUUUUUUUCAUUUAAAAGUC,0
CUCAGCUGCAAUUGUGUUUCUCUGUCCAAAAUGCACUCUUC,0
UGUUCCUAAAAAAAAUUCUAUGAAGCAUUGUUGAUGCUCAG,0
GAUUUAACCCAUUCAUUCAUUUACCCAUUCCCCUCUCCAUU,0
UACCUUUGGCAGUAUGGCCAUUUUCAUGAUAUUGAUUCUUC,0
AUAGCUGGCUGUGAACUGCAUACUCCAGCAGCACAGACCUG,0
AAGCUUUUAAAACACUUGUUUUAUUUUAGUUACUAAGGCAG,0
GAACAUGCAGUGUUUGGUUUUCCGUUCUUGUGAUAGUUUGC,0
UUUCAUAAAUAAGAUUUCUCUGAAUGAAUAGCCAUUUAAAG,0
UGGGGUUUCACCAUCUUGGCUAGGCUGGUUUUGAACCCCUG,0
GAACUUGAAAGAGUUACUGUUUUGCCAGGUGAUAACUUUAU,0
GAGUGGUACUUGUUUACUCAUAGUUUCCCCUCCCUGCCUUC,0
CAUUUAUACUCAAGGAUGGCUCUUUAGAGCCCCUCUUCAAC,0
UAAUCCACAGUAUUGUAUUAUCUGUUUAAGCAUCUGCAUCU,0
AUGCUCUCUGAUCAUUUAAUUUGGCCAAAAUCAGAAACAAG,0
GAGCCCACCUCUAAUUUUAUUCACGUCUCAUCUACUGGUAC,0
UUACUUGAGCUGGCCUUGGUUAUACAGGAAUGGAGACAGCA,0
CGAAAAAACUAAGACGAGGCUGUUAAAGACACAGAUAUGCC,0
CAUGGGGGAGUGGCCUUUCCUUUUAUUUCCAGAGUCAUGUC,0
AUUCAAGGUGGAUUAAAGACUUAAAUGUUAGAUGUAAAACC,0
UGCUUUGGCUUAAAUGUUUGUGUCAGAGACGUGUGAACCAG,0
AAUGGUAAAAUAUAGAAUUCUUUAGAAUGUUUUUCUCCCUG,0
CAUUAUUAACUUUAUUGUCUUAACCCUUGAAUAUAUGUCUU,0
CACACGGCAGGGUCCCAGUGUGGCUCAGGGGAGGUUCUUUU,0
CUCUGGAGCCUUUGAUAUUCUUAACCACCAUCCUGAAAUAU,0
AUUAUGGGUGUCCAGCACCAUGCCUGGCUAAUUUUUUGUAU,0
UUCUAAUCAUAAGUAUAUGAUACAGUCCCUGACAGAGAGAC,0
CUUACUUAGUUAAUUACUGCUCACAGAUAGAAAAGGAAAGG,0
UGAAUGGUAUUGCCUAGGUUUUCUUCUAGAGUUUUUAUGGU,0
ACCCGCGUGAGUGUCGCAGUUUCCACACCGUGAGCUGCUGA,0
UCCUUAAAUAUUAAUUCACCUUAGAAAUGUUGAUACAGUAU,0
CAUAACUGGUGUUUGUGGCUUCUCUUUAUUAUUCCAUUUCA,0
AUACCAUUAUCCCAUGAUUAUGAUUAUUAAGAAACAAAAUG,0
GGCUCGCUGCAACCUCCACCUUCCAGGCUUAAGCAAUUCUC,0
GACCCUCAGCAACUUAGGAUUUAGAGGCCCAUAGGUAUUUU,0
ACAAAAUAAACUAAAAUUUUUACAAAGAAAAAAUUUUAUAG,0
AAUGUCUUGGUUUUUGAGGCUACGUGAAACAUCUCUGUAGC,0
AAAAGUGAAGUCAUGACCCAUGUCAAGUGUGGAUACAUACU,0
ACGCCCGGCCAAGAAUUCUUUUUUUUUUUCUUUUUGAGACG,0
AGCAAAAUUCCUAAUUUUACUGAUAUUAAAUAAUAAGUUUU,0
UUUUAGUAUUAACCCAAAUAUCGUUAGGAGCAGGUUAUUUA,0
ACCACGCCCAGCUAAUUUUGUAUUUUUAGUAGAGAUGGGGU,0
AAAGAACUAUAGGGAAAAAAUAGACAAAUCUACAAUCAUAG,0
CCCGCCCCCGCCCGCGUCCUUGUGCCAGGUGUCUAGCCCCA,0
AUGUAGUCAGCUAUAACAUUUAGGUCUGUAUAAGUACACUC,0
GAAAAGUUCCUUUCACCUUUUAAAAUUCAGCAGGCUUUAAA,0
AGUUCUCCCCAGAGCAGAAGUUCCCAAACUUUCUUGCAUCU,0
GAUGCCUCCAGCUUUGUUCUUUUUGCUUAGGCUUGUCUUGG,0
CAGGUGUAAGCCACCAUGCCUGGCUAAUUUUUUGUAUUUUU,0
GUCUUAUUAUUAUUGAUAAUUGACAUUACCAUAUAAACGGU,0
AGGGUAUAAAGUGGUAUCUAUUCAUGAUUUUGAUUCGGUAU,0
GAAAUAAUAAUUUUGACACUUGAUGAUGUUACAUUUGCAUU,0
ACUUAAAAUAUUAAUCAAAUUGUAUGAUUUUUUUUCCUGUU,0
CAGGGCUAUGCUGAACCCCCUUGGGCACUCUCUAAUUGGAU,0
UGUGUUUAAAAUUUGUACAUUUUAUUGUAUAUAAAUUAUAC,0
ACCUUCUAAAUGGCAGGUUAUGAUUUCCUAAUAUGCUGUGA,0
CUAAAUGAACAAUUAUUACUUAGAUUUUCAAGUCACUAUGU,0
UGCCUGCCUGUUCUGGACUCUGCACUUGACCUUCCCUCUCC,0
CAUACAGAAUCAGCUAAUUUUUUCUGAAAGACCUAGAAAGU,0
UUCCUGACAUCCUUGGGAGUUCAUCAGUGACCUCCCCAUCC,0
UCAGCAGUUUGAGACCAGCCUGGCCAACAUGGUGAAACUCC,0
GCGCCCGGCCGGGUAAUAUAUAUAUAUAUAUAUAUAUAUAU,0
AGGCUUGGUGGGAGUGAUGUUGGAGCUAGCUCUUGCAGAGU,0
CUUUUCAGGGCCCUGAGGCCUUGCUGCUCUGCAGUCCUGAG,0
AUCUAGUAUCAGCAAACUUUUUCUGUAACAGGUAGAGAAUA,0
UUUAUAAGAAAGGUGGUAUGUAAUCAUGCCUUUCAGUGCUU,0
AAUCAACUCUCUACCCAACUUUCAAAAAUAUGAUACAUAUA,0
GGUGCCCCUUCUUCCUCCCCUUUCAGCCCUCAGGCCCACCU,0
UCUUAUUCCCACUUGUUUAAUACACUUUCCGUUAAAAACUA,0
UGAGAUAAAAAAUAUGAAAUUUCAUUUCAUAUGAAAUAAAA,0
ACUUCCCUUCCACCCUUCCGUAUCACGAGCACAGGUAAAAU,0
AUAUUAAACAUUUAGUACCAUGUUUGAUAUUAACCACACUU,0
AUUUAUCUUAUUCUAGGUGGUGCAGACAGGCAGCAGCUAGA,0
CAUAAGGCAUGAAUCCACGUUCCUUCCAAAUACUUCCAAAU,0
UUGUUUCUGUUCUGUUUUCUUCCCUUAAGUUUUUUAUGCCA,0
UGGGAACACAUGGACACAGGUAAGGGAACAUCACACACCAG,0
UUAAACCAAUGUCUAGUUUUUUAGUUUUUUGUUUUUUGGUU,0
UAUCAAACCUCAUACUUUAAUGUGCGAGGAAUGCUUCUAAA,0
UUUGACAUUUGUGGCUUUCUUUAACAAGGACAUAGGGACCC,0
UAUAUUUGUGGGGUACAUGAUAUGUUUUGAUACAGGCAUGC,0
UGAGCUUCUCCUAUGAGUAUUUCCCACAAAUUCAGCUCAGC,0
GACUCCAAUAUGAUAAAGUGUUGCGACUUGUAUUUGGUUUC,0
CUGUGAGAACCAAAAACAUGUAUUUUCAGAUAUUCCCAGAU,0
UUACAGCUGUGAUUUUCAGUUACUAGUAAGGAUUGAGGAUA,0
UUUAUGUCUCUCAUCAGCUGUUUGCUGUUACUGAAUCCCGA,0
GCAGGCAGGCACUUCCACAGUGCUUCCCAAUUAUCCACUCG,0
CUCUAAAUAUCUGAAACAGGUCUCAGUCAAUUUAGAAAGUU,0
UUGUUUAGAAAACCAUGUAUUUUCUGCCCAGCCCCCAAAUA,0
ACACAGUGGAUACUAAUCAUUACUAGGGGACAGCAGGGUGG,0
UAAAUGCUGCCCUGAUUCCUUGUAACAUAAUUCCUCUGAGA,0
AAUGUGGUACAUAUACACCCUGGAAUACAAUGCAGCCAUAG,0
ACAUGGUGAAACCCCAUCUCUACUAAAAAUACAAAAAUUAG,0
AGACCAAUAGCAUGUAUUUCUUAAGUGAUCCUUUAUCCUCC,0
CAGGCUGGAGUGCAGUGGUGUGAUCUGGUCUCACUGCAACC,0
GCCUCCCAUUCUAUUAAAUGUCAUCCCUCUGCUCACUGAUA,0
AAGAUAAGUUGAAGACAAUAUUUAUACAUCUGCCAAGGGCC,0
AAAUUUAUGAUCUGAAUCUCUUAAGGUCACUGAUGGAAACA,0
UAGAUCUUUAUAAGAGCACUUAAGUUCAACCUCCUAAGAAA,0
CAGUCUUGAUUUGUUGAAGGUAGGCAUGAAAAACAAAGCAC,0
ACUCAAAACUCCUGCUUGCAUUCCCAGGAUAACUCAAAUGG,0
UAAACAAAACUUAGGUUUAGUUUCCGUGACAAGUUUGGAGC,0
UAAGUCAGUUUUAACCAACUUGAAUCCUCCUCAAAAUAUUU,0
UAAUUAAGCAAUCAAGUAAAUAUGGAACUAGGUAGUUGAAU,0
GCUGAGGUGGAAGAAUUGCUUAAGCCCAAGUGGUCAAAGUU,0
GCAGCCCUGCGGAUGCCAGGUGCCCGCGCCCUCAGGGUCUC,0
CUGUGAUAGGCAAAAGCUUUUGUCCUCACUGUUUUCAAGGA,0
CUUGUUUGCCUUCUCUCUGUUCUGAGACUGAUAAUAACCAU,0
GGACUUGGUCCUGUAGAUCCUGAGAAAUCACUCAAUGAAAU,0
UUAUUAAUUAAAACUGGACAUUAAGCUCUGUUGUCAUGAAC,0
GAAGUGAAAUUGCUGGAUCAUAUGGUCAUUCUAUUUUUAUU,0
AGCUUCCCCACUUCCAGAGUUCGCCUAUUUUCUUGACAUAU,0
AUAUUUAGUUGUAAAAGACAUGAAAAUUAUAAGAAAACCUU,0
AGGAUGAAUGAACAAUGAUAUGUUCAUUCUGGGCUUGGAGU,0
UCAAAAAUCAUUUGAGACUUUGGGAGGUUGAGGCAGAAGGA,0
AUAAUAUUAUAGAGGAAUAUUUACAUUUUAAAUGCCUAGUA,0
AUCUGUCUAUUAUUUCUUCCUUUAUUUCUUCCAGAGUGCUU,0
UGGCCAGAUUGGUCUCAAACUCCUGGCCUCAAGUGAUCCGC,0
CUAUUCUGAUUUCUUUUAUGUGACAGAAUCAACCCUAGUGU,0
UAAGUUUCCCCUUUCUAGGGUUCUUUACCACCCUGAACAUA,0
AGAGAUACUCUAGCCCACUCUUGCAACAAUAUUACCAAGGU,0
AAGAUCCUCUAAUUGUUUUUUCAUCUCCCUUUCAUGACCAA,0
AAUUUUGAGAACAAUAUUGUUGCUGAAAUCAACUAUUGGCU,0
CCAAUAGACAAAUUACGGGCUAGCAGGACUUGCAGACUUCA,0
CUGAGGUUCUUCCCCACCCCUUUCUACCAGAGGGUAGUUGC,0
UCUGCAGAAUUGGGCCAUUUUUAGAUUUGGGCCCAAGGAAA,0
GUAUAUGAACAGAUUUAUCAUGUUUAUGGUUUUGAAUUUUU,0
UCCUGAGGCCUCCCCAGCCCUGUGGAACUGUGAGUCAAUUA,0
CCUGGGCUCAAAGGAUCCUCUGGCCUCAGCCUCCUAAGUAG,0
GGUCUUUUACCAAUACCAUCUAAAUGUGGACAGAGAGGUCA,0
AAAUACAUUCUAUCUACCUUUAGAUUUCUUGUUAUAAUUUC,0
UUUUAUUUCCCCCUACCCACUAGACCACCAGGGAAAUAAUC,0
ACUAUUUACAGAAAACAGCGUGCCUAGCCCCAUCUAGAUUA,0
CUUUGUAACAACUGCAUUAUUUUUCCAAUGUGUAAAAGGUA,0
ACAUGGUGAAACCCUGUCUCUGCUAAAAAUACAAAAAUUAG,0
CGGCCCUGCCACACCUCGACUUCAGCCCAGGGAUACUGAUU,0
UGUUGAACUCCUGUCUCAGGUGAUCCUCCUGCUUUGGCCUC,0
UUUACGGGUUUGUCCAUUAAUUAAAUUAUUUGGCUUCAAUU,0
GCAUUAAAUCUGUAGACUGCUUUAGAGAGUAUGGAUAUUUU,0
CAGUAUUUUAUUGAGGAUUUUUGCAUCGAUGUUCAUCAGGA,0
GGGCUAGUGAAACAGAGAUUUAUCCAAGCACUGAAGGAACA,0
GCCUUUCCUGAUGUUUUCUGUUAUAUAAAUACAGUUGAAGU,0
AGCAUUGACCUGAACUAUGGUAUUUGAAAAAAGAAAGUGAU,0
CUGAUAAUUAAAAAUUUUCAUUUUUCUUUACUUAGAAUGAC,0
AAGGUAUUCCCCUAGAAUUUUCCUAAGAAUUCUCUAUCCUC,0
CCAGCUAAAUUUUUAAAUUCUAUUUCUCAGAGACAGGGUCU,0
CUCUAAGCAUUAAAUUUUUUUGCCUCCAAGGAAGGGCCUAC,0
GCCGUGUCAUAUAUGUAAUUUGCCUGGCCUAAAUUAACUCU,0
UGACUCUCACCCUCCCUUCCUUCCCUCCCAGAAUCAGGCAG,0
AUGAGAAUGGAAUCAGAAUGUUCAAGUACAAAAGUCACCUA,0
UUAAUGAAUCAGCAGUCUUAUUAAGCCUUUUAGAAGCCAGG,0
GGAAGACAGUGGCCCUCUUCUCACAGCUCCACUAGGCAGUG,0
ACUAAGAGAGAGGUUUAUGGUAGCAAAAGCUUACAUGUUUA,0
GAGCCUAACUCAGUAGAUCCUAAAAGAAAGCAAUUUUUGCU,0
UCUAAUUAAAUGGAUAGAAAUUCAUGAAACAUUAAAAUAUA,0
UUAGCAGCCAACUAAGAAGUUAUUUAUGAUGAGCCAAGCAA,0
CCACCACACCCAUCUAAUUUUUGUAUUUUUGGUAGAGACGG,0
UACAUUUGUCCAGGAGAGUAUCAGUUGAAAGCCGACCCCAC,0
UAGCCCAUCCACUCAUCUGUUUGCUUUUAGAAAGUCAUUUG,0
GAACUAUGGAAUCAACAAGCUGCAUUUGAUGCUGUCGUGAU,0
UAAAUUUGAAGCCUCUUGGCUUGGUCUAUAACUAGAGUCUA,0
GCUUUGAAAUCUCACAGACCUGGAUUUGAGCCCCAAAUUUG,0
GCUUGGGCUUCUGCAUGUCCUACCCCUGACCCCAGCCUCAA,0
AGGAUCAAUUAAUAUAGGAUUACAUUAAUAUUUAGGGCUGA,0
UCACAGUUUUAUGUCCCAGGUAAGUUUCGCUGAGCCUCAGU,0
CUUUGUUUAUUCUUUUUCAUUCUUUUUUAAAAUUUUGUAUG,0
GGUCCAUUUCCAGGCCAUCCUUGCAUUUGUAAAAAGAAGGU,0
AGCUAUGGAAACGGGGGGGCUGGUCCUAGAGCUAUGGAAAC,0
UACUACUUUUAACUUGUCUUUCUUUACUGAAAUGGUGAAGG,0
GCGUACAUGCCGUCCUCAAAUUCCAGAGCUGCGCGUCUGAU,0
UGUUCAAAAUAAUGGAGAUGUUUUGCUUUCAACAGAAUGAA,0
UGACUCUCCCAGUGUUUUCCUUGUUUAAUCUCUAAUGAGUG,0
AUGUGGGGAGGCUCUUCAGCUCUAAACAGUGGUGCACAGCU,0
UAACGGUAUGACCUCAGUGUUGUAAGGAUUAAAUAGCUAAU,0
CCUCCUUUCUAAUUUUCUUCUAAAACUGAACAUCUAGGUCU,0
UGUUUCCUCAAGGCCAAGAAUGCAUCUGACCAUAAUAGAAG,0
UUACUCUGCUGACUAUUCCUUUUGUCAUGCAAAAGAUCUUU,0
UCUAAUAAGUUUUACUUUCAUGUUAACACAGCCACACCCAC,0
UUUCAUUUAUAUAUAUAUAUUCAGGCUUCAAACCACAGUGC,0
CUAGGAUUACAGGUGUGCACUACCACGCCCAGCUAAUUUAA,0
CUGCCCAAACAUACAGUUAUUAUGAACUACUUUCUUGAAGA,0
AGGAACGGAAUGAGGGGGAAUCAAUCGUUCCACUUUGGAAA,0
CCCAAGUAUUAACCCUGUUUUACAGGUAAGGUUAGUAACAG,0
AUAUUUUGAAUAUCAUGCCCUGUUCACAACAACCCUAAAAG,0
AGUUGAUUUAUUUCCCCUAGUUUCUGACUUGAAGGAAAGGA,0
ACUAUUAAUCUAAUAUUGUAUUUUAAUUCCUACUUCAUAAU,0
UUUAUAAUUUAAAAUUGUGAUAUCUUUAUGUUUUUAUAAUU,0
UAUUAAGUGCAUUUGAUUUUUCUUUCUCAGGUAAGCCAAAG,0
GAUGUGAGUUUGCUUUUAGCUUUCAUUAUCUAAAUAAUUGA,0
AUCCAAAAUGCUGAUUUCUCUCUGAAGAGGUGACAAAACAG,0
GCACCUACUCCUCCUUUGCCUUCCGUCAUGAUUGUAAACUU,0
AUCAAACAUAGCAUCAUCAAUAAUAGAACAAUUGGACAUUA,0
AAAAUCUAUGGACUUUAAAAUCCUAGUGGUGCACAAUGGGC,0
UGGCAAAGUGAGACUCUGUCUUUAAAACAAAAAUAAACAAA,0
CAUCUCUUCAAAUAUUUUACUGAGUUUGACUCUUUUCGUCU,0
GGUAGAUAAGUACACAAAGAUAAGAAAGAAUCAGUGCAAAA,0
UUGUUAUAGCUAUCAUUACCUUUACUGUGCCAUAGGCCUCA,0
UGAAGACUAUCUUUCUGAAAUAAGACAGGCAGAUAGGAAAA,0
UCACGUCAAUUUUAUAGACAUAGAGAAACUUUAUCUUCUGA,0
GAACUGCUUUUCCUAUCCCCUUGCUCCCUCUCCUUGUGUCU,0
UACGUCCCGGCAAUGUCUGUUCCUCGGAUUCCCUACACCCC,0
GUGGCGCCAUCUCGGCUCACUGCAACCUCUGCCUCCUGGGU,0
UAGGCCACCGCGCCAGCUGGUUUAGCUUCUUAUUUUUUUGU,0
UACAAUUAGUGAGAAAGGAGUCAGUAGAAUUCUAUAGGCAU,0
AAGUUAUGGGAUUACAGGCAUGGGCCACCGUGCCCGGCAGG,0
UUUUAGACAAGGUCUCACUCUGUCACUGAGGCUGGAAUGCA,0
AGAGAUGGGGUUUCUCCAUGUUGGUCAUUUUUAAAUGAAAG,0
AGUAUAAAAUCACCAAGAAGUUUUUCUAAUGUAUAUCAACA,0
UAAUGCUUUAAAGAAAGAAAUAGGAAGUAAAUACAAAGUUA,0
CUGUCACCACCCUGAACACUUGGGCUGCUCCUUUGAGUGCU,0
AUUUUUGGUAGAAACGGGGUUUCUCCGUGUUGUUCAGGCUG,0
AAAAAUAAAUUUGAUGGAAUUAAGUGAUUCAAAGAUGAGAA,0
UUUUUAUGCAGUUAAAUCUAUUCUUAUUUUCCUUCAUGACU,0
GCACUCAGCAGAUGUUGGCAUUUUUCUUAGUAAGGCAAGAU,0
UUUCAAUUCUCAAUCUUCCAUCUCUUGAAUCGUUUUUAGCU,0
UGUGUUUUGCAAAAUUAAUUUCAUGGAACAGUGAAUACUCA,0
GGCUUGGAAGCCAUAGAUAAUUAUGCUUCCAUUUUUUAUUA,0
UUAGAAGCUCUCAUGAACAAUUAUAUUCUGAGAAUUUUUAU,0
CUCCCAAAGUGCUGGGAUUAUAGGUAUGAGCCACCGUGCCA,0
CCAAUUAUCAAUAAGGUAUGUGUAUGUGAUUUGUGUCUGCA,0
AUUUCAUCCUCCCAACAUCCUUGUGAGGUCAACAUUAUAUC,0
UCCUUCUCUCCCCUCUAACAUGGUGGCUCAGAUGUGGCCUC,0
CCCAGACUGGAAGCUUCUGUUGUCCUGUCUCUGAGGAGUAA,0
UUUUUUUAAAUUCAGAAAAAUUUUCUUCCACUUGAAAAUGU,0
AGGACCAUGACAAGGGCCACUUUACUGCAGUCACUGAGGCA,0
CAUGAGAAAUCUCUGUACCUUCCACUCAAUUUUGCCAUGAA,0
GAACAUGUCUAGUCCAACAUUUUUUCCCAAUCAGUCACAUC,0
AUUUAUUUAUUUUUAUAUAUUUUUUUGAGAUCAAAUUUUGC,0
AUUUAGCCUCUCUGUGCCUCUGUUUCUUCUGUAAAAUGAGA,0
UCUCACUCUCCAAAACUGAAUUUUCAAGCUAAAGCUAGAAU,0
GCAAACCCUGUUGUGAACUCUGCAUGUGAGGGAUCUAGGUU,0
AUCCCACCCCACGCGGGAACUUGAAGUCCGGCACGUAGGUC,0
UGAGGAUUCAGGGGCUGGUGUUGCUGCCAGGGAUCUUAGCC,0
CUGUUAUUGGUGUAUAAGAAUGCUUGUGAUUUUUGAAUAUU,0
ACUGUGGCAACAGGUCAUUUUAUGACCUGGAGGCAGAUCAA,0
AUUUAUCUUAGGGGUAUAUUUUUAUAAUGAAGUUUUCACAA,0
UGUUUAUUUCAUGCCUAUUAUGGCUUCAGCACUAAGCUAGG,0
UGAUUUACUCCUAGGAUAAAUUGUAGAAGGAUAAACUGCUG,0
AUGCUUGGCUAUAUAUAUCUUUCAAAUAUAUGUACAUAUGC,0
AUUGUACUAUAAAGUCAUUAUCAUGAAAACAGCAUGGUACU,0
UAAAUGCAAAUGUGUAUUUGUUUGCUACUGUUUUUAUUUUA,0
UCAGGAGUUCGAGACCAGCCUGGCCAACAUGGCGAAACCAC,0
UGGAUGGAGCUGGACACCAUUAUCUUCAGCAACCGAACACA,0
CAGAAGAGAUUGGGGGUCAAUAUUCAACAUUCUUAAAGAGA,0
UGGACAGAACCAAAUGCUGGUGAGGAGGUGGGGUAAGAAGA,0
AGUGGGGAAUGCAGGCUACUUUUCCAAACCACUGCAAGGCA,0
CCACAUGCCUGGCGGGGUGCUGGAACUAGGGAUGCCUGGUU,0
CCUGAUGACUAAGCCCCGUCUCCUCACCGGGCUGCCUGCCU,0
CUCUGCUGGUAGCUCCUUGUUCCAAGCCAGCAUCAUCUCUU,0
UGCCAUGGCCUGGAUGUCUGUGAUCUGCACCCCUCCCAAAU,0
ACAACUACAUGAGAAGUUGCUGAAGAACUCAAAGUCGAACA,0
AGAGGGAACCCAGGAGGCUGUCCCCACUGGGAUGCAGGCAG,0
UUAUAAUAGCACUAAUCCCAUCAUGGGGGCUGCCCCCUCAC,0
AUAGUAUUUGAAUAUGGUAUUCAAAUACUACAUGUCCUUGG,0
UCAAUGACUGGUGUGUCUGAUAUAAUUUAGGGCUCCAAGGG,0
UCUUUAUCUUUAUCUCUUAUUUUAGACUCUUCAAUUUGGUU,0
CCUAUACAACUAUUGUGUUUUUCAUUCUCACUACAGUGUUU,0
AAACCAAGAUGCUAAUACCAUAUUGCAAAGUCAAAUUUAUA,0
AUCUCCUAAUAUAGGGUGAGUUUAUUCCUUUUCUCUGACUU,0
UUUCUUAUGCCUGUCUUUACUUUAAUCUCUUAAUCCUGUUA,0
AGUCACGGUGCUUAGCAGCAUGUGGUUCAAGAAAAGUGUUU,0
AAGUCUAUAUUCCAUAAAAGUAGUCAUUUUUGAUAACUAAC,0
CUCCAUGUAUUAGUCCAUUUUCAUGCUGCUGAUAAAGACAU,0
GUAGGCCAUUUUAAGGAUUUUUGCUUUUGCUCUGAAUGAAG,0
AUUUCCUAGAUGGGUCCAGUUAAUUUUAACAAAUUGUUGUC,0
AAUGGCAAUUAUUCUGAAAUUCAUGUGUAUCCUUCUCGUCC,0
CGCGCCAAGCCAGAAGUUGUUUACUUUCUUUCUCAUAGGAG,0
CAAAAUGCAGGAAUCUCAUGUCUUCAUCCUGGCAGGACAAC,0
ACAUUCUACUUUACCUCAGCUGUGGAGUAGUAGAGUUCAAU,0
AAAAUGUCUAUCAAUUUGUGUAGAGAGAGGUUUCUUCAUAG,0
AGUUUCACACUGUGUUUAUUUCUCCAGAAUGAUGAAUAUGC,0
UGAGCCCAGGAGUUCAAGACUAGCCUGGGCAACAAAAUGAG,0
ACCUCUUCUAUUCCGGGUUGUUUAAUCAGGGUUUUUAUUCC,0
CAAAUCCCCUAUUGAUGGUAUUAACUAUUCUGCAGUAUGCG,0
AACUACUUGAACACCUUUCUUCUCAGUUUUCCUAGGACUGU,0
UUUCUUUUUCUUUUUUUUUCUUUUUGUGAGACUGAGUCUCA,0
UUUGUGUCCCCAUGCAAAUCUCAUGUCAAAUUGUAAUCCCC,0
UCCUGGCUUGCACAGGGCGGUCUCCAUGUCUUCGCAUGGGC,0
UGCACUCCUAACUUCUAAAUUUACAUUAACUACAAGUUCAU,0
AUAUUUGGUGAAUAAAUGAAUGGCAUUUAUCACACUCUGCU,0
UAAGCAUAUUAAAUGUGAGUUGUCUAUUAGGCAUUCAAGAA,0
AGAAAUAAGCAGUGCUAUUAUUGCAGUAAAAACAGGCUACA,0
GAGAAGGUCAGGACUAGUGGUGACUCAGCUGACUCUGCAGC,0
AAAAGGGGCCAUCUUGGUGGUGGAGGGUGGUUUCUUAACAC,0
GUGACCAAACUUAAGGGCAGUGAGCUGUCUGGCCUCUGAAC,0
GCAUCCCAGAGUGCUGGGAUUACAGGUGUGAGCCACUGCGC,0
AUUACUUAUAUUCCCUUGGUUUCUGGUAUCACAAGGGUUGU,0
ACUCUGUGUGAAUGAAUGAAUGAACGAAUGAAGCUGGUAUG,0
UGCAUCAUUAGUGCCUAUCUUGUUUGCCCCUCACUGGUUGU,0
GGUCAGACCCUGAAACAUUGUGGUUUACUUCUCACAAUGAC,0
AAAAGGAAUCGGUAGUUAACUUAUUAGUUCUGGAACUGAUU,0
UAGCUGUUUAUGAAUAUUACUGAUUCAAAAAAUGAGACAGU,0
AAUAAUCUUGAGUCUCACCCUAACUGGCUGUGUGGCCUUGG,0
AAAUAAAAUAACACCCUAAGUGCCUUUGUCUCCUCAUCUGU,0
UGCUUUCCUGGGUAUCCAGCUUUCCUUCCAUCUUGGGAAUU,0
CUACUAGUAAGCCCACAAUUUCCAUCCAUCAGCUCCUUCUU,0
GUCUUUCUUCUCUUGCCUCCUCUUCCAUCUCUUCCAUAUCU,0
AGCAAAAACCUGAAAAUAACUCACAUGUCCAUUGUCAAUAG,0
GAGUGGAGAAGGUGCUUUAUUUGUUGCAUUAACAUUGUCCA,0
UAAACAAUAAAAUAGACCAAUCCCCUUAUAAUCUCUGUACA,0
AUCAACAUAUUUUUAAAGAUUGUAAUACAGUUAUUUAUAUG,0
AAUUUAAGGAGGAAAAAAACUAACAUUUUCCACAAACGCUC,0
UACAGAGCCACCAGGGGCAAUUGAAAUCCUCUCUGCCACUG,0
ACCUGGCUAAUUUUUGUAUUUUUAGUAGAGACGGGGUUUCA,0
UCUUUGGUUUCUUUCUUUUUUGUUUUUUCCUGUUUGUUUUU,0
AAUCAAUCUCUCUUAAAAUAUCUGCAGUGAAUCAUGGUUGU,0
CGACCUCAGGUGAUCUGCCUUGGCCUCCCAAAGUGCUGGGA,0
CCAACACCUUGAUUUUGGAAUUACAGCCUCCAGAACAUAAA,0
UAGUACUUUCGUGUUCUUCUUUGAAAUAUUUAUAACAAACA,0
GGUGGAGUUUUGAGAGUCCGUAUUUCUUAAGCCCCAUUUAA,0
GCCCAGGUUGAGCUGUAAAAUGACAGUCAUGGUGCUUUCCU,0
CUAAUAUCCAGAAUCUACAAUGAACUCAAAUAAAUGCUUUU,0
UAGACAUACAAAAGACUUAUUGGGGGAAACAACUGGUUGAU,0
UAAGUAUAAUUAAUAAACAUUAUCUCAUUUUUGGCGAAUCA,0
CCCUGUGUAUUCCCCAUUAAUUAAGUGGGACGGUUAGUUCC,0
CACAGGAUGGUGACUGACUCUGAGGGCAAACAGAGAGCAAU,0
UAUUUCAAAAGCAUAUAACUUACCAGUCACAUGAAAUUAUG,0
UCAACCUGAUAAAAAGUAUCUAAGAAUAUCCUACGGUUAAC,0
CGAAUGCCUGCUAAAUGGGCUGAAUUGUUUAAAGUUCUUCU,0
UCUAUUGUUCUACCUUAUGGUAUGCUGAUUCUUCCCUUUCU,0
AGCUGCUGUCAAUGGUGACCUUCCCCGCAGACAGUGCUGCG,0
GAAGCUCUGGAAGAUACCAGUUUGAGGUAUAAAUAUUUUGA,0
ACAGAACUGUGAGAACUAAAUGUGUGUUGUUUAACAGACAU,0
CUCUGUCUAUGGAGUAGCCGUUCUUUUAUUCCUUUACUUUC,0
GAACAAAAUGGAGUCUCCUAUGUCUACUUCUUUCUACACAG,0
UAGUAAUUAUAUUAUUACUGUAAUUAUUAAUAUAUAAUUAG,0
AUUUGAUUCUUCUCUCUUUUUUUCUUUAUUAGUCUUGCUAG,0
UUUUAAAUAAUUAAAUUGUUUCUUCAAAUGUUUUAGCGUUU,0
CCUCCAUCCGCCUUGGCCUCUCAAAGCGCUGAGAUUACAGG,0
GAAGUUAAACAAUUUGAUUUUUUUAAAGCAGGAAGACUAUC,0
AAAUCUGAAAAAAUCCAAAAUCUAAAACACUUCCAGUUCUA,0
AUGAGGAAUCAAGAAACACAUAUGAUCAUGCCUGCAAUCCC,0
CCUCACUCUGUUGCCCAUGCUGGAGUGCAGUGGUGCCAUCA,0
AUACAAAAAUUACCCAGGCGUGGUGGUGCGUGCCUGUAGUC,0
GAGAUGGAGUUUCGUUCUUGUUGACCUGGCUGGAGUGCAAU,0
ACAUUAGGUGUAUCUCCUAAUGCUUUCCCUACCCCCUAUCC,0
UUUGGCAGGAGGGCCAGGUGUGACACGAACAGGUGUCUGUU,0
AGCUGCCGCAGCCUCGGGAAUGGGGCCGGCCGGAGAAGUCC,0
UGCCAGGUUGAAAGGUGGCAUUCCAGUGCAUCUAGAGGUGC,0
ACAGUGUUACCAGAAUCAUCUUUCUUACAUUCCACUUUCAC,0
CUAACUAGUGAAUUAAAGAAUAAACUGGUGGUAAGACUAUA,0
GAACACCUACCAUGCUUUAUUCUAAUUACCUGUUUAUAAUC,0
GGCCCUUCAGAAGAAUAAAUUGGAUCCUGACAGUUUGAGAU,0
GUUUAUGAUUUGAGAUUUUAUGUAACUGCACUUGAAAUAUU,0
CGUGGUGGCGCAUGCUAUAAUCCCAGCUACUCAGGAGGCUG,0
UCAAAAUGUAUUUAUAAAGAUUUUAUGCCGGGUGUGGUGGG,0
CAUUCCUGAGUUACUUCACUUAGAAUAUUAGUCUCCAAUCU,0
UGAGUUCACAUCUGCCGGGAUGGGAACGCAGUGCGACCAGG,0
GAUGACCAAGAAGAACACAUUAAACAAAGGCAAAGUUUGUU,0
AUUUUAGUUGAAAAAAAAUGUAUUAGUGGGCCCAUGCAGUA,0
CAGUAAGGCUUUUAUAUAAAUGGAGCUUUAUCAGAAUGCUA,0
CCGUCAAGCCCCACGGCACUUGCUUUUAUUGGUUCUCCUAG,0
UUCAUGUUCCGGAAAUCAAGUACCAGCCCCAAGUGGGCCCA,0
UUAUUUUUUUUUUGUAGAGAUAGGGUUUCCCUGUGUUGCCC,0
GCUGCUGAAACACAGCAACAUUAAGCCACCUCAUUUUCUUU,0
AUAAAGGAAGUACCUACUUGUUCACCUGGAAGUCCUGGGAG,0
GGGUUCGUGGUCUCCUUGGCUUCAGGAGUGAAGCUCCAGAC,0
AAAGAAUAUAAGCAAAGUCUUUAGCACAGUGUCUGGAAUAU,0
AGUCCUAGUGUUUAAGUGGAUGUCUACCUGCAAAAGAAACA,0
AAAGGGAGUGCCAGAGGGAAUUUCCACACGCUCCACUCUCA,0
CUUAAACUCCUGACCUCAGGUGAUCCACCCGCCUCGGCCUC,0
GCUAUAACAUGGAUGAACCUUGAAAAUAUUCUGCUAAGUGU,0
UUACCUAUCAUUCUCUAUGAUAACAAGAAUUUUAUCCUGUU,0
GUCUUGAACUCCUGACCUCGUGAUCCGCCCCGCCUUGGCCU,0
GGCUCUUGGCCAGCAUCUCCUUCUUGUCAGGAUUGGCCUCU,0
UUUUUUUUCUUUUUUUUUUUUGAGAUAGAGUUUCGCUCUUG,0
AGACAGUGUGGCCUAGUGAUUAAGCAUACAAACUAUCACGC,0
AGAGUGUUUCAAACGUGAACUAUCAAAGGAAGGUUCAACUC,0
CUGUUUUCUUUUAUCCAAUGUUAUUAAAGCUUUCUUCUAUC,0
UCUUCCUUUUUUCUCUUCUUUUCUUUGUUUUUUGCUUUUUA,0
GGAAAUAGAGAAUAGACUGAUGGUCACCAGAGGGUGGGAAG,0
UCUCCCUUUUAGCAGCCUGCUUUGCCUCUCAGAGUGUACUU,0
GAUUGUCUUCCAGCUGUUCAUAAUUUCAUGAGUGAGAGUCG,0
AGAGAGAAAGGCAGAGCGUGUGGGGUUGUGUCUCUAAGGGU,0
AACUCAGAAAAUGAUAGUCUUCAGGUAUGUUUUACCCUAAA,0
GUGAUUUCCAUUUAUUUCCUUUCAUCAGCUUUGAGGGAGCA,0
GUAUGAACUGACUUGCACAAUUAGUAUCAGACGUACAAGAU,0
AGUUAGCCAAUGUUAGCUUAUUUUGUUUCUGCCCCUUUUGU,0
GUGCUGGGGGCAGGGGUGCCUGGGCUGUGAUCCCCUCCUAU,0
AUCUUCACCUGAAAAUGUUUUUCGCCUCAAUGGCAUCAGGC,0
UCCAGAAGGUGAGCUUCCUAUAGCACAAACCAGGGUGGAGA,0
GUUAUGGUGAGAUGCCAGCUUGAGGACAGGAGCAAUGUCAC,0
AAUCUUCAUCGCUGCCGGAAUCUUCUGAGAAGAAAGAAGAA,0
CUCCACUAUCCUAUCUCCCAUUCCCUUGCCCCACCCUUCAG,0
CCAGGGUUUCCUUCUGACCAUUUAAUGUCAGGCAGUGCUCA,0
UAUAUUUUCUCUUUUGAAAAUACCUAGUUUUAAAAGAGAGA,0
UAUUUAAUUCAACAAAACAUUUACUAAGUCCCUACUAAGUA,0
GGAUGUUAGCAUUUUAUAGAUGAAACCAUUCCACAGUUUUA,0
CAUGACAACCUAUUUGUGCCUCAGUUUUCCCAUUUUUAAGG,0
UCUUCUCCAAAGUCCUGCUGUCAAGUUGUCCCUCUGAAGUC,0
GAAAAAUUUUUUUCAUUAGUUAAGAAAUUGAUAUGGAAUUA,0
UGGAGUGCAGUGGCACGAUCUCGGCUCACUGCAAGCUCCGC,0
UAAGGCAUGAGGCUGAUUGGUGGUCACCUGGUGGUCACAGC,0
ACCUGGACUUGUUUUUUCUGUAAUUCUAUGUAAGUCUCUCC,0
AUCUGUGCUUCUGGCUACCAUAUCCACUCUUUCAAGAAGUG,0
GUUGAAUUUUGUCAAAUGCUUUAUCUGCAUCUGUUGAUAAA,0
UCUAAUCUGCACUUUCUUCUUCUCUCAUAGGUGCAUGUCCC,0
UUGCAGUAGGUUAACUUAUGUCCCUUGAAAUGUAAUUGCCA,0
AAAAGAGACCCAUUUCCUCAUGGUUCCUGAAGAAGCAUCCC,0
UAUGCUGUCCAUAUACACUGUGUUUUUAAUAUUUCUUAUAA,0
CCCCCUCCUGGCUAUUUUCAUUGGCUGGGGUUGAGUGUCUG,0
UGGUAAUUUUUUUUCAUUUUUUGAGGAACCACCAUACUGCC,0
GGUGGCCCUCCAGGGGGCUCUGGCGUGGGCCUGAAGUGCUG,0
UCUGUGUCUAUAUCUUUUAUUAGAAGAGAAAAAACCCUUUC,0
GAAAACAAGGUUUGCAAUGAUUAGAUAACUUGCCCAGUUUU,0
ACUACACAAAUUCUGUUAGCUGAUCACUUAUUUUGAGGCUG,0
ACCUGAGGACAUCAAGGUACUAGGGAAGUGCAGAGGGCCAA,0
UUGUCAGGGUUUUCUUUUGUUUUGUUUUUGUCUUUUUGUUU,0
CUGCCUCCAUCUGGAGAAAGUUUUAAAGGCUCAUGGGAUUA,0
UGUUCAGUGAAAACUAUUGGUUUAUCUAAAGUUUUAAGCUG,0
ACUAGAUAAAUGGCAUUACCUGGACUAUUGUUCUGGCAUUA,0
ACCCCAGCCUGCUCCUAUCCUUGCCAUGUUGGCCCCAUCUC,0
CUCAAUGUUUAGCUCCCGCUUAUAAGUGAGAAUAUGCGGUA,0
UCCUUAUUGAUAUUAAUUUGUAUUCUUAAUAUUAAAUUUAA,0
UAUGCUUAUCUCUUGGUAAAUUAAUUGCCUCUUUUCCAUAA,0
UUUCUGCCCAGGCUAUAAUGUAGUGGCGCGAUCUCAGCUCA,0
GUAUUAGAUGAAUGUUUGAUUCCUGGGUGGCCAUGCAGUCA,0
UUCAAAGAAUCUCAUUGCUAUCUUUGAUAUGACAGCCUCUC,0
ACAGAGGGUCUUGUAAGCCAUACUUAGAAGUUUGGGCAAUG,0
GACACAUGCACAUGUAUGUUUAUUGUGGCACUAUUCACAAU,0
ACGCCCUCCACUCCACGGGGUCUCCCUUCUUGUAGCAUUUU,0
AGGAUUUUAAGCGUUAUUCCUAACACGUGGUUUAGAUCCUG,0
GAAACAGAAUUAGAAGAAGUUGGAGGGAGACUUACUUUUCA,0
AUGGCCAGAUGCAGGCACACUCUGUAUUGAUUGCCCUCACU,0
AAAAACAAUUGUGCCCAGAGUAGCAGUACCACUUUACAUUU,0
GGACUUGUCUUCUAACUCCAUGAUACUGCUCCAGAUGAUGA,0
ACUUGCUGAAAAGCUGAAACUUCCUUUGCUAUUAAUAGUAA,0
AAAUACUUAAGGAUAAAAUAUAUGAUAUCUGGGAUUUGCUU,0
UCGAACUACUGACCUCAUGAUCCCCCUGCCUCGGCCUCCCA,0
UGGAGGAAAAAUAAAUAAAUUUGGAGUCCUACUUCCAGCUU,0
AAUAAAUUACAAACAAACUCUAUUUAAAAAAACCUGACUAA,0
GAUCUAUUGAUCUUGUCACCUUUUCAUUUUCCCUUAUCCCC,0
CAGGCGGUCAGGAUCUGCAUUCCACCAGCCCGUGGGGUUUU,0
UUAAUACUUGAUUUUUCAUCUUCUUUCUAACUUCAAACACA,0
UAUUUCUUAUUUUGUAUACAUAAAUUAUUGUAGGUCUAUAU,0
GAGUUGGUCUUAUUAGGAAUUUGGCAAAUAUUUGUUGACAG,0
GGAAGCAGGCCACCCGAGCGUGGAGAGGCCUAGCCCUGCAG,0
UUGGACAAGUUACUUAACCAUGCUGAGUCUUGCAGCAGAUU,0
GAUAUAAAGUAAAUCAUAAGUAGGAGAGAGAGAUAUAAAGA,0
CAACACAUUGUAAACAGAAAUCUAACUCCAUCAAUCGAUUA,0
CGAGACCAGCCUGGCCAGCAUGGUGAAACCCCGUCUCUACU,0
CAUUUGGCAAUUUUUGAUUGUUGCAUCUGGAGAAGUACUAG,0
CUUGUCCUAUUCACUUGACCUUGGUUAUCACAACAGCUAUG,0
CUGGGAACUCUGCUGCCUCUUGGUUGAUGGAAGCUGGCUUU,0
GACUGAAGGCCUGGUGGUGUUUAUCAGGGCCCUACCUCAUG,0
GUGUUACUUCUCCAUAGUCUUAUGAGCCACAUUGUCCCCAA,0
GCCCAGCCAAUUUUUGUAUUUUUAGUAGAAACGGGGUUUCA,0
UUUGAAAAAUACUUGCAUUGUCAUUUUAAUGAUAAUAUGCU,0
CCUGCUCCCCUCAAAAGAUUUUUAGUCAUACAGAAUGUUAA,0
GCAGCAUGGCAUUGUGGGGAUGAGCAUGGACUCUGGGGUCA,0
AAUGUUGUCAGGUGCUCUUUUUUGUCUCUAUUGAGUUGAUC,0
AGUAAGGAUUGGAUCAGAGGUAAUAUAGUGACUGACAUAGC,0
AAUCCUAGGAACUCGUCCACUACUUUAAACAUUAAAAAUAU,0
CUUUGAUUUGCUUUAUACAAUAAAAGAGAGCAAUUAUUAUU,0
CAGUGAAUGUGCAUAGGCCGUGGUUUCCCUCCAGAAAAGUU,0
GCAUAUAACCUAUAUGUUUAUAGUAGCAGAAUUCGAUGAUA,0
CAUCCAACAAGACAUCAACAUCAUGCUGAUAUUGGACUUUU,0
GGUAUGUCUGCUGCUUCAAUUCAAACCAUUUGGAAAUCUUA,0
CACACAUGAGAUUCUAUUUUUUUCCCCAGUGCAGUCUGUAA,0
UGUCAGGCCCGGCCCUGUUUUUGUAGGGAGUGUUUUGUGGA,0
CAGAAGUGAUAAAAUUUUGUUUAAUGAUGUCACUUUUUCUG,0
AACCGCCACAUUUUUCAGGCUGACCAAACCCAAAACCACAG,0
CUUGCUGAGUCUUCCGGCCUUCAUCUUUCUCCCAUGCUGGA,0
UACAGUUCCCGUAAGCCAUGUUUUCUUCUCGCUUCUACAGU,0
UGUAAGGGCUUGCUCCCUGUUUUGGUGCCUUCCCACUAUGG,0
CUCUACUAAAAAUACAAAAGUAGCCUGGCAUGGUGGCACAU,0
UUUGUAAUAAUUUGAUACAUUUUGAUAAAAUUUUACCCAAG,0
UGGUCAAAGGGUAUAAAUUUUCAGUUAGACUAGAGGAAUAC,0
GGACCUCUGAGGGAACAGGAUGCUGGAGCCCAAGGCCAAGG,0
UAGUGUGCUUUACAUAAACUUUGCAACCUUCUUGUUCACCU,0
AAACUUUUUGCCAGUUUCUCUGAUAUCCAAUCUAUUCUUUU,0
AGUAAAACGUAAGACAAAUUUUUCUGACCACAAUUUACAUU,0
AAUACUGCCCCUGACAGAAUUAUAACAAAAGUGCUACAAGA,0
UCUUGUUCCAACUUCUGCCAUAUGAAACAUGUCAUUGCCGC,0
UAUUCCCUAUACUUAUCUCUUAUACUGGAAUUGUCAUCCAG,0
AAUCCCAUCUCUACUAAAAAUACAAAAAAAAAAAAAAAUUA,0
GCCUCACAUCCUCCAGUCAUUUUUAGCCUACAAUGAGUGCC,0
CCUGAAGCACUGUACUAAUCUAUAUUUUAUUUUGUACAAUG,0
AGCCAAAAAGCACUCAGUCCUAAGACCUGAAAGAGAAACAG,0
UAUGUUCUUCUCAAAACUGGUUAUACUAGUUAGCAAUAACU,0
AUGGGUUAUGCAAAGUUGCAUCUCCUCAGUGAAAUCUUAGG,0
AUAAGUUAAAGAAGUAAAAUUAAUAAGGUAAUAAUCAAAAU,0
AGUGUUUUGAAGGGCAGGUUUGGAUUCUGUUAAAUUGAAGG,0
CGCUUCCGGGCGCCCAGGUUUCCGAGCCAGCGGGGCCGGAC,0
AACUUUUUACAAACCAUGUUUGCUGCUUAUAGCUAAAAACA,0
CGCCUGUAAUCCCAGCACUUUGGGAGGCCAAGGCAGGUGGA,0
GGGAUAUACUGUAUUAAUAAUUUUUUGUGCAUGUCUUCAAA,0
UGCAUAUGCGUGUGUGCAUAUGUGUGUGUGUGUGUGUGUAU,0
GGAAAAAGUUCUGGAAACGGUAGUGGUAAUAGAACAAUAUA,0
UUAGUACAUUCAUAAGUUUGUACAACCAUUACCACUAUUUA,0
CAACACUGAAAUGAAUAUUCUCAUACAUGUCAAAAAAAAAU,0
GAAACUGUUUCCUAGGCUAGUGGUGUGUAUGAACUCUAAAA,0
AUCCACCCACCUCACCCCCAUCUCUACUAAAAAUACAAAAA,0
UUCAAAUCUCAGUUCUUGUAUCAACUCCUUGAAGAGCUUUU,0
UUUUUCUGAAAAAUUUAAACUUGUAUUAGUGUACUUCUGAA,0
UUAACCACUUGACCCCUUGUUGACACAGCUGACUACUCCCU,0
ACUACUAGAAGUGAGAAACAUUAAAUUAACUACAAAACUUU,0
ACCUUCUUUGACCUCUUUUUUUUUCUCUAAGUACAGUUUUU,0
AUGUGGCCCCGCCAGCCUCUUCAUCUACAUCCUCGCCCUCC,0
UUAAGCUAUUUUCUCUCAGCUCCAAACCUAUUGGUGGCUUU,0
GAGCUGUAAAUGCUCAGUUAUCAAUCAAUAUUUAAAAGUAU,0
UAGCUGGGAUUAUAGGCACUUGCCACCAUGCCUGGCUUAAU,0
AAGAGCCUGGAUUUCCUUUCUUUCACUGAUUUAAAGGAUGG,0
GAGCAUGGAAUGUUCUUCCAUUUCUUUGUAUCCUCUUUUAU,0
UCCCACCACUGUCUUGAUUGUUUCUGGGUCACAAAGAUGUU,0
UUACUUGUUUUCAUUGUGUGUCAGCUUCUUUUCCUAUUAAU,0
CUAGGUAAGACCUGUUUUACUUUUAAAGCAGAAUUUCCCAG,0
UUUUCCUUAACAUGAGGUCUUCAAGAUUCAUCGUGUCCUAG,0
CAGUCUUUGCUUCUUUUAAUUCACAAUGUUUCUUUGAGUGA,0
GAAGAGAGGAAGUCAAAUUGUCUCUGUUUGCAUAUGACAUG,0
GCCAUUUCAGUAACAUUAUAUCACAUGGCGAUUUUUACUAC,0
UUUGUUGCAGAAUAGUAGGUUUUGAAGCUGGCUUUGAAAAU,0
GUAUUUGAGAUGUUAAAGCUUGAAAACAGACAAGAAUUGAA,0
CAGCUCUAUGGAGCUUUUCGUUGAAAUCUAUUAAAACAUAU,0
CUAUACUAAUGAAAACAAAAUUAGGGAGAGUGAGCAUGUGC,0
AAGAAACUGAAGAGUUUGACUCACUUACCCAAAGUCACAUA,0
UGGCAUAAAAGUAAUUGAGGUUUUUGCAUUACUUUUAAUGG,0
CAGAUCCAUUGGGUCCAAUGUUGAGUUUAGGUCCUGAAUAU,0
UCUCUUUCAAACUAAACAUUUUUCCUCUGCAUUCUCCAGCU,0
UGCUAUGUUGUCAUCUUUACUCAAGAAGUACUACUAAAAAG,0
CUCAGUUCAAAUUCUUCUUCUGUCAUACAACUUUUUCUCAC,0
GUCCUUUACUAAGGCUCUUUUUAUCUUUUAAAAUUUCAUGU,0
AAAGAGCUUGGCCAUCACUAUAUUUGUAAAGUGACCAUUUU,0
AGGACCAAGGCCCUGCUGCUUCCCAUCACAUUGGUGAAAAA,0
UUAAAUGUGUGAUAAUAUCUUGCCAUGAUUUGAACUUGCAU,0
UCAGGAGUUCAAGACCCACCUGGCCAACAUGGUGAAACCCA,0
AGGUUGCCUGUUCACUCUGAUGGUAGUUUCUUUUGAAUGGC,0
CAGAAGAUGGUCCUCUUUCUUUGCUUAGAUUGUUUCAAAAU,0
AAUAAGAACAACCUGAGAAUUUUCUAAAAUUUGACUUCUGC,0
GAAGAAUGAGAAAGACUGUGUAUCAGUCUUGGGGUGAACUU,0
UGAAAUAUUAAUUUGGAGUGUUGUAGCUAAAUAUUGUAGUA,0
GUGAGAGAAUUAUAUAGCAUUUUAAAAAUACCAAGAGAGGA,0
AGCAUUUUUCAUGUUCCUUUUGCAAAACACUAAACUUUCUA,0
GGCAAGGGUAGAGUGAGUUUUGUCCAAGAGCUUGGCAACUU,0
CAAACUCCAAAACAUUAGGGUAGGAAGAGGCCUUUAGAAAA,0
GAAAAGCUCAAUAUCACUGAUCAUUAGAGAAAUGCAAAUCA,0
UGGAGUUCAAUUACACUUUCUGUGGUUGAAGGUUGAGAUGC,0
UGUAUAUAAGCCACAUUUUCUUUAUCCAGUCUAUCAUUGAU,0
GAUUUAUUGCAAAUUCUCUUUCUCUAGGGUUUGGAUUCAGG,0
ACUCUGAAUCUAACUUUGGAUUUUGUCACCCAGAUUUUACC,0
AUAUGAUGGUUAAUUUUAUAUGUCAACUCUACUGAGCCAUG,0
AACAAUAAAUUAUAUCAUAUUGUAAUGUCCACUGGUUAUCU,0
CAAGUUCAUGAUUAAAAAUUUAUCUAGUUUUAAGGUACAUU,0
GCAUCCAUCGUUAACCACUCUGCUUCAAUUCUUACAGAGAU,0
GUACACUGUUGGUGGGAAUGUAAAUUAGUACAACCACUAUG,0
UUAUUAUGUGCCAUAUAUUGUAUUAAGUACUGCACAUACUU,0
CAUCUUAAAGGAUUCAGGUUUAAGUUUUUUAGUUCUUAUAC,0
UAGUUUUGACAAUUCUUAAGUAUUGAGUGGCAGUGAAUUUU,0
AAAUUGCCUUCUCCAGGAAGUAAUAAAUCUCUCUCACCAAU,0
AGAUUCAACUUCUUCCUGGUUUAGUCUUGGGAGGGUGUAUG,0
UUGGCCUGGCCAGGUUCUCCUCUCUCUGUCUGCCUUUGUCU,0
UAACACAAGUACUCCCAAAAUGACCCAGUCUCCUUUUGAAU,0
GAAAGUUUGAACCAACAUUCUUCCUUUUCUGGCAAUGCCUA,0
UUUACUUGAUAAAGACUACUUCAAGUACUUUUCUUCACUUU,0
CUUUUGGCUGCAUAAAUGUCUUCUUUUGAGAAGUGUCUGUU,0
AAAAAAUGAGGAUGUAUAUUUAUUGAUGUAUAAUGUAACUU,0
UACAUAAAUGCAUAUAUAUGUACCUCCUACAUUUCAAGUGU,0
AGGAAGAAAAAGUGGUUUCAUGGGCCAGGCCCAGAGCCCCC,0
GCAUUGUUCUGAGAAUGAAAUGAGUUUGUAAGUGUAAAGCA,0
CCCCCACUUUCUGGCAUGAUUUAAAUGUUCCUUUGUGGGAU,0
UAUGAAUACUGAACCAGCUUUGUACCACUGGAAAAAACCCC,0
ACCUCACAAUUGAUGUGCCCUCAGCCUGUUUAAGAGCCUAA,0
UUGAUUGAUCUCUAUUUAACUUGGCUCAUUGGACUUCUUAC,0
UUUUUAAAAAAUGGAUUAUUUGACGGGGGCAAUAUUUUAAU,0
ACCCUUUUUCUAGAAAUUUCUGCAUAAUCCACCCCUUCAUU,0
AGUGCUAUUUAUCUCAUGUUUGUGGGCCAGUUUGAGAAGCA,0
AGAAGAGGCAUUCUGGUUUUUGGAAUUUUCAGCCUUUCUGC,0
GCCACCACACCCAGCUCAUUUGAAAUUUUUGUUGUUGUUGU,0
CGUAGCUGGUUCCUCUUUUCUGCCUCUUCUUCCAGAUGACC,0
UGCUCAUUUAAGAUACUUUGUGAUGUAUUGAAAAGUGUAAA,0
CAACAGAAAGAGCAGCUGGAUAGGGGCAAACCUACCCUUAA,0
AAUGUCACUGAAGUUUUCCUUUGUUUGGUAUUUUGUGUUUU,0
CAUAGAAGUCUUUUCCUCUUUCAACCCACAGUUUAGUUUUU,0
GGAUGAGGAUGUUGAAGGGGUUUUGACUCAAGGGUCAGUGA,0
CAAUGCAUCCGCCCUUUGAUUAAGUUUAGUUAAAGGGCCGA,0
AAUUUAUGGACUGGGCGAUUUCUCAAGAUAGCUUCUAGGCU,0
AUGGGAAUAUAACAGGUCUUUAGAUAUAUUACUUCAUAUAA,0
UGCUAUGAUGCGGAGGAGACUAUGAUAGGUGUUUUAAAGAA,0
AAAAAAUUUAAAGCCAUAUGUGCAAGUAUGAACUUCCAGAC,0
AUAAUGUAUAAUACAUGGAAUUUAUAAUUAAUAUUAUACAU,0
GACUUCGUGAUCUGCCCGCCUCAGCCUACCAAAGUGCUGGG,0
CUCGGGAUGUGAGCCCUGCCUUGCAGUCCUUCUCGUGAAAG,0
UGGAAUUUGGAUUUCCAAUCUAGACAUUUUCAUUCUGAUGU,0
UGCUGCACCGCUCCCCUCCCUCAGGCGGGGGACGGCAGGAA,0
AUCCAUUUUAUUUGCACAGAUCUAAGAAGUGUUGAUUAAUA,0
GAAUCAGUGAACUUGAUAGAUCAAAUGAAAUGAUUCAGUCU,0
UCAAGGUACCAACCCAAACUUCUUAUAGAUGUGGAUUUUAC,0
AAAGCAGGAGUGAUCUAAAAUCAACACCCUAACAUCACAAU,0
CUAGUUCAAAAGAGCAUAAAUCUGAGGAUAAAUUUUUGAAA,0
UAACACUUGUGAACCUCUGUUCCCGUCUAAGGAAGCAUCUC,0
GCCUCCCGGGUUCAAGCAGCUCUCCUGCCUCAGCCUCCUGA,0
AUUAAAGGCAUAAGCCACCGUGUCCAAUCUUAUUUUAUCCU,0
CAAAGACGGAGUGGGAUCACUUACGGCCCUACUGCCAUAUU,0
UUUUACCACAUUUACACCAAUAUCUAUUGUUUUUUGACUUU,0
AAUUUUUGUUCAGUAAUUUCUAUACUGUUUCUUUGAAGAAA,0
ACAGGUUUCCACAGAAAUUUUUACAUGCAUUAAGUCUGAAU,0
GUCACUUCUGCCACAUUCUAUUGGCCAAAGCAAUUGAUAAG,0
UGAAAUACGAGGUCUACUCAUAGACCAAUUCGGAGCCUCCU,0
ACAUGUAAGUGUCUAGUACUUGGAACAUACUGUGUAUUCAG,0
CCAGUGGAACACGGGAAUAAUUGAAUGUUUAUUAUUUCCUA,0
UGAGAUGGGGUUUCACCAUGUUGCCCAGGCUGAUCUUGAAC,0
AAACAGGCAAUAAAUGUAUUUCGGUCUGGCUCUGGGAUGUG,0
UUCUUUUCUAACAUGAUAUCUAUACUCCUGUAGCAACUGAG,0
GUGAUUGGGGUAAAUGGCCCUCUUUUGCCUGGUUUUCUGCC,0
CCAGAAAAGGAGCGAAUUUUUGCUGUAUCAGUUAAGGUAGA,0
AUGGAUGGACCUGGAAGACAUUAUGUUAACUAAAAUAAGUC,0
AGUGGGAGAGGAGCUGAGACUGGAUCUGAACUCCUGAUGUG,0
CUAUGAAAAAAAUUAUACAUUGGACUUUACAAAAAUAAAAA,0
GAUUUAACUAAGACAUAAAGUUUGAGGGAUAUUUUCAAACA,0
UUCACUGGUAGAAAUAGGGAUGGGAAGGGUGUCCACACCCC,0
CAAACUAUUAACUCAGUCUCUGAGUCUACAGGGCAGUAAAG,0
UGAAUGAGAAUAAAUAUAAUUGCAGUGGGGGGUGUGUGAAG,0
ACUUCUCAGCCUCCAGAACUUUGAGAAAUAAAUGUCUGUUC,0
UCUUUUUUUGUGAGUAGUAGUUCUCAACAGUAGGCUUAAAA,0
CAACUGCAAAUUAGCCAGGCUGGCAUUAAAUGCCUUUGCUG,0
GCUGAGGUGGCUCCAACUCUUCCCCCUAAUAAGACUUCAGU,0
AAGUGAAAUGUAAGAAAAAAUGGUGAAUGUGUACAGCUUCU,0
ACUCUCUUAACCACAAAUAAUUACUCAGGAGUGAAUAUUUU,0
AGAGAAAGCAUGUCCCACAGUUGUUAUUUUUCAAAUAUUUU,0
UAUGAAUCUGGGUGCUCCUGUAUUGGGUGCAUACAUAUUUG,0
CAUGAUCAGUUGUCUCAAUAUAACGGAAUAGUAACUGAUAU,0
AUACUUCCACCUAGCAAGGGUAAAGAAUACACAACCUUUAU,0
AAUACAUUUUAUAAUUUUUCUUUUUUCCUCAGGUUACAUUU,0
CAAAAAUAUGUAAUAUGGCAUAGAGAACAAGAUAAUAUGGA,0
GUGGGUUUUAUUAGAGAGAUUUUCAGACUGGGCUUUUCUGA,0
AACAUAGGUAGUUUGUGAUAUGCACAAAAAUAAGUGAUACA,0
UUGCGUGCUUUUUGUAGAGAUGGGGUUUCACCAUGUUGCCU,0
AGGUUGACAAAUAGUGACCCUUUAUGACAGGAAGUGUUUAG,0
AUACUUAUCAGGCACUCUGGUAGUGUUGAGACUACAACAAC,0
GGAGGCUGGCAAGACUGAAAUCUGCAGGCUGGAGACACAGG,0
AACAGCUGGUAUAGUUAUUAUUCCACAUAUAAGGAUAGUAA,0
UCCACAGUCAGGGUGUGUCCUUGUGAAUUUCCAGCUGAGCC,0
UGUGCUGAACAUGUACAGACUUUUUUUCUUAUCAUUAUUUC,0
ACAAGGCUGAAUACUUUUUCUCAACAAAAACCCACAAGAGU,0
GAAAGCUUUCUGUAUCGGUAUGUAUAGCACCACCACCAUCA,0
AUUCCACCAGUAAGAGAGAUUUAUUUCACUUAUGCAAGGAU,0
UUAACACAGGAGAAUGUGCGUGUUUUGCAUUUGUAGUGAAA,0
CUAAAAAGGCACAGAUAGUCUGUCACUAGAAUCCAGACUAC,0
UGCAAUGGUGCAAUCUCGGCUCACUGCUGCAACCUCCACCU,0
ACCUGCCGAGAGCCUAGCAUUGUCUCAAGUGGCACUGAAAA,0
AGAUUGGUAGCUCUGCUACCUUUUAGCAUGUGACCUGGGGU,0
AUAAAUUACCCAGCCUCAAGUAUUUCUUUAUAGCAAUGUAA,0
AGUCCAAAAGUUUUUACAAAUCAAAAAAAGAUAAGAGUAAA,0
UGGCUCUUUGACCCUUCUCUUUACUACUUCCUUGGCUGUGU,0
CAGGAAGCUGUCCUGUGUAUUGUAGAUAUUUAGCACCAUCA,0
CGGGGGUAGGAAUUUUUGUUUUGUUCCCUGUUGUGUAGCCU,0
UGAACCUGGGAGGUGGAGGUUGCAGUGAGCCGAGAUUGUGC,0
GAGAGCCAAGGAGUAUUCCAUCAGAGCUACAAUUAAAAACA,0
AUGCAUCCACGGUGCAAGGUUGGCUCGCCCAGGACCCACAC,0
ACAAUUAUGAAGAAACUGCAUCAAUUAAUGGGCAAAAUAAC,0
UGUUGUUGGUCUUUGUUUUCUUCAUACCCACAGGUUACUUC,0
CUCGGCUUUGGAAAGGCAAGUGAAGUAUGAGGGGCAGAACU,0
AUAAUGUACAGAGCCUUGAAUUCAGUAAUUCUACUUUUAGG,0
UCAGAAAAAAAAAAAAAUUGUUGGAGUAUUUUACAUUCUUU,0
AAUAUUAAGGAAAUCUGGAAUGAAGAAGAACCUGUAACUUC,0
UCUCAGUCAGCAAUCCUUGGUGUGGACUGGGAAGUUUCUGU,0
ACACAUGAAAAAAAUGCUCAUCAUCACUGGCCAUCAGAGAA,0
UUUUACUGCACCACCAUCCAUUGGGCUCUUCAAAUCAGAUA,0
GAGUGUGAUAUUCCCCUUCCUGUGUCCGUGUGAUCUCAUUG,0
UAGCAAUCAUUGUUCUUUAAUGACUGUUGACAUUUUGCAUC,0
UACCAAACACCUAUUAAAUAUGUGUUUAAAUAAAUUUUCUA,0
UUAAUUUAGUAGGAGGCAAGUUGCAUGAAGUAUAACUGUGG,0
CUCCAUAGAUUUCCAUAGUCUGUUGUCCUUUGUGACUUGCU,0
AGUUACAAAGGAUUCCAAAAUGGGAGAAAAGAGGACGGCAU,0
AAAUAUCCCCUUUUCCUUUCUGUUUUUGGAGUUGAGCCGUG,0
GCCAAGCAGUCUUGAACUCCUGACCUCAGGUGAUCCACCCA,0
AUGUUUCCAGCAGGGAAGGCUGGGCAAACGGGGCCAGGAGG,0
UCCAGAAGUGGAUCACUUUUUCUUUUUUUUAAGAGCAUGAA,0
AAGUACCCAACAUUGAUGUAUAUUAAAUUCCAGCCCUGAAC,0
UCAUCUCUCCCCACUUAAAAUGGCUUUCAGCUAAAAGACAA,0
CAGGGUCCUCAACUGAAAGUUUGGGAUACCAAGCUUCUUCU,0
GGAAGUUGGCUGAAAUGACUUCUGGGAAAAGUUUUUCUCUC,0
AGCCAGGCAGCCAACUGAAAUCACUCUUCUUCACCCACAGG,0
CUAAAAAUACAAAAAUUAGCUGGGCGUGGUGGCGUGCACCU,0
UAAGAAUGGCAAAAGCUAGGUUCUCAGAACACAUUCAAAAC,0
ACUUCCAUGUAGAAAUGAUGUCAUUCUGAAAUGGUAUAAAU,0
UGGCCAAAGUCAUGAGAGCCUAAACCAACAAUUUAACCCAU,0
GAGGCUUCAACUAUAAAAGCUAUUUAAGACCUUAUGGCUGC,0
CUUUAUCAUCUCUUACUGUAUCUGCAUGGGUACUAUCCUCA,0
CGGACAUGGUGGUGCACACCUAUAAUCCCAGCUACUCAGGA,0
GGAUUUUGUUGCUCUUGGCAUACACAGGAAACAGCAUAAGC,0
GUGUGUGUGUUUCUUUUGGUUUCAGUUUAGCAUAUCCUACU,0
CCAUUCGGAUAUUUUAUCUUUAAGAAAUUUGUAGUUUUAUA,0
UAGUAAUAUCCUGUUUUUUUUAAUCUCUCCUUCAAUACCAA,0
ACCACUUGUAAUGCUGUUUUUAAGAUAAUUGCUUGGGUAAA,0
AGCUGACUCUGACGUCUAGGUUCAGUAUGGAGGUGAAUAAA,0
AUAUAAUACAUAUUACCAAUUACUCUAUUACUAACGAAUUG,0
ACAUUGUAUUUAACCCAAUAUACCCAAAAAUAUUGCCAUUU,0
GUCCUCUCUGUCUCAACAGCUUCUAGCUCACCAGAAGAGAG,0
GGCCUCCCAAAGUGCUGGGAUUACAGGCGUGAGCCACCACC,0
UGUUCUGUUGCUAUGCUUCUUGUGGCUGCCCUUGCAUAUUU,0
UUCAAAAAUCUUAUCCAUCAUGAUCAAGUGGGCUUCAUCCC,0
GCCUUGCUGCUUUCUGAAAAUAGCCAAUCCUGCUCAGUGAA,0
UUCAGUCUCUAUGAAUUGACUACUCUGGAUAUCUAAAUGGA,0
UCUCAAGAUUUACUGUCAAAUACUGGAGCUUCUUUUUGACA,0
AGCUUUUACUGAAAAGAACCUAAGGCCUUGCCAUAUUGGGC,0
UGAAUGAUCUGUGUCUUAAGUGCAUGUUCCUGCUGCAGUUA,0
AGAGAGCCGAGGUUGGAGCCUUAAUAUUGGCCCUGGAGGCC,0
AUAGGGGUCUAGGCACAAUGUGAUACUCACAAGGCCCACAA,0
GUGUCAGCCUGGCAGUUAAUUUAUUUAGCAGCAUCUUAAAU,0
CUUUAACUUAGAGUAGAAUUUGGAAAUUGGAAAAAGUAAUU,0
UCUUGAAGUUCUGAUUCUCAUUAUCCUUAGUAUUGCACAAU,0
CUGCUCUUUUCUGUUUUUUGUUUUUUUUUUUCUAUACCUCA,0
UUCUGGCACAUUACUAAGUUUUGGGGCCACUAGACUAGACA,0
AUAAAUAAUGCUGGGUCUAUUGGUUACACAGGGAAAAAGAC,0
GUCACUUCCCACCUUUUUUUUUGAGAUGGAGUCUCUGUCAC,0
GAAGAUACGUUCUAUCACCCUCCCAAGGCUAGACUGUUAUC,0
CCCAGCCCAAAUAAUACUUUUAUGCAUAUUUAUAUAGGCCC,0
CAUGUGUGAGGUGCUGGACAUCAGGAACAUAGAUGAGCAGC,0
UGUAAGAGCAAUUACGCCUCUCAGGAGGCAGCUGAUGCAGG,0
GCCAAGAUCUGAUGGUUUUAUAAGCAUCUGGCAUUUCCCCA,0
CAGCACCAAGAAUGGGACAGUGAGACCCUGGGGAUGAGAUU,0
ACUAAGUCAGCUAAGGUAUUUCACUUUUACACUGCAAAUAG,0
AAAACCACAAGGCCUUAGCAUCUGUGUGUUUUUUGUUGGUA,0
UGUAUUUAGCUCAGUAGAUUUCAUCCCCAUAAAGGACUUUU,0
UUGCUGAGGAGUGCUUUACUUCCAACUAUGUGAUCAAUUUU,0
CUUCCCACCCCAUCUGAAAAUCCACACUUUUUGGAUUUGUG,0
AAUGCGUAUCAGUUUGUGUAUAAAUGCAUAGAUAAUGGUCU,0
CAAAUAUUAUUUUAUUAUUAUCUCUCAUAGGUCUGAGAAUU,0
CUAAAAAUAAAAAAAAACAUUAACCAGGCAUGGUGAUGCAU,0
GGCUGAUUUGGAAGGAAAGAUACUUAAUUUGACUUCACCUU,0
UUCUCUCCCCACCUGGACCUUGUGUCCGAGGAGCAGUGUUG,0
AGAGUUGAGCAUGUCUGAGCUCAGACUAUCCUUGGACAGGG,0
UUAACUUUCUGUUGUUAUAUUUAUAGCUUAUUGUAUUGUCU,0
AUUUUUCCAGCAGCAUCUAAUUCCUUGGCAAAACCUAGGCA,0
GCCAAAAGAAAAACACUGGAUAGUUUAUUCCUCCUUCUCUC,0
AUGUCCUUUUUAAAUGGAGUUCAGACUAUUAACAUUUAAUG,0
UAUUUUCUUUAAACAAACCAUUAGUGUAUGUGUGUAUAUAC,0
CACAUCCGUGUACCUUACAUUCCAUCCCCUAGGCCGAGGGA,0
CACCAUACCUGGCUAAUUUUUUGUAUUUUUAGUAGAGACAG,0
UUGAACGGGCAGUGUUAUUUUCCCAAAAGAAAAUAGAAAGA,0
UGGGCUUGCACAUGAAAAGCUUCCGAACCUUGACUCCCUUC,0
CAUCUGAUCUUUGACAAACAUGACAAAAACAAGCAAUGGGG,0
AGUCUCACUAAGAGACACAUUUUUUUCUUGGUAAAAACAUG,0
CCAGCCGGCACAGGUACUGAUAGGCAACAUUCUGCCGCCUC,0
CCACGGAGCUUCUUUUGUCUUUCCUUCCCAGGAAUAAAAGC,0
CAACAAAAGGGAGCUACUUCUAAUAUUACUGUUUUUAUUUA,0
UCCAAACAAAGCCAACUUGUUCAUCCAUCCGGACUCUAGGA,0
AAAUGGCCUUGUUUUAAUUUUUAAAAAUUAAAAAUUAAUUU,0
CAUUAUCAUGCAUUCUUAAUUUGUGUGUGUGUGUGUAUGUA,0
AAAAUUUUAUUUUUAUGAAAUUGAAUCUAUCAAUCUUUGGU,0
GGAAAAAAAAAACAAAACAUUUUUCUGGGAAAAAAAUUAAA,0
UCACAAAGACUCCACCCUCAUGAUCUCAUCUAAUCUAAUUA,0
CUGUGACAAUAUAAUUGUUAUCAAUAUACAUUAGAAAUCAA,0
CUCUUCCCCGGAGUGGGAGCUACGGGUGGGUCACUUCCUUG,0
UUAAACACUGCAAUUUUUUUUUCCUUCCGUAGGAGUUACUC,0
GACAGGUUUGUUCAGUAGUAUGCCUCCUUCCUGUCCUGCUG,0
CCUUGUGUACGUGGAUGAUGUCCAGAAUGUUGGCCUGGUGU,0
ACAAGCGAACUUCAGAAGACUGCAUCAGACUUACAGGUCAC,0
AUGUACCCAACCAUUGGCUCUUCCUUCUCACUGUUACUCAU,0
AACAAAAGAAAACCCAGAAGUUAAAGGAAAUCACUGUAUAG,0
UGGAACAAUGAAACUAGACCUCUAUCUCUCCACCAUAUACA,0
AAAAAUGUUCAACUCUACAUUUCAAGUACAUGAAAAAAUGU,0
UGUAACUCACAUGAGUAGCUUAGCCCAGGAGGACAGAGACA,0
GAGAGAUCAAAACCAAGAUGUGAAUGAUUUUAUCCAAGAGG,0
AUCCACCCUGUGCCAGCUGCUGCCAGUGGAGAGGCGACACU,0
UCAACAGAGAGAGGUAAACUUUUAGAGAAGUGACAAGACAA,0
AUUGCAUUUGAGAUACGUCAUUCAAAUAUGUAUAUACAUAC,0
AGAAAAUAAAAUUGUAAGAGUAUUAAAGGCAUGUGUUGAGA,0
CCAGAUCAGUCUGACCAACGUGGAGAAACCCCAUCUCUACU,0
AUUUAUGUAGUUCCUAAGACUUGUCCUCUUUUUCAUACAUA,0
AUACUUGGCUAAUUUUUGUAUUUGUAGUAGAAACAGGAUUU,0
AGUGGAUCAUCACAUGUUCGUCUUCAUUGUCUUCAUGUACA,0
CAUUAUUAAGUGGUUUAGGAUUUCCCUGGUGCAAUUUUAAU,0
AGAGUUACCACACUAAGAAUUGAACCUUGACUUUCCCACUU,0
ACAUGAGGAAAGAGACCAUGUGGCAACCUAGGGAAAAAUCA,0
AACUUAUAUCCACUGUCUGCUCUUGCAUAGAAAGGAGAGAA,0
AUCUAGAACUAGAAAUACCAUUUGACCCAGCCAUCCCAUUA,0
AGCUUGUGAGUAUUAUAUAUUACAUCUUCAGUUGUUGGUAA,0
UAUAGGAGUAUAUACUUAAAUGUAUUCAUAUACUCAUAGCA,0
AUAAUAGAGCCAAGAUCAGGUGGUAAAGGGCCUUGUGGCCC,0
UGUACUGCAGUCUCCAACUGUUCUGUUAGAACUGUCUAUUU,0
UGAAGUUUAAACAUCGAUAUUGCCAAAGUGAAAGGAAACAC,0
CGCACAAUUGUAAUACCAGCUACUUAAGAGGCUGAGGCAGG,0
ACUCCCCCAGCAAAUCUACUUUAGCAGCAACAGAAUCAGCC,0
ACCGGGAGUAGAAAACUUUGUAAGAACAAGAAAAUACUUAA,0
UACCUUAGUCAAAAAUCAGUUGUUGUGGAUACAUGGAUUAA,0
UUUGAAAUUAUCAUCCUUACUAGACUUGCCAUUAAAUUGCA,0
GUAAGAAUGGGAGGGUAAAUUAGGUGCAUCUUGGCAAACCU,0
UAUAUGUAUAUAUGUGUGUGUAUAUGUAUAUGUAUGUAUAU,0
AGUCUGUCUGGUCCUGGACUUUUUUUGGUUGGUAGGCUAUU,0
AUAUUUUGUCAUGGGGGUCUUUCAGAAUCAUUACAUCAGAA,0
AGGUAAAACCACACAUACCCUACAUGGUAAAAAAUUCAAAU,0
UGGGCAAAACCUGGAAGCAUUUCCCUUGAAAACUCGCACAA,0
UUGGGGUGGACUCCGUCUCUUUCCCAUGCCAAGGGUCUGCU,0
GCUAAUUUUUAUAUUUUAAGUAGAGACAGGGUUUCACCAUG,0
CAGUCCAUAACAUUUUGCUUUUGGCAGUCGGAAUCUUCCUA,0
GUUUAUUGCAAAAGAUCUGAUUUCAAUAGUAUUUCUUCAAG,0
AUAGAGCCAAGAUUCAAACCUGGACCUUUCUCAUUCCAGUU,0
GCUUGCAGAGAGAUGACUGGUCAGCAUCUCCACAUAAAAGA,0
UUAAUGCAUAUCAUAUCAAUUCUGAAUGCAUAACAAAGUUG,0
CCGAUUGGCUUCUUUCAACUUAGUUAUACACAGUUAAGGCU,0
UUUUUUUUUUUGAGAUGGAGUCUCACUCUGUUGCCCAGGCU,0
UUCUGUAUUUCUUGUGCUGUUUUUUUCUCUUUGGAGAUGCA,0
AACCUAAACAUCUACUGCAAUGAAAACCAACAGCAAUAUCA,0
AUUUGUUUAAUGCCUUUCAAUAAGGUUUUGAAAAUUCCUCU,0
GUCUAAUUAUCUGCCACAAAUAAAAGAAUUACAGGUUCUCA,0
AGCCCCAUCGGGCCAGGACAUUGCAAAGUGCUGGUAACUAU,0
AAAUGCUGGGAUUAUAGGCAUGAAUCACUGCACUCAAUCUU,0
UUUCCCAGAGGGUUGCUCAUUACAUACUAAAAUGGCUCUAA,0
GCUCUGUUCUGUUCCAUUGGUCUAUAUCUCUGUUUUGGUAC,0
CUUCUUCCUAGACUGCCCCGUGUGUGUCUGUGUCCAUCCCU,0
UGGUGGCUGGUGAAUACAUGUUUUCCAAAAUUCUAAUGUUU,0
AUGCUUCUGUCAGGAAAGAUUAGUUUUGCCUGUUCUGUUAC,0
GAAAAUAAUUAUAGAAUGCAUCUGAUCACACAGACUCCUAA,0
UAAAUAUCCACUAUAGGGCUUAAUAACCAUGUGUUGAUUGA,0
CCAGCCUUUUGUCUUUUUUUUUUGAGGCGGAGUCUCGCUCU,0
AGCCUGUAAUCCCAACACUUUGGGAGGCUGAGGAGGGAGGA,0
CUGCCCUAUUACCUCUGGCAUCUUGCUUCACAGCUGUUAGG,0
UGAAAGGUUAAUUAGUGAUUUGGUGGGGGCAGGAUGUUUGG,0
AAAAUGCUGUCAUCUUGAACUGACGCCAACAGAUAAUGAAU,0
AGAAAUGCCAAAGCCCUUGAUAGUCAAAGCAAUCUUAACUA,0
UCCCCAGCUGCAGGAUCUGGUGGAAACCCUGCUAAGGGCCU,0
AAUAUACAGCCAACUAUACUUACCUUGAUCACAAGUUGAGG,0
AUUUAUAUAAACACAUAAGCUUGACAUUUUCAUUUUAAUUA,0
GCUCAUCCUCAUGAAAUUCUUCUCUGGUUGCUGUUCCCAUG,0
CAGUGCUGCUGGCAUGAAACUACACAUGGAUGCCAGCAGAC,0
GAAAAAGUCCUCAAAAUCACUUGUUAUUAGAAAAUUACAAA,0
UUUCUCAAUCUUCCUUCUAGUCAUCCUUCCAUUUACCCAAG,0
UGAAAGCCUUUCCUCUAAGAUCUGGAACACAACAAGGAUCC,0
CUGUGAGGUGCCAGUGCUCAUCAAACUGGCCUGUGUGGAUA,0
GCAGCCGUUUAUUAAUUAGGUCUUAUUUUAAUGAAAUAGAA,0
UUCAUAUAUGAUAAAACAGGUGUAAACUUCCGUACUCUAUG,0
UAUUUUUAGUAGAGAUGGGGUUUCACCAUCUUGGCCAGGAU,0
UGAAUCUUGGUGCUCCUGUAUUGGGUGCAUAUAUAUUUAGG,0
GUCCAGGUGGGGCCAGCUGGUUGUCAGAAAUGUAAAAACUU,0
UCCUGCAACCUGCUGCCCCUUCAGCCCUGCUCUCCCAAUCC,0
UUUUUAGUAGAGACAGGGUUUCACCAUGUUGGCCAGGCUGG,0
UAUUAUCCUUCUUCAGAAAGUCAGCAUGAUUUAUGCAAAAA,0
ACCCAAAUGUCCAACAAUGAUAGACUGGGUUAAGAAAAUGU,0
CUUGUUAUACUCAUAAAAUUUUGCCUGUGGUUCCUUUAGGU,0
AAGAUUUUCAUCUUUAAAGUUAUUGUAAAACUCAAGGCCCA,0
GCGUCCAGGGACCACCCCGGUCCGGAAGUGAGGCGGGGCCU,0
UAAUGAAAUAUUUUAGUUUUUGUACUAAAUAUUUGAAAUCC,0
AACACAAGUAGGUAGCGGAUUUCAGUGCAAUGAUUUUUUUC,0
ACUAAGUAUUUUUUCAUUAAUAAUAAUGACAAAUGAAAUAU,0
UCACAGAAAUUGCUGGGUUGUUUCUUGUUCCUUUAGUUUGC,0
CUAUCAAUUUGCCUCAAUGUUUUGACUGCAGGUACCAUAAU,0
UUGUAGAUGUGUGGUGUUAUUUAUGAGGCCUCCGUUCUGUU,0
UAACUGUGUUGUGUGUGUAGUGUGUGAGUCUGUGAGGUGAA,0
AACUCAGGAAUUAUUUUGGCUAAUGAAUUGCAAAAACGUGU,0
AUUAACAAAAUGACAGCAGGUCUUACCAAUCAGUUAUAACC,0
CUUAGUGACAGAAUCAGGAGUGUAAACCUAGCUCAUAAUCU,0
GUUAAAAUAUUUACAGCACUUAGCCAAUAACUGGCACAUAG,0
UAAAGACAGUCAGUCUCCCUUCACUGGUCUGCCUGCAGUUC,0
CCAGGCUGGCCUCAAACUCCUGUGCUCAAGUGAUCCUCCCA,0
ACUACUAAAGAAGAGAUUACUAUUUCUGGAAGAAACAAGGA,0
CCCUGGAGCCCUGGGACUUCUUAAAAACAGUAACUCAGAAU,0
GCCACAGCUCUGGGGGCUGCUGUGGUCCUGGGUCAUGAAGA,0
GUGUAUUUACGGAUUGAAGGUUUGUGGCAACUCUGUGUACA,0
UGGCCACGGCUGACAGUGGGUGGGCUUGCAUCUCAAUUGUG,0
UCUUAGGGGCUCUCCUACCAUCCCCUGCCAACGUUUGCCAA,0
GCCAAAAUGGUGAAACCCUAUGUCUACUAAAAAAUUAGCUA,0
GAGAGUUCUGUAGAUGUCUAUUAGGUCCACUUGGUGCAGAG,0
CCAAAGUAGAUGCUCCAACUUAUCCACCUGCUCCUGGGACA,0
GCAUAAAUUAUUUCCUUUGUUGGGAAUAACCUUCCUCUUGU,0
UAGUGCUUUUCAUUCUCAUAUGUGCCAUUAUAUAUUUUUAU,0
UUUUUCUCAGGUUUACCCUAUACUUGCCUAUGAUAAAAGAU,0
UUAGUGUAACAGAGAUAUAGUAAAAUGCUAACUAAAAUAUA,0
AGGUUACUCCUCUUCCUGAUUUCCCCAAUCCCAGUCUCUUC,0
AAAUGCAGUAGCCUUGUUGUUUCUCAGUCUCUAGGUCCUGC,0
CUCAGGAAUCACCUGGAGAAUUUGUGAAUUUAUGAAAACAG,0
AUAAAAGAAGGCUUUUUAUUUUUUCAAAGAAGUGGUUGUAU,0
CCAGGCUCAAGUGACCCUCCUGCCUCGGCCUCCCAAAGUGC,0
ACAUUUAUUAGUUCCCCAAAUUAAUACUUUUAUAAUUUCUU,0
CUUGGCCACCCAGCCUCCUCUUUAUCACAGUCCUAGGCUUC,0
CAGGCGUGGUGGCAGGCGCCUAUAAUCCCAGCUACUCAGGA,0
AUCUCGAUUUCCCGACUUCAUGAUCUGCCCGAGGGAUUACA,0
GAUCCCUUCCUUACACCUUAUACAAAAAUUAAUUCAAGAUG,0
UGAGUUCAGCAAUUAACAUAUCUGUGUUAGCAUUUAUCAUA,0
CAUUUAGGAAAUACAAGAAAUGGAAAGAAUUAGAGUAUGUC,0
AGCUCUCAAUGCACUGGUCCUCGGCCCUUGCAGCAAUUCUC,0
GUUUUUGUUUUUGUUUUUGUUUUUUUGAGAUGGAGUCUCCC,0
UACUGAGCAUCAGGUAUUUUUACCCACAUUUACCCCACCAG,0
AGUCAAAUACCCUUAGACACUAUUGGAGGACAAACAACUCG,0
GCACGUGUGCGUGUGUGUGGUUUAAGUAGAUCAGCAAUUUA,0
ACUGAAUUUCUACUAGGUAUUAUGGUCCAUCUGCAUGAAAA,0
CCUCCACUCUGAGGCUACCCUCUCCAAAUCAAGUAAGCCAG,0
CUCUAAGCAGUGAAUAUGUAUUCCUGAAAGGAAAUUGUUCC,0
AGGGAAGUAAAUAAGCAUUGUGUGAAAUUUGUGAUUAAAAU,0
CACUGCGCCCAGCCCGGUCCUUGCCUCUUAACUGAACCUGU,0
CACGUGAUGCUGGCUUGGUGUUUACAGCUUCGUAUUCCUGA,0
GGAUGAUUUCAUACCCCGAGUGCCUGGUGGGCAAGAGCACU,0
AAAAAUAAUUUUUUAAAUGUUCACUAUACAGAAAAUAUAUU,0
UAAAGAUAAGUCACUCAUAAUCCUACCACAUAGAGAUAUUC,0
GAGUAAAGGUGCACUGCUGUUUAACACAGCUUUUUCAUUCA,0
UGCAGCCUGUUAAGCAUCAUUAUGACACACUGGCUGGUCAG,0
GCCCGUGAAGCCAAUCCUGAUAACUAAUAUUGUUUAUCCUG,0
UAAACCUUAGUGACCUUGGGUUAGGUAAAGAUUUUUUAUGU,0
AAUUUCUUAAUCUUGAGUUCUAAUUUGAUUGUGCUGUCAUC,0
GACAUGUUUGCAUGAAAGGAUAAAAGGCUACAUUCCCGAGA,0
AACUGAGAGACAAGAUUUGCUAAAAUGCAAAGUAAAUCUCA,0
AUGUAGUAAGUAGAAGAAAAUACUCUUUUGAAAUACAAAUU,0
CCUCACCUCCAAGCCACAGUUUGAGACCUUGGAGAGAUGGU,0
UGAUCUCAUCUCAUGAUCCUUAAUAACAACUUCAAAAACCC,0
AUUUAAUCCCUAUACCUCUUUGAGGUAGGGCUUAUGGCUUA,0
UAAUAUUGAUAUUCAAAUUUUUCACUUUUAACAUGUUAUGC,0
CCUGGUGAGCUCAGCCCCCUUCGGGCCCUCCCCUGCAUCCC,0
UGUAUCUUGUGCUGACCUCUUAUCUUAUCUUGUGACUUAAG,0
CAAGUGUUCUCAUUGUUCAGUUCCCACCCAUGAGUGAGAAC,0
UGAAGAAGAACUGACGAAUGUUGAAAAAUGCAGAGACAAAU,0
ACUGCAGGACUGUUGACCAUUAGUAUGUCUUCUUUUGAGAA,0
UCUUCUAGCAGUAUGUAAGCUCCAUGAGGACAGGGUUUGCU,0
UCCAGUUUCAGUUUUCUGCAUAUAUCUAGCCAGUUUUCCUA,0
GUCUUGCCUUAGCCUGUAAUUUAACUAAAAAGGGAUACAGA,0
UUUGAAGGACGUGCCUGUGCUCACAGACACACGGCUAGCAU,0
UUACUUUACAACAAAAGAGAUGUAACAAUGGGCAUAUGACC,0
CAUUUAUAUUAGUCUAAAUAUAAUAGGAUAAAAUUUUGAAA,0
CCAGGAGGCGGAGGCUGCGGUGAGCCGAGAUCGUGCCAUUG,0
CCCUGCACACACCCUCAGCUUGUUGUCUUCUGUGCCUCCCA,0
GGCUCACCGCAACCUCCACCUCCUGGGUUCAAGCAAUUCUC,0
UGGUGCCAUCUAUUUGGUGUUAAAUAUCUGGUGGUCUAAAC,0
AGUGGAUGGCAUUGUAAUUAUGGUCAUAAGUAUUAGUAGCA,0
CAUAAGACUCAGGCACAAAAUAAAGGCAAGGUCAGACACAG,0
GGGGCAGAUUAUGCAGAAAUUUUUAGGAAAAGCGUGGCAAC,0
CCAUAGGUAGUUUGAGUUGUUACUGUGGUUAUUAUCCCUAU,0
AAUACUCAUAGCAGCACAUGUUCAAAUGGACUGGGUAAAUG,0
UCAACUGUGUAUAAAUGUUCUGUUUUCUCCACAGCCUUGCC,0
CACAGCUUCAGGCAGAGCUAUGAGGCCAAGAGUGCUCACGC,0
CUUAUGCUCUUACAUUUUAAUAUGGAAGAGAAAUAAAAUAA,0
CAAAUCCAAAAAAAGAUGAAUGCCAGUGGAAGCAGCUAGUG,0
UGGGUGCACUGGCAAUGGGGUAGCCCUCCACAGGAGCAGUC,0
AUUCCUAUUUCUCCACAUCCUCUCCAGCAUCUGUUAUUUCC,0
GCGCCUGAUGAGCUGAAUGCUGCUGAAGAAAAACCACACAA,0
ACUAGAUUCUCAUAGGAGCAUGAACCCUAUUGUGAACUGUG,0
CGAAGGAUAUGAACAGACACUUCUCAAAAGAAGACAUUUAU,0
GAUGGCUGCCCAGGGGCAGCUGGAGGUGAAAAGGGAUUAAA,0
GCAUCACUCUAAUCUCUGCUUCCACCUACACAUUGCCUUCU,0
AUCAGCUUCCAGAAUUGUUUUGGGGAAUAUAUUUCCCAUCG,0
GACCAUACUUUUUUUUUUUUUUAACUUCUGGCCCUACACUA,0
AUUUUAAAUUGAUCCUAAGAUGCUACCUUUGUUUACUUUGU,0
CUUGUUGAAGAUCAGGUAAGUGGGGCAUCUGUGCCCUCUCU,0
GAAAAAAUCUAAUAAUCUGGUCAAAGAAAUGGGCAAAAGAU,0
AUGAUGAGCAUUUUUUCAUCUGUCUUUUGGCUGCAUAAAUG,0
AUAAAUGACACACUUCAAUAUAUUGGACACAUUACAUGCUA,0
GGGGGGCAUGCUGGCUGUGGUGGAGACGGCUGGAUUCCCAG,0
ACAAGUGUUUUUUGGUCACAUGGAUUGUAUAGUGUGAAGUU,0
CUGCAAGGACCUGAUACGGCUUUACCAGCCUGAGCUGUUGU,0
GCUGUUGACAAGCGUCUUUAUUGGCAUGAUAGGAUAGAAGC,0
CCUUGUUUUGUCUUAAUUCCUUCCUUCCUCUAUCAAAAAUC,0
GGAUCACGAGGUCAGGAGAUUGAGACCAUCCCGGCUAAAAC,0
UUUGUUGCAACGGAGGACAGUAAUAAGAAGGAAUGAACAUA,0
AUCCUCUCUCUCUUUUUCUUUUUCUUUUUUUGGAUUUGUCU,0
CUUUUCUUUACAAGUCUCUAUCUAAUUCAUACUCCCUAUUG,0
GCAUGAAGGCACAAUGACAAUGUGUCAUUAAGAUCUGUAUA,0
ACGGAGAGGUGACAACGUGCUAGCAGCUUUUGCUCGCUCUC,0
AAAGCAAACAUAAAGUAAACUGGCUUAAAAGUAGGGUUCAG,0
AAGGACUUCACAUUUCUGAAUCAGAAAGCAAUUUCUCAUAG,0
AUUUGAAAUAUGCACACUGAUUAGGUUUGUGUUACAGUUGA,0
AGGCGGGCGGAUCACUUGAGUCCAGGAGAUCUAGACCAGUC,0
AUAUACUAUUCUUCCCAUUUUCCUAUAAUUUGAAGAUUUUC,0
AGAACAGUUGGGAGGUUGUUUUGUUUUUGUUUUUGUUUUUG,0
GUCACUAAGGCUGUUUUUGAUUCACAAUAGAAAUUCUGAAA,0
CUACCUUCCUCUGUAAAUCCUUGACUUGGGCUCUGCUUUAG,0
CUAUUAAACUCAACAGAGCAUUAUUACUGUUUUGUGCAGUG,0
AUCUCCCCCAAAAAUGUUUUUUAUAUAUGACAGCAACAGCA,0
CUGCACACAGUGGAUUUGGUUUGGGCCACUUUUGGGUACCA,0
GUAACCCUGUUGUCCUUUGAUCACCAAGAACAGCCAGGAGA,0
UUUCUCAGGUUUGUCAAAGAUCAGAUAGUUGUAGAUAUGCA,0
CCUUCCUUCCUUUGAGAACCUUGCACACCUCCCUUCUCUUA,0
GGGCAAGGCCAGGACUCUGUUUCUGUAGUUUGGCUUCUCCC,0
GUGCUCAAUGGUGCCCAGGCUGGAGUGCAGUGGCGUGAUCU,0
GUCCUAUCCCUAUCACCGUAUCUUGCAUGUAUGUGUUGAUU,0
UAAACAAAAUUUUCUUGCACUGUGAAAAAUGAGAAUACAAA,0
UGGGAAGAUGGGUAGUUUGGUUGCUUUUUAGGCUUUAAUGA,0
AAAUUGAUUGAUAUUCAUGAUGGAUCCUAAGUUAAAUUAUU,0
CAUAAUCAUCCAAUCAUUGAUCAAAUUGUUCAGAUAAAAUG,0
GUGAAAUUCAAAUGGUCACAUUCUUGGCAAGGAGAAGUUUG,0
UAUGACAAACUAGAAUGCUGUAAGUACAGAUCAAAAGAGUC,0
CACUCAUAACUUUUGAAGAAUAUUAACAAUUUGAAGUUUAU,0
AAACAGGCUGGGCACAGUGGUUCAGGCCUGUAAUCCCAGCA,0
CUUGGCCUCAAGCAGUCCUAUCAUCUCAGCCUCCCAAAGGA,0
UGUGUGUGUGUGUGUGUGUGUGUGUGUGUAUGUGUGUGUGU,0
UGAAAGCAGGGGUUUAGGUUUAGAUUACAUGGCUUAGAGUU,0
ACUCGCCAGGAAGCCAGAUGUCUGUGCUGGAAAAUGUCCAC,0
CUUUCAUUUUAUUACAAAAGUAAGCCAUAAUGAAUUAUGAA,0
GAGCCCACGUGGCCCUGGAGUGGGCCCUGCCCCAUCCAUCA,0
CUUUUACAUUUGCUGAGGAGUGCUUUACUUCCAACUAUGUG,0
UGGCACUCAUGCCUGUAAAAUGUAAUUUUAUCUCUGGAUAU,0
UACUUAAUCAGUUUUCAGCUUCAAUUUACAUAACAAAUAAU,0
GAUGGCAGGGGCACCUGGCAUCCUGGUCACCAUGGAGGGGU,0
UUAAACCUGAGGUUCCUAUGUGAUCAAUGUAGAGAGAAAAA,0
AGAUAUUUCUGCAAAUAAAAUAUACAAAUAGCCAAUAAGCA,0
CCUAGCUAAUUUUUUGUAUUUUAGUAGAGACGGGGUUUCAC,0
AGAUGGGGGGUCUCACUAUGUUGUCCAGGCUGGUCUUGAAA,0
UUCUGGAUUCAGAGAAGGCCUGUUCUGCAAAGGGAAGCUAU,0
UAAGCCAUCAUUAUUUAGACUCCUCAAUCUCCUUGGCCCCA,0
ACGCUUGGCCACAAGUAUUUUUUUUUAUCAAGUGCAAUGGA,0
GAGAGGCUGGGGCAGAGAAUUGCUUGAACCCAGGAGGUGGG,0
UGAACUCCUAUCAGUUGAAAUGUAGAGUUGAUGUUUUAAUU,0
UGGAACUUUCUCAAUAUAAGUUACUAAAAGCCAAUUGUAGU,0
AGAUGUGUCUUGCCCUAAGGUGCAAAUGCAAUGCCAACGCC,0
UCAACACUCUACAUUUAGGCUAUAUUAAGUUAAUUUAAAUU,0
UGAAAUAAUUACUGAAAUUCUUAUUUAAAUUUCCUAUAUCA,0
CUUCCUUCCUCUCUCUUUCUUCCCCUCCCUCCCUCUCUUCC,0
UGGUGACAUAAUUAUUGCUAUUCCCACCAAGAUCAUUAGCA,0
AGAAACUAACUCUGACAUAAUUUAACCUGGCAGGAUUUGCA,0
CUCUACCCCACCAACACCUUUUGAUGAAUGAUAUGGUUUGG,0
GAAUUUUAUAAUUCAUCUUCUGUCUUCUCUUCUCCCUGCUG,0
UGUGAGGAAUCAUAUAUUUUUAUCUUAAUUUCAUUUGUAUA,0
CUUAUCAUCCAGGGGCUACUUUUUAUUUAUUUUCUUUUUAA,0
AUAUAUAUUAAAUAAAAAGUUGAGGAGGGGGGAAGGUUUUA,0
AGCUGUGAUUAAGAGCUAGUUUUCCAUACUCAGAUAUUUUA,0
UGUGCAGCCAUAAAAAGGAAUGAGAUCAUGUCCUUUGCAGG,0
CCAUUUCCACCACUCUCCUGUAUCUCCCCGCAAAUAGGCCU,0
GGAAAGAAAGAGUCAUUGAUUUUGGCUUGAAUAAUUCAGUG,0
CCCCAGGCUUUCUGGGGCUGUUGGGGAAGACGACAGACUGU,0
GCAACCUCUGCCUCCCGGGUUCAAGCGAUUCUCCUGCCUCA,0
CCUGUACUUGAAUACUGAUAUCGUUCUCUAGUUUGGGGAAG,0
CAACAGUGUAAAAGCGUUCCUAUUUCUCCACAUCCUCCCCA,0
UACAUGAUUUGCAAAUUAUUUUCUCCCAUUCUGUGGGCUGU,0
AAAUGCCUGGAAGACAAAUGUUCCUGCAAAGGUGGAUGGCA,0
UACAGGCUAGCCACCACGCAUGGCUAAUUAUUUAUUUGUAG,0
UACCUCAGUAUAUUUUUAUUUUUAAGGAAAGAAAAGAAAAU,0
AAAGAAGAAAUAAAGGGAUCUAAAGUGAAAAACAGACAGAG,0
AAUUUUGCAUUUUAAUGUUAUUCAGAAAUGCCCCCCUCCAA,0
GCUUCAGGUUGGCAGUUUUUUGUCAAAUGAUUGAAGAGAAA,0
CCCAUGGACAUUUCCAGUGAUGUAUCAAGCACUUAUAAGAG,0
CAGAGCUGUUUCUUAGUUAUUCAUGCAUCUCUCAUGUCCAG,0
UAACUAAGUUACUUAAUCCAUGCAGGGCACUUAGAACAAGA,0
UGCUUGCCUUCUGUCAUGAUUGUAAGUUUCCUGAGGUCUUC,0
UAGAACUGAAAGUUCCGGGCUUCUAAUCAUGGCUUAGUCUU,0
AAAGACCAUUGAUACUUAUUUUGUUAAAAGAAUAACUUAAA,0
CCUGGGCUUCCGAGCCACCUUAGAGAAGCUUGCUCUUUGCU,0
CACGUGGAAAGAUAGGCACAUUAUAUUAUUAGGUAUUAAUC,0
GAGACAGGGUUUCACCAUGUUAGCCAGGAUGGUCUUGAUCU,0
ACGUGCAAACCAAAAAAUCUUUUUUCCUUUUGCAUCUAAGC,0
AAGUUGCAGAAAAGUAUGGGUCACUGAUAAAGGGUACAAAG,0
UAUAGCUAUCAUGACAAAUAUAAGUGGUAGUAUGUGUAGAA,0
AGAGCAAGACCCUGUCUCAAUAAACUAAACUAAACUAAAAU,0
ACAUCAUGGAGUUCUGGCUUUAAAAGAAGGAAGGUCUCAAU,0
ACUGUUGGUCUUUUGGGCAAUUCUGAGCACAGCCACUAAGU,0
CACAAUCAUAAUUUUUGUCAUUCUGCAAUUGUAACUAAACA,0
UAAAUAUCAUCUGUUAUACUUUAGAAAUCCUGGUUAUUCCA,0
GUGUUUUAUGAUUCCAUUUAUAUGAAGUACCUAGAGUAAUG,0
CCAGCCCCAGCAGCAACCAUUCUACUUCCUGUCUCUACAAA,0
CUGUGGCAUGUGGUUCGUAGUGUGCUGAGCAGCCACACAAA,0
AGGGAUUUGUUUUUUGUUACUUAUCUUUAUGAAAUGAAAGA,0
ACAAAGGACUUGAACAGAUAUUUCAUACAAAAAAAAUUACA,0
AAGGAAAGUUAGAAAAUAUUUUGAGAUGAAAAUGCAACAUG,0
AACACUCAGUUACCUAAGCCUAAAGUGCAGGGUUGAUAAAG,0
CCCCAACCCAGACUUAUCUUUGGGCCUGUUUCUGGUUGAGG,0
AAAAUCACUGGACAGAUAAGUUGUUCUGGGGCAGUGCUGGC,0
GCAGAAGGCCAGAGCGGAAUUACCAGCACAGCAGGAGUCGG,0
UGAGAAUCUAACACUGCCGCUGAUCUGACAGGAGGUGGAGC,0
UUUCUUUCUUUUUUUUUUUUUUUUUUGAGAUGGAGUCUCGC,0
UGAUUCCACGUCUUUGCUCUUGGGAAUAGAGCUGUGAUAGA,0
AAAGUCUUAGUCUUUUAUUUUUUAAAUCUACAGUUAUAAAA,0
CAAGGUAGAAGUGGGCCUGAUUACCAACACACUUACAGAUA,0
UUCUUUCUAUUCUCAUUAAAUCAUUAGAGCUCAAGCAAUCC,0
AAUAGUUAAGUAGAUAAAAGUUUCUCUUUGCCACCUUCAGC,0
UUGGUUGAGUAAAAAUAGUUUAGUGAAUCUCAUUUUGUAGG,0
GAAAUAAUUAGCUGGAGAAUUUAUACUCCUAUAUGCUGUAU,0
AUCACAAAUAUAAGCAGCUGUUCUGAAUAGCGCAAUACGAA,0
AAUGGCUCUUUCAAAGGAAUUUCAGUUUUGAUUUCCCAGUU,0
AUGAUUUGGAUAUAAUGUCAUGAUACCCACUGACCAUAUGG,0
AACCCCGUCUCUACUAAAAAUACAAAAUUUAGCUGGGCGUG,0
UUUUAUCCUAAUGUGGUAUAUUUUCAUGUUGAAAGAUUCUA,0
GUUUUUUGUUUGUUUGUUUGUUUUGGGACAGAGUCUCGCUC,0
ACGAUGAACCUUGAGGACAUUCUGCAGAGUGAAAUAAGCUA,0
AGGCGCAGACACCAGGCCCGUUCUGUGCUCUGGAGGCUUUG,0
CAGUCUUUUUUUUUUUUUUUUUUUUGAGACGGAGCCUUGCU,0
UGUGCAAGGGUUCCCUCUUCUCCACAUCCUUACCAGCAUUU,0
GGUUCUAGAAAUAACUUGUUUGAAUGUGUGUUUAUUAAGGU,0
UAAAUGCAAAUUAAAGUAUAUACAUAUACUUUACAAAAUAU,0
ACUUGGGGAGGGCAGAAGUAUCACCCACAAGGCUGUCACUU,0
AUUGCGUCACUGUUUUUUUAUGUUUUAUAGCUGCUACUUCA,0
UAUGUGGUGCCCCUUUCCAUUUCAGGACCUUGGCACUUGCU,0
CGCCUGUAAUCUCAGCACUUUGAGAGGCUGAGGCAGAUGGA,0
AUGUUUAAGUCUUUAAUCCAUCUUGAAUUAAUUUUUGUAUA,0
CAUGAGAUAAAUAUCCAAAAUCUUGAGCUAAAGUUCCAUGU,0
GCCUGUUAAACAGAAAAUAAUCAGACAAAUAAAAAACACUC,0
ACUACUAUUAAUUGAGGGAAUAUUAUGUGGACUAACCACAU,0
CAGUACAGAUUCUGCCUUUUUAAGUAGCCCUUGAGUGGUUU,0
CUCUACUAAAAAUACAAAAUUAGCCAGGUGUGGUGGCGGAU,0
GAGAGCAAAUCAUGAGUGGUUGCUUUACCCCCUGACACUGU,0
GUCUCCAAGGUUUUUGGUGCUGAUUGCUUCUUUCUCCUUCC,0
GUUUUUUAAGAGAUGGGAUCUCACUUUGUCACCCAGGCUGG,0
AUGAAUUUGUCACUGUGCUUUUCUGAGAUGCUUGAACUCUA,0
UACUAAAAAUACAAAAAAAUUAGCCAGGCGUGGUGGCGGGC,0
UGGAGCAUCUCCGCUUGGUCUCCCUCCCCAUGUCCUACCUG,0
UAACUCAUCAGAUGGAAGACUUCACGGAUUUACUUAAUAGC,0
UCUCUCUGGGUCAGGCUCUGUGACCUUGCCUUCCACCUUCU,0
CUACUUUAAACAACCCAGGUUUAAAAACAUCUGUGCACACG,0
CUGGUAAGAGCCAUGUCUGCUGUGGCAAUGGUCAUGGUCAU,0
AUUAUAACACACUUUGUGCAUCUAUAUGCAUGGCCAUUUGC,0
GGACAGAGACUUUAUCUGACUCGCUUGAUGCUGCAGCUGCU,0
GAUAAGAAAUCUAAAAUGGCUGUGAUGGUAAUGUGUCACAG,0
UGAUUAUAUUUUCAAAAACUUGAUAGUUCAGUAAGUCUGAU,0
ACUUAUAUCUGUCAUGUUGCUCUUGACAAAUAACCUUGGCC,0
GCCCUUCUGCUGGUGAAUGCUGAAAUGUCCAAAAAAGGAGG,0
UCCCGCACAGCUACUCCUGCUACCUCCGGGAACGAUACGGA,0
GCUUCUAGUGCUUUAAUGUUUUUCCAUUAAGCAAGACGCUG,0
CAAAGAGGUUAAGGUUAGGGUGAGCAGCUAGGACCCAGAAA,0
CAGGAGGAGCGGGGGCUCAGUGGAGUCCCAGGCAGAAGAGU,0
AUCAAAUGACACCAUUAAAAUGCAAACAAGAACAUAUUUGU,0
AAGACAAAAUAAAACCUGGAUCCUUGAUCAUAUUACUAAAC,0
GUAUAGCAGCCAAGUAAGCCUGUAUAAAUGACAAUCAAAAA,0
CCACUACGCCCGGCUAAUUUUUUGUAUUUUUAGUAGAGACG,0
GAAAGUCAGACAAAAGGUAAUAAACAAUGGUUUUCAGACAU,0
UGGUUGUUUAUUGUCAAAACUCCUGAGUGAGCUUUGGUGAU,0
UUAGGGAAAGAAUGAGGAAAUUCCAUGUUGGGGUUGGGGUC,0
CAUAAAGACACAUGCACACAUAUGUUCAUGUGCAGCACUAG,0
CUACAUAGUUGGCAGAAAUAUGGAUUGGUCUUACUAUUCUU,0
AAUCUCGGCUCACUGCAAGCUCCGCCUCCCAGGUUGACGCC,0
CCGCCACCAUGCCCGGCUAAUUUUUUGUAUUUUUAGUAGAG,0
UGGACACAGGAAGGGGAAUAUCACACUCUGGGGACUGUUGU,0
GAAUGCUUACCUUUGUGGGCUUUGUGGAUGUGAUUUUGAAG,0
UUUGGCUAAAUAUGCAUUUAUUUUAAUUACUCUACCAAAGA,0
GAGCGUUGUCCACUUUUUAGUCACUUGGUGACUACCGAUUA,0
GCCUCCCGAGUAGCUGGGACUACAGGUGUGCACCACCACGC,0
UUAUCUUUUUAAUAUAUUGUUUAAUUCAGUCUGCUGGUAUU,0
UAUUAGGAAACAUAAAGAGGUAGUGGAAUAUUUAUUUAAAU,0
GCCUCCCAGAGUGUUAGGAUUACAGGUGUGAGCCACCAUGU,0
AGUCACUUUAGUUAUUCUUUUUUCUUUUUCUUUUUCUUUUU,0
CCAGUAAAAUAAACUUUAGGUUAAACUUACUGAUGCAAUCU,0
UGUCCUGGAGAGUGUAAAGUUUGGGGAUAGGAAAACAAACA,0
AACUGAGAACAAUUGUAUAAUUUUGACCAAGUGUCUAACAG,0
GCUCCCCCAUGUCCUGGGUGUGCAGACACAGUGCUCAGGGG,0
CUGCUUCGGUGAACCCAGCCUGUGCCAUCAGAGACCCAUAG,0
UCUUUCUGUUACUGCUGAAAUGUGUCCCCACAAGAUUCAUA,0
UUAUAACAUGCAAUUAAGACUGCUAGAAACAGUUUUACAUG,0
AUCAUGAAUUUCAGAGGUAUUGUGGGCCCAAGAUUGAUCGA,0
GUUUAUCAUUCUAAUCCAUGUUUUGCAAUUUAUCUACUCCC,0
GAUGUAAAAGUCCAGCUCUCUGACUUCCCUCUUUUUAUUGU,0
UGCUAAAUAAGAGGUGGGCUUUUUAUGAGUUUCGUGGGAAA,0
UUUAUGUGUCAAUUUGUUAAUUUCUAGUCUCCUUGAAUUAU,0
UUCUGUUUUUCACGUUGCCUUCUUUACACUUUUUUCCUUUC,0
UGAAAAGUUCAUCUACAAUGUGCUAAAGUCGAGUUUUGCAG,0
CUUAUAAGUUCUAAAAUGGAUGGAGCUGUGUCCAGGUAGUC,0
GCCUUCAUGUUUGUUGAAUAUUUACAAUGUACCAAGUGGCU,0
AAAUUAUCUGGGUGUGGUGGUGGCACCUGUAGUCCCAGCUA,0
GUAUAUAAACAAGUUGCACAUUAUACCUUUAGCCAUCAUCU,0
UAUGUAACCAUUACCUGGCUUUAGCAAUGAUUAACAUAUGG,0
CAUCAAACUAGGACUGAAGGUGAACUUUAUCAACCUGAUAC,0
UGCAUUUAUUGUCUGGCCAGUACUUACUAAAGUCUCUUAGU,0
UGACAGUGCAAAGACAGAGGUGAAAGAAACAGUGUAAAAGC,0
GCCAGUCAGUCAGUAGCCUGUCCCGCCUCUUUGGCACCAGG,0
CAUUUCCUGUUAAUCAAAAUUGAUGUUUAGGUGCUUGAGGA,0
UCCUGCCUCGGCCUCCCAAGUAGCUGGGAUUACAGGCAUGC,0
AAAAAAAAAAUUCAAAAUGGUAACAAAAUCAUUCCGUUUUU,0
AUUGUUUUGGGUCUCUGGUUUCGCAGGUCACUCAUAGGUUA,0
UGCAAAACUGGCUUCUUAUGUGAGAGCAGGGGGAGGGAGAA,0
GUAUUGAAGCCCAGGUGGGUUUCAAGGCUCUGGAGUGGACU,0
UGUAUACUCUUUUCUUCCUUUUACUUUGACAUUAGAAUAUU,0
CCAGGUUGUACAGGGAAUUAUUUGUGAUGAUUUUCAUUUAA,0
UCCCAACACCAUUUAUUAAAUAGGAAUACUUUCCCCAUUGC,0
UGUUUGAAUACAUGAAAUUCUUUUGCUCUUUGUAUGAAAAC,0
UUAUUCUACUAUGAUGUGUUUAGUUCAUUUCCCUCACUGUC,0
AUCAAUUCUUCUUUGCUACAUUAGCCGGGUUCUCCAAGAGA,0
CAACUACUGAUAUAAUACAUUUGUCUUCAGCCGGGUGCAGU,0
CUUGGGAAUGGAAAGUGGACUGGACAACUUAAGGACAUUUC,0
UUCAUUUGAGAGUCAGGCUCUUGAUCCUCACCUGCUGCAUU,0
ACAUCCAAUAAUGAAAGUAGUUUUUUCCUUAAAUUAGAAAC,0
GCCCUCAAACUCUGGGGGAUUAGACAGCCUUAAACAGAGGC,0
AAUUAGAAACUGCAUUUGUCUUGGAGACCCCAAUCUUCUGG,0
UUGAUAAGGAACAGGAUAUUUGUAUGGGUUUAAAGUAUCUC,0
UCUUCCCACAGUGGAACAUUUCCCAGCAACCAUUGGCCCCA,0
UGAACUUCAAACUUAUACUGUACAACCAAAUGCCUACAGAA,0
UGCCUCCGUCCAUCUGUCCAUCCAGCUCUGCAGGAGGGCGG,0
GAAUGGUAAGUGCUAUAUAUUGGAUCAUUCCUCUGGGGAGA,0
AAUGCCACUUUGAAUUGGCUUCUUUAAAACUCCAACAUAAA,0
CAGCCUGCCUUCCCUGCUAGUGAGGCCAUGGGCUGGUGCAU,0
UGAAAAAAUAUUUUAACCUUUGCUGAAUGUUGAUGUCUUUU,0
UCAUCUGAAGUAAUUGCUCUUGACUGUCCCUGGUCACCUGG,0
CCUGAAUUUAAGAGAACAUGUAGGCCAAGGCAGGAGAAUUG,0
AGGCUGGGAGGGCAAUGCAGUGGUCCUUGACCUUGGCUGCA,0
GUGAGCCAAGAUAGCCCCACUGCACUUCAGCCUGGGCGACA,0
AUAAAGAUAUUUUCCCAUGCUAUCAUCUAGAAACUUCACGU,0
GGGAGAAGAGGGUUUCCCAUUAGCACUUUCAUUUUUACAGU,0
GCGGCUGUCCUGUGCACUGUUAGGUUUAGCAGCAGCUCUGA,0
CCAACCCAUUUAUUUAUUUCUGUUUUAGUUGCAUUUGCUUU,0
AGCACUUGAUAGGUGUUUGGUAUGGCUGAUGGCUUUAUUGG,0
AAAGUAUUAUAAGUGUAUUUUAUAUGGUCAAGAGAAUAUCA,0
UUUCAAGACCUUAUAACUGGUCACCUGAUAAGAAAAUGGGU,0
CUUUAUGCCCUCACUGCUGAUCAAACUAUUUUUUAAAAACG,0
GAGGAAAAAAUGCCCACAUCUGGUCCCAAAUUUUUGGAAUU,0
CAUUACAAAGAUUAUGCUUUUAUGUAUUUUGGACACACAAA,0
GGAAGCUAAAAACAUGCUAGUAUAAUAAAUACAUUUGAAAA,0
UCACCAGCAAAGGGAGGCUAUGCUAUAGUAUCUUUCACAUC,0
ACAGAAAUUAUAACAAACUGUCCCUCAGGCCACAGUGCAAC,0
UUGAGCCCAAGCAAUCCUCCUACCUUGGCCCCCCAAUGUGC,0
CUGAAUCAGUAAAGACUCUGUUGUUAUGGGUGGAAGGCUCU,0
UUAAUUUAACAGAAAAGAAAUUGAUGCCAAAAAGGCUGUGC,0
AAAUCUCACACAAAUUUCUCUUGUGGCCACCCCUAACCCAG,0
AGGCAGCUCAAUCAUCCUAUUUUCCUUAAAAUCUUCCUAAA,0
ACACAGCCUGCAUUCUCAGUUUACACAAUUAGCAUGCUUGG,0
UAUCUUCCCCCAACUCCUUGUUACAUAUUCUUAUUUCAGAA,0
UGCAGUCUGGUUGCCUGGGUUUUGAAUCCUAGCUCUAUAAU,0
UCAGUCCUCUGAUGCACUUUUCUGGCUGCCAAUUACUAUUG,0
UUUUUUUUUUUUUUUUUUUUUUUUUUGGAGAAAAAGUAUAA,0
CUACAUUAAUCAAGACAGUGUGGUACUGAUAUAAAGAUAGG,0
UGUUUUGUUUCUAAUUGAGCUUAUUUGGAUCUUCUCUUUUC,0
GUUGCUACCAAUAAAAUCACUACUGGUUCAGGUUUACUCGC,0
UGGUCAACAGGGCGAAACCCUGUCUCUACUAAAAAUACAAA,0
UUUGGGGGUGUUUUGUUUUGUUUUGGGUUUUUUUUGAGAUG,0
CCGGAUUCUCAGGCUCCAAAUUGCAUGAAAUGUGAAGCCAG,0
CAGGUGUCAAAUGUCUCCUCUAAUAGUGUGGCUGAACACAG,0
UGUUGAAGAUCAACUGGUUGUAGGUAAAUGGCUUCAUUUCA,0
AGAAAAAUCUUAAUAGCAUCUCACUUUUUUGUAGAGCUUAU,0
UCACUCAUCUUACUUCCUUUUUUCCUUAUUUUCCCUGAGGU,0
UGAAGUGAUUCCACCAGUUGUCACUAACAAAGCUCUGAGGC,0
CUGUGCAGCUGUCAUCAUGCUUCAUGUAGAUUAUCUCAUUU,0
UCAAAAACUUUAAUUCUAUUUCUCAUUGAAUUUCAAGUUCC,0
UCUCCAUAAAUUAUGGGCUCUGCGCUGAUAAGCUUUGAGUG,0
UCAGACCUGGAGAGUGACUUUGCAUGAGUGAGAAGUUUGUA,0
CCAAGCCUGGCUAAUUUUUCUAUUUUCCUUUUUUUUUGUAG,0
GGCGACAGAGUGAGACUGUGUCUCAAAAGCAAAGAAACAAA,0
UUGGAGAUGCCGACACCUCUUUGUGCUACCAUCAAAGGAGU,0
UUAUCCACAAUCUAAUUUAUUUUUGAAGGAGCAAUGUCAUA,0
AACAUGCAAUAUGUUUACCUUACGACAAACACUACCGCCUA,0
UGCUAACUGCAAGAGAGCCUUUGGUAUUCAUGGUAGCCUCA,0
ACUCUGUUCAGGACCUCUCAUAAGGCAGUUCUGGUAGUAAU,0
AUGCAUACUCCAGUGCUAUUUUCAGUAUAUUCAGUUGGUUG,0
GUGUGCAUUUGAUGGUCCUGUAUGGGCAUAUGUGGGUCAGU,0
AAAUGCUACACUCACUAUUAUAGUUUAUUAUAAGGGAUACA,0
GAUAUGGAUGGUAAAGGCCAUUCUGAGGAGAGGUCAGAUGU,0
CGGUCCUUUAUAGACAAAGUUUGUUGGAUAGCUUACCAAAU,0
CACACACACGGGUGGGAGGGUGCUAGGAUCAGGGCCCGGGU,0
CUAAUUAAUUAAAUCCUGAGUUUUUACAUACCUUUUUGUUC,0
UUUCAGAUUUCUGUAUAAUAUUUAUCAUUACCUCACCUGAU,0
UGCAUUAGUCCUCAGGAUUUUAGUAAACCCACCCAGGAAGU,0
CAUGUCUAUAAUCCCAGCUCUUUGGGAGGCCGAGGCAGGCA,0
UGGAGCCAGACUGCUUAGGUUAGAGUCCUAGCUCUGAUACU,0
GAUACCGAGUACAGGAUGUCUGUCAUUAAAGCUUGAAAUCU,0
UAUAAACAUAUAACUUAAAUUUGAUAUGUAUCCUGUCAGCC,0
CACUUAUAUCUGGCUUUUAAUUUCCUAAUCUACAAUGAAAU,0
AUGCCUGUAAUCCCAGUACUUUGGGAGGCCAAGGAGGGCAA,0
AUUGGAACCCAGGAAUUCUUUCUACUAAAGAAAUAGCUUGG,0
AUGACUUAAUUAUUAAAAUAUACGAGGUACAUGUUCUCAUA,0
UGACUUACUAAUAUCCUUACUGUUUUUUUACAAAUAUUUUC,0
AGUUUCUAUGUCCAUAAUGAUCAUGUUCUAUAUUCAUCACU,0
GUAAACAAAAAUGUUACUGGUGCAAAAAUAGACAUUCAGAC,0
UGUUUUUUCCCCUUUGGGGAUGCAUGCUACUAAGACAUGUA,0
AAAACAGAGAUGGACAGAAAUAAUUCCCUGUAGGAGGCAGG,0
CUGAAGAAUUCUAUUCUCAGUAAUUCUUGGCUAAAGUUUGA,0
AUACAAAUACUUUUUGGAUAUAAAGAUAGGGACUAUGUUAU,0
CCUAGUGAAAGCCAGUCUCCUGCCCCAGCUCAGCUCUGUGU,0
GACCAUUUUGAUUAUCGCAAUGCCUGGGGGAUCUGCUGGCA,0
GAUACAUAGAACAGGCAAAGUUCUUAGAACAGUUCCAUGUG,0
UUUCCCUCUGCAUGUAAUUUUUUUCCUCUCAGAAUGUGAUG,0
CUUUGGGAGGCCGAGACGGGUGGAUCACAAGGUCAGGAGAU,0
UGGAACUUUCAGCAACAGACUCACUGUCUACUGCCCCCAUC,0
CAAAGAGAUAUUCAGACACAUCAAAAUAACCCACUUGGUAG,0
UAGCUCUGUGCAAGUUCCCUUUUCCAGUGUGUGACAUUUAA,0
ACUUUCUACAGUCUAUCAAGUGAUGCCUUGAGUCACAGAAA,0
AGAUUACAAAAAUCUUUAUCUGAGGUUUAUUGUCCUUAGAA,0
CCAAAGGCAUCCAGUACCCAUGCUCUCCACAGAGCAGUCCC,0
UCAGACAGACUUGAGUGCUUUCCCCCUUUCUUUUUCUUUUG,0
AUUGGGAGAGGGUAGAUGAGUUCUCAUUAAAUGAAUUUAAA,0
AGCACCACAAACUAGGUGGCUGAAAACAACAGAAACUUAUU,0
UUAUUCACAAUAGCAAAGACUUGGAACCAACCCAAAUGUCC,0
CCAUUUAUUUAUUUGCUUCCUUACCCCCAUGCCCUUCUUUC,0
CAAAUUAUAAGCCCAUUUUGUUGUUGCUGUUGUUGUUGUUA,0
UUCUUCACCUCGGGUGAAGGUCAGGAGUUCCACUUCUACUG,0
ACUAGAAGCAAGGUAAGCUUUGCCAGUUAGCCAUGGGAACU,0
UGUCUGAGACAGUCUCACUCUGUCACCCAGGCUGGUGUGCA,0
CACCACCACGCCUGGUUAAUUUUUGUAUUUUUAGCAGAGAC,0
AGAAAAAAAAAUGGGUAAUGUCCCUCCAAGAAGUGAUACCA,0
GUCUCAGCACGAAGGUGUGAUUUGGGUCAUGGUAGUGGGAA,0
CUUUCAAUGUGUAGCUUGUCUUUUCAUUCUCUUAGUAUGAU,0
AUAUCAUCUUUGACUGCCUGUUCUGCUGUUGAGGAGUUCCU,0
GCCUCGACCUCCCUAGUAGCUGGGACUAUAGGUGUGUGCCA,0
GUUGUUAAGAAGAAUUUUUUUUUUCUAUAGGACUUAGUUUU,0
CUUGUCUUGCUGACCUGCAUUUCCUAUAAGGUUGCAGUGGA,0
AGGUUCAUAUCCAUUUGUAAUUUUAAAAAGUUCCAGCCUGG,0
GCCUGAACACACACCUGACUUUUGUUUCCAAAGCCUCCUUU,0
AACUAAAUAAAUGUGUUCAGUGCAUGGGCAAAUGCAAAACA,0
CCAAUGACCAACUGUAAACUUGUGUUCUUUGACGCUUUAGC,0
GACAAGACUUACACAAAAGAUACAAUUAGAGAAUAAUAAAA,0
CUAGAGAAGCCAUCACUGGAUUGUGGGGAUGGGACAAGCCA,0
UUCUGGAUAUUAGCCCUUUGUCAGAUGAGUAGGUUGCGAAA,0
ACCCUCAAAAACUCUAUAAGUACUCUUAUUCUCAUUUUACA,0
AGACUCAGCAAUACACAAUUUAACCGUGUAACAAACCUGCA,0
UUUCCAACUGUCCCCACCAGUCAACCUUAAAUAGUUCCCUU,0
AGCUCCACCCAGAUCAUACCUACCUUCAUUAUGCUGAGCCC,0
UUGUUGCAAGUUAUGGAUACUGUAAAAGAGAAAGAAGUGUC,0
GUAGAGACGGGGUUUCACCGUGUUAGUCAGGACGGUCUCGA,0
UGGCUACUUUUUUUUGUAUUUUUAGUAGAGAUGGGGUUUCG,0
UUUUAAAUCAGAGUAUGAUAUAUUGUAUUGGUAACACUUGU,0
CUGUUUUGCUCACUCAAUACUAGAAGCACUCUUAUAAAUAC,0
UUACAUUUCAUAUUUUGCAGUCUCUCAUUAAUCUUCCAUAA,0
UUCUUUUAAAUACUGUAUUUUGAUUGAUCUUUGUAAAUAAA,0
GGCUUGAGCAGCUAACUCAAUAGAUAGCAAUGUCACUGAGA,0
UUAGAAGUAGAGUCUUUAUUUCUUUUCAAACCCAAAGAGAA,0
AUCAAAGGCUUCUUCAGAAUUCCUAAGAAGUCCUAACUGGA,0
GCCAUGUGUUUUAUCUAAUAUUCCUUUUCAUAUAGUCUUUU,0
ACAAACUUAACUGAUGUUACUAAUGCAGCAGAAAUGUCCCA,0
GAGAUGGAGUCUCGCUCUGUUGCCAGGCUGGAGUGCAGUGG,0
AAUUAGAAAAUAUAAUUUUUUAAAAGAAAUUUUUCAUAAAA,0
AAGUCUGUAACUUCAGAAGCUGAUUCUGGACUAGGUAACAA,0
CAAUGUUCUUCCCAUCAAGCUACCAUUGACUUUCUUCACAG,0
UUAAAAAAAGACUUAAGUUCUCUGGGCCAAGAGAAAGUAGC,0
GCAAAUUCGAAGAAAACAAUUCAAAAGGAAAAAAAAAAUGC,0
UUGCUCUACUUUUUGCUAAUUGUAAUACAUUCUUACUUCCC,0
UUUGAUUGGGUCAUUAAUCUUAUUGUUUACAGGAGCUCUUG,0
AACCACUAUCUUAAGAUUCUUUCAGUUUCAUGUUUCUGAGA,0
CCCACCCCCUUUUAAAAGUGUGUAUUAAAGUCAAGUGCUGU,0
CUGAGUGGACACAGCACAUGUUUCAGAGAGCACCAGGUUGG,0
GAAAAUUUAAGCUUAAAAGCUGAAUAUAACAUGAUCAACUU,0
CCAGGAUCAAAAUCCAAACUUGUCUCAGACCUGUCUCGCCA,0
UACAGUAAGUGGAAUUCAUAUAUAUUUAAAUCCAUAUAGCU,0
AAAAAAAAUUAAGUAGGGGCUGGGCACGGUGGCCCACACCU,0
CAUUGUAGUUCUCUUGCUAUUUCUGUCACAUCUGUACUUCC,0
CCAGAAUUUGAGUUCAGUAAUAUUAAUCCCAAUUCCUGUUU,0
GCAACAGGCUGGAGACUGCCUGAGAUGGAUGAGUUCCCAGA,0
UAAAGUUAGGAUAAAUGAUGUGUGACAAGUCGUCUUACUUG,0
AGCGCAGUGGCUCAUGACUGUAAUCCCAGUACUUUUGGGAG,0
AAGAGUAAACAUAUACACAUUUAAGUGGUAUUCAUACACCC,0
UGUGAUGUGGUGUCUGUCAUUAAUUUGGGGAAAUUCUCAGU,0
CAAUGGUCUUCUCUUUUCUGUGGUUUCUCUUAACAAUAGAA,0
GUAGGCUGAGCCCACAGCUGUGAAGUGUGAAACGUGAUUAC,0
GUCAGCUCAGUUCAAAAAAAUUUCAGCACCUGCAAAACAUC,0
GAUUACAAAUUUUCUUUCUUUAUUAUUUAUCUCCAUCUACA,0
CUGCUUUUAUAGCGGUUCCCUGAACAGGAGACCCACAGGUC,0
UUGUCUUAUGCCCCCUUAUUUCUAAUAUUUAACAUAUUUUA,0
GUUUUCUCUACUGUCAGCUUUCUACAGAUCAAAAAAUUGGG,0
AUAUUUUUUGAGACAGGGCCUUGCUAUGUUGCCCAGGCUGC,0
GAUGCAAACUAAUUGUUCUAUUAGAGAUUCUAAAGCAUUCC,0
UCAGCCUCACUGUAGCCCUGUGAUACAGGAAAGACAGAUGG,0
UUUACCUAUGAGUCAUUGAAUUAAUUUUUGCUCAUGCCAAU,0
AAUAAAAAAUCUUGUCCCUGUCAUCCAGAAGCUCAUAGCCC,0
CAAUAUCUGUUUCCAAAAUAUUUCAUCACCCCAAACAGGAG,0
GCUGAUGCAGGAGGAUUGCUUGAACCCAGGAGGUGGAUGUU,0
UACUUAACAUGCCUCACUUUUAUAAGAAAGCAUUAUUCAAU,0
AUCUAGAAGUGUAGUGAUUUUUUUUUGUGGCCAGAAAUGUG,0
GGGAUUACAGGCACCCACCGUCACGCCUGGCUAAUUUUUGU,0
CCCAUUCCAACCUCCCCCUUUUCUCGUACUCUAAGCUUCAG,0
UGUGUAUAGGUGUGCAUGUGUAUGUGUGCACGUGUGUAUGU,0
AUUCCCUCUUUUUCUAUUGAUUGGAAAAAUUUCAGAAGGAA,0
AUUAAUAAACCAAAUUUGAAUAAUUAUCUGGUUCUUGAUGU,0
CAAGGGUCAGCCCAUAAAGAUCUGAAGUUCAAGAAAUGCAU,0
AAUCAUUUAAGCAAUUUUCUUGUUGGCUAUAGUUGAGUACA,0
CAAGGUCAUUUUUAUAGUCUUGUUCCUCUAUCAUGUUUUAA,0
UUUUAUUAUUUUGGUUUUUUUAAUCUAACACUGUUUGAAAU,0
AUUCAUCCUUCUAGAUAUUUUUGUUUCAUACGUAAACCAAU,0
CACACCACUGCACUCCAGCCUGGGCAACAAGAGCAAAACUC,0
AAUAGGCCAGGUGCAGUGGUUCACACCUGUAAUCCCAGCAC,0
AUAAGGAGCUCAAACAACUCUACAAGAAAAAAACUAACAAU,0
CUCUCUAUUAUAGGUUUGUUUUCUAUUUCUUUAAUUUCUAU,0
ACUGAAAAAUAAAACUGCAUUGUAAAAAAAUCUGUUUGAUA,0
GGGAGGCUGAGUUGGGCAGAUCACCUGAGGUCAGGAGUUUG,0
CAGGGAACAGAAGAGUGGACUGAUGAGAUCUGGGUUUUGAG,0
UGGGGAUGUCCAUUUCCAGAUGUCAUGCUCGUAAUCCCUGC,0
GAUUGGUCUCUGAAUCUAUGUUACUCGACACUGUCCUUGGG,0
CAUCCACAUAAUUUUAAUGGUAAGCAAAAUAAAUUUAUAAU,0
GGAAACCUUCUUUCUUAGACUAUACCUACAUCAGAUUUUCU,0
AUAUUACUCUUUUGCUCAAAUGCUUUCAUAUCAUACUUUGA,0
UUUAGUCUGCUAUAGUUGAUUAUAUUCAUUAAUUUUUGAAU,0
AAUUUUCCUGGCCUUUAUGGUUUCCAUUGAGAAGUCUGUUG,0
CAAAAUGGCAGAAGAAAAGGUACUAGAAAGUGCCAGAAGGG,0
UGGCUCACUGCAACCUCCGCUUCCCAGGUUCAAGUGAUUCU,0
AUUAUAAGAAAGAGCAAUUCUGGCCAGAUGCAGUGGCUCAC,0
AAUUUUACUUCUUUUAGAGAUUGAUUUGGCUUCCCUCAAUU,0
CAAGACAUUUAUAUUUACCUUUCCUUUUCUAUUCAUGAGAG,0
AAUGUGGUGAUAGUUUAAUUUGACAGUUUAUUUGGUUAGAG,0
AAUUCAGUGAAGUUGCAGAAUACAAAAUCAACAUACAAAAA,0
UUUGUUUCCUGACUUUUUAAUGAUCACCAUUCUAACUGGUG,0
CCCACAUUUUCCUGUCUUCUUCUGAGCCCUCCAAACUGUUC,0
AUUUGCCAGGCAACUUAAGCUGUGGUCACAGGUUGGGAGAG,0
CACUGAAUGUCUGCCUGAUGUGAUUCCUACCCACCUGAUGG,0
CUGCCAACUGAAACAGCUUGUUUGGGGCUCAUUUUUCAUUA,0
AUCCAUUGCAUACAGAUGAUUUUGUAAAAUAAAAUGAAAGA,0
ACGGUGGUUUUUGUCCAAGGUCGCUGUCUACCUUCACCCUA,0
UGAUUGAGAAGUUAAGCGUCUCAUUAUACAGCAUCUAUCUU,0
AUGCUGUGAUUUGCGUCUAUUCUUUGCUCAUUCUCUUUCAU,0
GAAAGUUAAGUUUAGGAACCUCUGCUUUAAUGGUUAUUUCU,0
ACAUGUACAAUUCCAUAAGCUUUGAUAUAUACAUAUACACC,0
UCCCACCACCCUCCUACCUUUUCAUUAUCUAUGAAAAAAUC,0
CUUCUCUCUAAGGAGCUGGCUCUCCACCGUACUCUAGGUGG,0
AUAUCACUACCAGAUGGCUUUAUUCUGGUUAUCUUCCAAUU,0
AGAGCUGUCAUAAUAUUUGAUGACUAUAAAUGUAAAUUCCA,0
CUUAGCCUGCUACUGCAUUAUAAUUUGCGUAUAAUGAGCAG,0
UGAGAUGGAGUCCCACUCUGUUGCACAGGCUGGAGUGCAGU,0
UGUUCUCCCAUCCUUUAAGUUGUCUCUUCACUAUGUUGAUU,0
UGUUUCGAUCAUGAAGUCUUUGCCCAUGCCUAUGUCCUGAA,0
GCCACAACACCCGGCUAAUUUUUUUUUUUUGUAUUGUUAGU,0
CACAGAGCAGGGAGAGGGGCUUCAGCUGUCACUCAGAGUUA,0
AAUCACGGCUCACUGUAGCCUCGACCUCCUAGGCUCAAGUG,0
AUCCCAGCUACUUGGAAGGCUGAGGCAAGAGAAUUGCUUGA,0
UGACAGACCAAUAUUCCCGAUGAACAUAGAUGUAAAAAUAC,0
UUAGUCCUUUCUCACACUGCUAUGAAGAAAUACCUGAGACA,0
GUAUUUGGGAAGAACACUAAUAAAUGCUGGUAAUUAAUUUG,0
UUGUCUUCCAUAGAGUUAUAUAAAUUUACUAGCAGUAUAAA,0
AAGCCAGCCAUCAGGGCAAGUGUUUUGAAUCUUAGCAAGUG,0
AUCCCUUGAGCCCUGAAGUUUGAGACCAGCCUGGGCAACAA,0
AAAUCUACUCUGUAAAUUAUUUUAUUUUAUUCAAUAAAUGA,0
CAGCUUUCCCAGUAAAAGGGUCCAAGGGUACUGGGUGGCAA,0
UUGUUCUUUUGGCUCAGGAUUGACUUGGCGAUGAGGGCUCU,0
GAGAUCACAGACUAUCUUGCUGAAAUAAGGCAGGCAGACAA,0
UCUAUAACACAAACAGUAACUUUGAACAAGUUACUCCCUCA,0
GAUCUCAUUGUGGCCCACUCUGAGGGAGAAACAAAAGUCCC,0
UUGCAAUUGCUUUUGUCAAUUGAAAGUUUUCAUCAUGAAAU,0
UUUGUUUCUCUCCAUGCAGUUAUAAGCUACAUGAGAGCAGG,0
CAUUUUCUUAAUCCAGUCUAUCGUUGUUGGACAUUUGGGUU,0
CCGAGAUUGCGCCAUUGCACUCCAGCCUGGGCAACAAGAGC,0
CACAAGGUGGGAGUUUGGUAUUGGUUACCUUGGGGAAUGCA,0
CAAAAUUUUAUAUAUAUAUAUAUAUAUAUAUAUAUAUAUAU,0
UAAUAUAUAAGUUGCCUUUUUUCCUUUUCUGUGGAGUACAU,0
GGCGGACUUUAUUGUGAUAUUAGUUGUUUUUUGCUUGUUUG,0
AGAACAUGCCUAGGUUAGCUUCAUGAAAGAUAAAAGGCACA,0
UGAAUUUAUUCCGUGCCUGCUUACUGUGUCAAAAUGUUUUU,0
UGGCAUUGAGUGUCUGUGGCUUUUCCAGGAGCACAGUGCAA,0
UGAUUGAUAGUGCUGUUGAGUUCAACUAUGUCCUUACUGAU,0
UUAGCCAGCGUGUGCUUUUAUUAUUCUUACUCCAUCCUAGU,0
UAUGACAUGCCUUGCCUUGUUCAUGAGACAAUUACCUUCCA,0
CUGAGGUGUCAGGGAGUGAGUGACACUCUACUAGCUCUGUC,0
ACUGAGAGGAAGUACAGUUCUCACAUUUAGUACCAAAAUAA,0
AGCUGCUCACUGAGCCAGCCUCAUGCGCCUGGUCCCCAGAC,0
GCAGCCUGUGUGAUUUGGAUUAACCCUUAUAUUAAGAACAG,0
AAACCUGCUAAGGUUUGGUCUAGCUGAGAGUCCAUGUUCUU,0
AUACAAUUAUAGCUUGUGCCUAUCCAAAGCUUUACUGUUGC,0
GUUUUUUGUUUGUUUUGUUUUUGUUUUUGUUUUUGUUUUGA,0
AACAUUCUUACACUGUUUCUUUCUCAUGUUUUGGGCUUAUC,0
UAUUGGAUUCUUACUAGCAGUGUGACCUUUCUUUCUGAGCC,0
ACUCGAAAACGAGGAUUUCCUUCGUUCCACACCCUGACUCU,0
CAACAAAAAGAUAAAAAGUAUAAAAAGAAAUAGAAAUUAUG,0
AUAUGUGGUGUUUGGUGUUUUGUUCUUGCGAUAGUUUACUG,0
UUCUGCAACUCGGACCACCCUUAGGUCAAAACUGGGAGGUG,0
CAUUCAGCAGGCACAGGCUAUUCUCUGAGGCAGCCAGGGUC,0
AUAAACCAGUCAUGGCGCCCUCUCCAAGUCCGGCAAUAAAA,0
GUCCAGUGCCCCAGUGUGGGUUCAACAGGAUAAAGUGUCUA,0
CCAUAUGAAGAUUCUCUUAUUCUCAUUUUUAAGGCAAAGAA,0
GACGCGCACACAGAGACACAUAGACACACGCACAGACACAC,0
UGGGUUAUUUUCAGAGUUGUUUGGUUUUUUAAACACUACUG,0
UGUCUGUCUUAUUCACUGCUUCAUUCCAUCUCCCAAAACAA,0
UGUUCACUCUGAUGGUAGUUUCUUUUGCUGUGCAGAAGCUC,0
UACACUCGCUGAAGCUGGCCUCCGACAGCUCACGCAGGGAU,0
ACCUGGGACCAGGCAGGAGCUGCAACCCUUGGGAACCUGUG,0
AACAUUCCCUUGGGAAGUGUUCACCUUACUUUGGUGCUAAG,0
AAAUAAAACAGAAUUAUCAAUCCAGACUGUAUAUCUAAUAA,0
GCCUCAAUUUCAGAACUUGUUAUUGGUGUAUUUAGAGAUUU,0
UUGAAGGAAAUUAGAAGUGCUACUCCAGUGAACAUAUGAAU,0
ACUGGCUGACCCAAAAUGAGUCACAUCUGCCAACUGGUGUG,0
ACAUCCUUUUAUGAUAAAAGUUCCACAAAUUAAGAAUAUAA,0
AGCACAUCAAAAAGCUUAUUUACCAUGAUCAAUUUGGCUUC,0
CCGUGCUAACAGCACCACAAUUACAAACAUCACCACAAUUC,0
AUUAAUGCAUGUUAUAAACUUAAGGUAGCUUCAGCAAAUAG,0
CUAACUAAAAUGUUUCCGGAUCUUUCUUUUGCUAUUUUACA,0
UUUAGACACCCAAUAUCUUGUUUACAUCAUGGACCUUGCCA,0
AGUCAAUGGACUAUUGACCCUACUUUCCUCAUCUCUAAAAU,0
UAUUGAAUAUGCGAUCUUCAUCCCAGAGUAAUGGGAAAAAA,0
UGGGAGGGAAAUAUACCAAAUAAAUACCUACCAUAAUGGAA,0
UUAUUUUAAGAAAGUAGAACUAUUCCAUAUGACUAAAUUAU,0
GAUUAUGAGCACCUGUGAUCUCAGCUACUCAGGAGGCUGAG,0
AUAUAAACAUACUUCACACAUUGACUAUGAGAGUAAUACCU,0
CACAGAGGGAGGAAGGAGCCUAUCCAGCCAGGAUGAUUAGA,0
UUUGAUUUAUUUCUUCCAAUUUGGAUACAUUUUAUGUCUUU,0
UAGCUGGGCGUGGUGGUGCAUGCCUGUGAUCCCAGCUCCUC,0
GCACUGAUUUCUGAGCUCCUUUCCUCUAUUUAACUUCUCCA,0
CCUAAAGGGAAUGUCUGCCCUCUGAGAAAGACAGUCAAGAG,0
CAUUUUUCUGUUUAUUUAUAUAUAUAUAUAUAUAUAUAUAU,0
AGUAGCUGGGAUUACAGGCGUGCGCCACCAUGCCUGGCUAA,0
UCUGCAGAUUCUGCCUCCAAUGAUUUAACCAACCAUGGAUG,0
AAGUUUCCUCAGCUGUCAGGUGUACGCAAAUCUUUUGAUCU,0
CCUCUGCAGCAGGGACCUUCUGCUUCCUGGUUGCCACGUGC,0
AGUGAAUACAAAACAAAAAGUUAUAACAGAGAUAAACGUUG,0
UCACAUGCGUCCAUUUUCCAUUCAUUUGGGGGUUUUUUAGU,0
UUAAGGUUCAUCUAGAUCUAUCUUGUGACAUGAAUCAGAAC,0
UGAUCUGACCUUUUUUUUUUUUUUUUUUGAGACAGAGUCUC,0
UUAGCACUCUCGGCUUUAAUUUAACCAAGUUAUGAGAUGCU,0
GCUGAGGCUGGAGAAUGGCUUGAACCAGGGAGGCGGAGGUU,0
AGCAUACAGAAAAUGUGAGCUACUGAUUCACUUGAACUAUG,0
AGUUUUUCAGAUCAUCUAUCUAAAAAUCACCUGGAAUGCUU,0
UUUUUUUUUUUGAGACAGAGUCUCACUCUGUUCUGUCACCC,0
ACACCAAUCAGCACCCUGUGUCUAGCUCAGGGUUUGUGAAU,0
AUAUUCGUGAUACUCUAGUGUACAUUUCUGUUACCAUCACC,0
AGAUGCUUUAUAUCUAAAGUUUUCAUUUAGAUUUAGCAGUU,0
AUUCUUUCUAUUUUAGUAUCUUUAACAGUGCUUUUCUUUAU,0
UAGAAAAUACAUUUAUCUUAUGACUCUCCUUUUCCGGAGUU,0
AAUGCUGGACAGUGAAAUUUUGCUUUCAUUUUAUACCCUGG,0
AAUAAUUAAAUAAAUCUUCAUUGGAAGCUAAAUGUGAGAAU,0
CUGGAUUGACUUUGGGGAUUUGAUGAAGAGGUAAGUCCUAC,0
AUGGGUGCUUUAAAGGAGCUUGCUGUCAAAUAUACCAGAUG,0
GGGAAUAGAGGAGCGCAAGCUUCUGAAUAGGGGAAGAGAAG,0
UCCCUAGAAGGUAUUCAUCUUGUAUAAUUGAAACUUGGCAC,0
GAAAAGCCAGUAUAUAUUUUUAAAGACAUCAGAAAGCUGUG,0
UGAACCUAGGUAGUUUAUGAUCCAGGUUGAUUAAAUUCAUU,0
GUUAGCAGUACAGAGCUACAUUUGUUCCGUGGGCUUCAAGU,0
GCCUCAGCCUCCUGGGUAGCUGGGAUUACAGGUGCACGCCA,0
AAUUCACAAUAGCAAAAUUGUGGAACCAACCCAAAUGCCCA,0
UCUUUAAGCUGUUGAAAUUGUCAAAGGCAGGCCACAGUCCA,0
GACUGCUUAGUAUUGUGAAGUGAUCUAUAUAUGUUGUAUAU,0
UUCAGUAGAGAGAACUAAUUUGAAACUUCUCCUUUCUUUUU,0
UUGAUCACUGUAACUGCAGUUAAGAGAAUAUCUUAGUUCUC,0
UCUCAGGAAUCUUUUGCAAAUUUAGGAAGCAACCUCUUCCU,0
AGGUCCCUCAGCAAUAUAACUCACAAACAUGUUCAGAAGCA,0
GCGUUUUCCCAGUGGCAGGUUGAUGGUGGGGUUUGUUUGGA,0
UGGGAAUCAAUCUGUAACACUGCUUUUAAACUAAGUGCUGU,0
AAACCUCUUGGGACACUCAGUAUAUUCAACACGAUGAAGUA,0
UGCCACUCAUCUUAUUAGCUUACAAAAGACACUCUUAUCAC,0
AACUUAACCAUAUAAAGAAUUCAAAUGUUCUUGUCAUGAGU,0
GGCGGGCAGAUCUCUUGAGGUCAGGAGUUCAAGACCAGCCU,0
UUUGAACUUAAAAUUCACAAUUUUUUAAGAUUCUUCAUUCU,0
UCCAGUUCCCUCAAAAACUAUUAUUCUGACAUUUUAUUUUC,0
UGAACAAACACAAGAACAUAUUAAUUUCUGUAAAAAAUAAU,0
AACUGGGCAACGCUAGUCUCUUUCUGUUUAUCUGUCCUUUU,0
UUUUCUGUAUUUUCCAAAGUUCCAGAAUGAUAAAGGAUUAC,0
AUACCCAGUUUGUGAUAUUUUGUUAGAGCUAUCUGAAUGGA,0
AAUGUUGUCCCCCAGGUCAAUUCUUAAAAUAUGAAUAAGUC,0
UUUUGUGUUUGAAUCAGGGCUUAGAAAACUUUGUCACUAAA,0
GCUAUUUUCAAUUGGUUUUCUUUAAUUACUCAUGAGCCUAA,0
CUUCACAUACUGACUUUACAUAGUUUAUAUAUAAUAGUUUG,0
AAACAAAGAGCAUUUUGAAAUAAGAUUUCCACUUUGUUAUU,0
GAACACUAUCCUUCAAGGUAUAAGCUCUCUAGAAGAAAGCA,0
ACCCUUCCCCACCUGCGCGCUUGCUUAACCUGCACUUCCUA,0
UAUAUAUAUACUUUAAGUUCUAGGGUACACAUGCACAACGU,0
CUUCUUUGUCUUCUCAGUUCUAGCUCGGUGACACAUAGUAG,0
CCUCCCUUUUGAAUUUCUUCUGUCUCUUUUCUAACUUGCUG,0
UUGGCUAACUUUUCUUGAUUUGUGCUGUUGGUUAAUCUGAA,0
ACGGAUUCACAGCCGAAUGCUACCAGAGGUACAAAGAGGAG,0
GAAUAAUAGUGCAGUGAGUUUUCCUAGAAUCCAUCUAGGAG,0
CAAAAGUGGAGGGGAAGGAAUUUGGAUGAGAGGGAUUCCAC,0
AGUUUCUUCUUUCAAUUUUUUGAGUUGGCUUUUGCAAGAGG,0
UGUCAAAUAUUGCCAUUUAGUAGCAUAAGGAAGUAUUCUCU,0
CCACACCCAGCUAAAUUUUGUAUUUUUAGUAGAGAUGUUGG,0
GUAUUUUUUGUAGAGACCGGUUUUGCCAUGUUGUCCAGGCU,0
UUCUUCAUUCUUUUUUUCUCUUUUUCCCAGACUAGACAAUU,0
ACAGAAGAUAACUUGAGGUUUGGCGGCAUUAAGUAACGGCC,0
AAUAGCCACUUUGCUUGCUUUCUCACAUCUCCCUGAGGUCU,0
GCAACAACACAACCAGCUAAUUUUUUAUUUUUUGUAGAGGA,0
CAGAACUUUCACAUUAGGAUUUAUUCGUCUCUUUUGCCCAG,0
AGGAGGCUGAGGCAGGAGAAUGGCGUGAACCCAGGAGACGG,0
AAAAGUCGUUCCCAAAUGUUUGUAAAUCCUCCGUUGGGCAA,0
UUGAUUUGCUUGAACGUCUUUGUGUCCUGCUAAACCAGAAG,0
UCUUCUUUAAUGAGGUAAGAUUAAUAUAUAACGUAGAAGUA,0
UACUCUUUUCUCUGGGCCCCUCAGUGGGCUCUUCUUCCCCU,0
GUAGGGACGAGGUCUCUAUAUGUUGCCCAUUGUGGUCUCAA,0
CUAAGAAAAAAGAAAGACGAUCCAAAUAAAUAAAAUCAGAA,0
UGGGCAACAGAGUGAGACUCUGUCAAGAAAGAAAGGAAAGA,0
AUUUCAUUCUUUUGCAUAAGUAUAUUCAGUCUUUCUAACAC,0
UAGAGGAUAACAUUAUUUACUCAAAUAAAAAUAACUGUUGA,0
UUAGCUUCUGUAUUAGCAAAUGUAAGGUCAGAUUGUUUGGU,0
ACAAUCAAGAUAAUGAGUAUUUUCAUCACCUCAAAGUUUUU,0
AUAAGGAGUAAAUAAAUUAGUUUGUGCUGAGUGCCUACAAC,0
CGCGCCAUUGCACUCCAGCCUGGGCAACAAGAGUGAAACUC,0
UAAUCCAAAUCAGUUGGUAGUACUUUAAGUUAUCCCCAUAA,0
AGAAACAGGGUCUCGCUAUGUUGCCCAGGCCGGUCUCUCAA,0
UUGAUUUCAAAAGAAAUUUGUUCCUCGACAAUACACAGAAA,0
AAACCACGGAGUGAAGGAAGUGGCACAACAUCUUUUAAGUA,0
CUUGUCCCUGAUUUCAGAUUUGUACAUAUAUAGCACUGAAA,0
CUUGGAUGCCAGGGAGUGAGUAUGGGGCUGGAGGUGUGUGG,0
UGAUACUGCCAUUUUGUUACUAGAUGUUCUGUAGCUCCUCU,0
UGUGGUCUAGGUCUGGGGGAUGCAAUAUGCUAGUAUCAUCA,0
AUGUUUGCAUCUUUGCUGUCUGCUCCUAUGACCUAAACAAG,0
CACCUGCAUUCAUAUGUUUAUUACAGCACUAUUCUCAGUGG,0
UUACCUCUACUUCUAAUUUAUAAAGAGAUUGCAUAGAAUUU,0
UGGUUUACUAUUUUUCUAGUUAGAGGCAGCUCUGAUGGCUC,0
AAGAUUAGUAAGUGUUCGAUUUAAUAAAACAUUCAGUAAUU,0
AAUGUGCUGAGAUAACUGACUUUAUGUUUUAAAACAUUCUU,0
CAUGUUGGCCAGGCUGGCAUUUACAUAUUUUUAAGUUAAAA,0
AUGUUUACUGAUAUAACUUUUUUCCAUUCCUUUGUUUUUAG,0
CUUGAGAAUAUUGUUCACAUUGAUCACCACUUCAGCCCAUU,0
CAGGCUGGAGUGCAAUGGCGUGAUCUCAGCUCCCUGCAACC,0
AUAAUACAAUUGGGUUAAAUUUAAAACUAAAAAGCAGAGCC,0
AGAAAUCCUGGAAAUACAACUUAGUGGAUGAGGCAGAUGGC,0
CUGGGAUGAGGAGAUCAAGCUGGUGCUCAGCCCCAGCAAGG,0
GCCAAUCAGAAAUCUUUGAUUCCACCUAUGACCUGGAAGCC,0
GUGGUGAUUCAAGAGUGUGAUUAGUAUGAUUUUGUUUUUUU,0
GAGGGAGCCGGCUCUGGCCUUGGCCAGCCCAGAAAGGGGCU,0
CUAAUUAGUCCUAUCACUGUUUUAUAUAUUAUAGAUUUAUU,0
AAUGAGAGAGAAGAAUCAAUUCAGCCACUCAAACAGUUUUG,0
AUUGUUUUAACAUUAGGACAUAGCUGUUUUCCUAUACUGCA,0
GGUGACAGAGUGAGACUCCGUCUCAAAAAAUAAAUAAGUAA,0
CAGCAAAGGAAUCCAAUCUCUUUCCCAAAGUAAAUUUUUUU,0
UCAUUUCUCCCUUUCCCUGUUCUGUAGUCAUAGAGCAAUUC,0
UUGGCUAGGUGCUGGCUGGCUUAGGAUAACUGUGAUGGGAA,0
UUCAGCCAUGGUGCUGCUCUUCACUUUAAAGGAAGUGUCUU,0
GUUUUGCUUGUAUUGUCUGCUCUGCUGAAAGGCAGAUUUUU,0
CAUCCCCAGCCCACUUCCACUCUGAGCUCUUAACUGGAAGG,0
GUUAGGAUUCUCAAAUUUAUUCUAAAAGUCUUGAAUCUUCU,0
AUGAUCAAGGCCGGGCACAGUGGCUCACACCUGUAAUCCCA,0
AGCCUGUAAUCCCACCACUUUGGGAGGCCUUGACAGGCAGA,0
UAGGUUUUGCUGCCUAGGGGUUAUGAAAAUUUUUUUGGUCG,0
GCAACGUGAAAAUGGACAAAUACAGUAAAUCGGUACCAGUA,0
UUUUCCUGCUGUCUUAGAAUUUCAGCUAAUGCCAUUCUAAA,0
AGAUGAACUUCUCUUACUACUGAAGGAAGUAGAACAAAACA,0
AAUUAACAUAGCCUGCCAAAUUCUAAAAGAGGACACUUAAU,0
UUAAAAGCAAGUGAUUGAGCUCUCAGCACGUGUUAAGUUGG,0
AGGCCAAGGUGGUCUGAUUAUGAGGUCAAGAGAACAAGACC,0
AUAAGAUACAAAAGGCAAAAUGUUUCCUUUACCCAUGAUCC,0
AGAAUAAUUUAUCCAAGAAAUUUGUUAUGUUAGAAUUACCA,0
CGUGCUGAUGCCUUUACAUAUCUAAAAAUUUGUUCAUCAAC,0
AUGCCAUGGCACACUUUUUUUUUUUUUUUUUUUGAGACAGU,0
UUUUUCUGGGAUUUCCCCCCUCAUCAAGCUGCCAUUUACUU,0
GAGUCAGCCCUCUUGGCCCUUUCUUGGUCUCAUCUCCCUUC,0
UCGAUCCAAGUUCUAGCAACUUGGGUUACUAGAACUCUGGA,0
ACGCUUCUAUUCUGCAACCUUGGUCUGCCUCCUCCCCUGCU,0
UCCUAUUUUUUCUUUGUCCUUUCAGUUUGAGUCAUUUCUAU,0
ACAUCUGCUCAUGUACCCUCUCCCUGCGUCUUCUUUAAUUU,0
UUCCAUCACAAAAUGAUCCGUGCCUGCAUUUCCAGGAGGGU,0
UGGGACUCCUGCUUUCCAUUUCGAGGAACUGCUGGACUAUU,0
UUAUUCAGUCAGUCAAUCUUUAACUCAUUUAUUCUUCAAGG,0
AAGGCUUUGCCCAAGAAGUGUUGUGGCCAUUGUGUUUAACC,0
UCUCUGCAUUUCAAAUCCCUUGCUGGUAUACAAGGAAAGAC,0
UUUCAUUAUUUUUUUGAACGUAUUCAUAAUAGCUGCUUUAA,0
GGAUGUAAAUGGGGUGAGGCUCAGAAGAUCUAUGUAACUUG,0
AAAGACAAGGGUGAGCAUCUUUCACAUCAAUCUUGGAGGAA,0
CUCUGUCGCCCAGGCUGGAGUGCAAUGGUGAGAUCUCUGCU,0
UUGGGCUGAGACAAUGGGGUUUUCUAAAUAUACAAUCAUGU,0
AUCCUCACCACCUCAGCCUCUCGAGGAGCUGGGACUACAGG,0
CCAAGACCGUUAAGGCACAGUCCUUUCUUUGAGAAGCUCAC,0
AGUAGCUGGGAUUACAGGCAUGCGCCACCUCACGUGGCUAA,0
CCUAGAGUGCGUUUUGCUUAUGAAGUGUCAGAUGCAAAUGC,0
AACUCCAGAGAAGAAUUAAUUUUCUUGUCUUUUCUAGAUGC,0
AGCUUGCUCUCUUUGGUCAUUCUGGAGCAGUUGGUGCAGAC,0
GGAUGUAAUUCUGGGUGGGCUGAAGGUACUGAGCAGGUAAU,0
CAAUUCAAAUGGUAGCAGAUUUCUCAUCAGAAACCAGGCAG,0
AGGUUAGUGUCCCCUAAAAUUUAUAUGUUAGGACCAAAUAU,0
GCUUUUUCUCACCUAUAAAAUGACCUAUUGUGUACAAUGAA,0
CAAAGUGUCCAAUGACUUAUUUAUAAAAAUGAAAGAACUGA,0
CCCUGGCCUUGCCUGCCCCUUCUGCUUGAUCUCUGUCUACU,0
CCAGCUAAUUUUUGUGUUUUUAGUAGAGACGGGGUGUCACC,0
UAGCUUUCUUGGUCUUACUUUUCCAAAAAGGAAACCUCCAA,0
CCCCACCUGUAGGUCACCAAUAUCAAAGACCAAAGGUAGAU,0
AACAAACAAACAAUAAAUGCUUACUUGUUAUUACUAAAAGC,0
GUAAAUUUAAUCUAGCAAAAUAGAAAAAUUGUAAUACAUCU,0
AAGCUUCUGUGUCAGAAAACUCCUAGAGUGUGCUGUACCCA,0
UGGCCAGAUCCAGACCCAUGUUGGCCGUGGCCCAAAGACUG,0
AUUUAUUUGAUUUACAUGCGUAAAUGCUUCAAAGAUCUAUU,0
CUCCAGCCUGGGCAACAGAGUGAGACUCCGUCUCAAAAAAA,0
GUCUCUGGAUUUUGUUGUUGUUAUCUAAAAAUCUCAGAACC,0
UUUAAAUAUGAAUCAUUCAGUAUUUGCUUCCCAGAUUUUUU,0
GACAUGUCUCACAUACACUCUGGUUUACAGUGUAAUCAAAA,0
GUCUUGAUGGUAUUACGUAAUUAUAUAAACCUUUUGCAUGG,0
UCAUUCAUUUAUCCAUUCAUUUCUUCAUUCAAUAUUUAUGA,0
UCAGACCUUAGACUUUUCUUUGAUUGGAGUCUUUUUUAUUA,0
UGACCAAAAGCCAUUAUGCUUGUCUAAACUUACAUGGAAUC,0
UGAGUGCCACCAUGCCCGGCUAAUUUUUGUAUUUUUAGUAG,0
ACAUUUCUUCAAUAUAUUGAUUUCCUUUCUUUUGGGUAUAU,0
AGACAAAGAAGGACAUUACAUAAUGGUAAAGGGCUCAAUUC,0
UGUUAUGCAGCAAUAGAUAAUUUAUAUAUAUAUAUAUGACA,0
AUUUAAAUACUUUUAAAUGGUUUCAAGAAUAUCUUCCAAUC,0
AAUCCUAGCACUUUGGGAGGUUGAGGUGGGAGGAUUUUUGA,0
